customer_id,first_purchase,last_purchase,frequency,monetary,average_order_value,recency_days,tenure_days,r_score,f_score,m_score,rfm_score,business_segment,kmeans_cluster
12346,2011-01-18 10:01:00,2011-01-18 10:01:00,1,77183.6,77183.6,326,0,1,1,4,6,High Value,1
12347,2010-12-07 14:57:00,2011-12-07 15:52:00,7,4310.0,615.7142857142857,2,365,4,4,4,12,Champions,1
12348,2010-12-16 19:09:00,2011-09-25 13:13:00,4,1797.24,449.31,75,282,2,3,4,9,At Risk,1
12349,2011-11-21 09:51:00,2011-11-21 09:51:00,1,1757.55,1757.55,19,0,3,1,4,8,New / Promising,0
12350,2011-02-02 16:01:00,2011-02-02 16:01:00,1,334.4,334.4,310,0,1,1,2,4,Other,0
12352,2011-02-16 12:33:00,2011-11-03 14:37:00,8,2506.04,313.255,36,260,3,4,4,11,Loyal Customers,1
12353,2011-05-19 17:47:00,2011-05-19 17:47:00,1,89.0,89.0,204,0,1,1,1,3,Other,0
12354,2011-04-21 13:11:00,2011-04-21 13:11:00,1,1079.4,1079.4,232,0,1,1,3,5,Other,0
12355,2011-05-09 13:49:00,2011-05-09 13:49:00,1,459.4,459.4,214,0,1,1,2,4,Other,0
12356,2011-01-18 09:50:00,2011-11-17 08:40:00,3,2811.43,937.1433333333333,23,302,3,3,4,10,Loyal Customers,1
12357,2011-11-06 16:07:00,2011-11-06 16:07:00,1,6207.67,6207.67,33,0,3,1,4,8,New / Promising,1
12358,2011-07-12 10:04:00,2011-12-08 10:26:00,2,1168.06,584.03,2,149,4,2,3,9,New / Promising,1
12359,2011-01-12 12:43:00,2011-10-13 12:47:00,4,6310.030000000001,1577.5075000000002,58,274,2,3,4,9,At Risk,1
12360,2011-05-23 09:43:00,2011-10-18 15:22:00,3,2662.06,887.3533333333334,52,148,2,3,4,9,At Risk,1
12361,2011-02-25 13:51:00,2011-02-25 13:51:00,1,189.9,189.9,287,0,1,1,1,3,Other,0
12362,2011-02-17 10:30:00,2011-12-06 15:40:00,10,5226.23,522.6229999999999,3,292,4,4,4,12,Champions,1
12363,2011-04-11 13:29:00,2011-08-22 10:18:00,2,552.0,276.0,110,132,2,2,2,6,Other,0
12364,2011-08-19 15:24:00,2011-12-02 10:22:00,4,1313.1,328.275,8,104,4,3,3,10,Loyal Customers,1
12365,2011-02-21 13:51:00,2011-02-21 14:04:00,2,641.38,320.69,291,0,1,2,2,5,Other,0
12367,2011-12-05 16:48:00,2011-12-05 16:48:00,1,168.9,168.9,4,0,4,1,1,6,New / Promising,0
12370,2010-12-14 12:58:00,2011-10-19 14:51:00,4,3541.9399999999996,885.4849999999999,51,309,3,3,4,10,Loyal Customers,1
12371,2011-10-11 10:43:00,2011-10-26 10:16:00,2,1887.96,943.98,45,14,3,2,4,9,New / Promising,0
12372,2011-02-16 12:46:00,2011-09-29 12:12:00,3,1298.04,432.68,72,224,2,3,3,8,At Risk,0
12373,2011-02-01 13:10:00,2011-02-01 13:10:00,1,364.6,364.6,311,0,1,1,2,4,Other,0
12374,2011-11-14 15:37:00,2011-11-14 15:37:00,1,742.9300000000001,742.9300000000001,25,0,3,1,3,7,New / Promising,0
12375,2011-09-02 14:23:00,2011-11-29 10:36:00,2,457.5,228.75,11,87,4,2,2,8,New / Promising,0
12377,2010-12-20 09:37:00,2011-01-28 15:45:00,2,1628.12,814.06,315,39,1,2,3,6,Other,0
12378,2011-08-02 10:34:00,2011-08-02 10:34:00,1,4008.62,4008.62,130,0,2,1,4,7,High Value,0
12379,2011-06-22 16:32:00,2011-09-19 10:09:00,2,852.24,426.12,82,88,2,2,3,7,Other,0
12380,2011-06-07 09:49:00,2011-11-18 11:27:00,4,2724.81,681.2025,22,164,3,3,4,10,Loyal Customers,1
12381,2011-08-12 09:57:00,2011-12-05 12:44:00,5,1845.31,369.062,5,115,4,3,4,11,Loyal Customers,1
12383,2010-12-22 14:28:00,2011-06-08 08:02:00,5,1850.56,370.11199999999997,185,167,1,3,4,8,At Risk,1
12384,2011-08-10 11:23:00,2011-11-11 08:39:00,2,585.27,292.635,29,92,3,2,2,7,New / Promising,0
12386,2010-12-08 09:53:00,2011-01-06 12:37:00,2,401.9,200.95,338,29,1,2,2,5,Other,0
12388,2011-01-17 11:12:00,2011-11-24 12:30:00,6,2780.66,463.4433333333333,16,311,4,4,4,12,Champions,1
12390,2011-09-21 09:33:00,2011-09-21 09:33:00,1,549.84,549.84,80,0,2,1,2,5,Other,0
12391,2011-11-18 12:07:00,2011-11-18 12:07:00,1,439.66,439.66,22,0,3,1,2,6,New / Promising,0
12393,2011-01-11 09:47:00,2011-09-28 15:41:00,4,1582.6,395.65,72,260,2,3,3,8,At Risk,1
12394,2011-05-06 14:01:00,2011-10-07 08:08:00,2,1272.48,636.24,64,153,2,2,3,7,Other,0
12395,2010-12-03 16:35:00,2011-11-20 15:21:00,12,3018.63,251.5525,19,351,3,4,4,11,Loyal Customers,1
12397,2011-07-27 14:21:00,2011-11-04 09:52:00,2,2409.8999999999996,1204.9499999999998,36,99,3,2,4,9,New / Promising,1
12398,2011-10-25 10:27:00,2011-10-25 10:27:00,1,1635.6599999999999,1635.6599999999999,46,0,3,1,3,7,New / Promising,0
12399,2011-03-23 09:42:00,2011-08-12 13:15:00,4,1108.65,277.1625,119,142,2,3,3,8,At Risk,0
12401,2011-02-09 13:50:00,2011-02-09 13:50:00,1,84.3,84.3,303,0,1,1,1,3,Other,0
12402,2011-01-20 13:49:00,2011-01-20 13:49:00,1,225.6,225.6,323,0,1,1,1,3,Other,0
12403,2011-10-21 10:51:00,2011-10-21 10:51:00,1,427.70000000000005,427.70000000000005,50,0,3,1,2,6,New / Promising,0
12405,2011-07-14 08:52:00,2011-07-14 08:52:00,1,1710.39,1710.39,149,0,1,1,4,6,High Value,0
12406,2011-06-09 10:23:00,2011-11-17 19:22:00,2,3415.3,1707.65,22,161,3,2,4,9,New / Promising,1
12407,2011-03-20 13:21:00,2011-10-21 10:11:00,5,1708.12,341.62399999999997,50,214,3,3,4,10,Loyal Customers,1
12408,2011-03-24 14:46:00,2011-11-07 12:27:00,5,2888.55,577.71,33,227,3,3,4,10,Loyal Customers,1
12409,2011-06-10 12:19:00,2011-09-22 10:38:00,3,11072.67,3690.89,79,103,2,3,4,9,At Risk,1
12410,2011-02-04 10:38:00,2011-02-04 10:39:00,2,693.33,346.665,309,0,1,2,3,6,Other,0
12412,2011-06-23 13:51:00,2011-09-26 10:16:00,3,1226.88,408.96000000000004,75,94,2,3,3,8,At Risk,0
12413,2011-01-06 16:12:00,2011-10-04 09:00:00,3,758.1,252.70000000000002,67,270,2,3,3,8,At Risk,0
12414,2011-02-02 14:51:00,2011-05-06 14:51:00,3,562.41,187.47,217,93,1,3,2,6,At Risk,0
12415,2011-01-06 11:12:00,2011-11-15 14:22:00,21,124914.53,5948.310952380953,24,313,3,4,4,11,Loyal Customers,1
12417,2010-12-17 11:51:00,2011-12-06 14:52:00,9,3649.1,405.4555555555555,3,354,4,4,4,12,Champions,1
12418,2011-08-19 11:08:00,2011-08-19 11:08:00,1,668.58,668.58,113,0,2,1,3,6,Other,0
12420,2011-10-07 08:55:00,2011-10-07 08:55:00,1,600.39,600.39,64,0,2,1,2,5,Other,0
12421,2011-01-24 15:09:00,2011-11-24 09:07:00,4,807.04,201.76,16,303,4,3,3,10,Loyal Customers,1
12422,2011-01-19 09:13:00,2011-09-05 09:48:00,3,803.56,267.8533333333333,96,229,2,3,3,8,At Risk,0
12423,2010-12-21 10:54:00,2011-12-09 10:10:00,8,1859.31,232.41375,1,352,4,4,4,12,Champions,1
12424,2011-06-30 12:06:00,2011-06-30 12:06:00,2,1760.96,880.48,163,0,1,2,4,7,High Value,0
12425,2011-09-22 17:31:00,2011-09-22 17:31:00,1,777.2,777.2,78,0,2,1,3,6,Other,0
12426,2011-05-29 12:26:00,2011-05-29 12:26:00,1,582.73,582.73,195,0,1,1,2,4,Other,0
12427,2010-12-03 10:44:00,2011-11-18 08:56:00,3,825.8,275.26666666666665,22,349,3,3,3,9,Loyal Customers,1
12428,2011-03-01 09:33:00,2011-11-14 08:22:00,9,7956.46,884.0511111111111,26,257,3,4,4,11,Loyal Customers,1
12429,2010-12-09 12:05:00,2011-11-30 17:22:00,4,3750.4,937.6,9,356,4,3,4,11,Loyal Customers,1
12430,2011-10-27 15:09:00,2011-10-27 15:09:00,1,256.4,256.4,43,0,3,1,1,5,New / Promising,0
12431,2010-12-01 10:03:00,2011-11-04 11:55:00,15,6419.95,427.99666666666667,36,338,3,4,4,11,Loyal Customers,1
12432,2011-06-20 13:27:00,2011-10-28 11:43:00,5,5059.32,1011.8639999999999,43,129,3,3,4,10,Loyal Customers,1
12433,2010-12-01 13:24:00,2011-12-09 10:02:00,7,13375.87,1910.8385714285716,1,372,4,4,4,12,Champions,1
12434,2011-03-24 13:05:00,2011-09-16 12:38:00,2,806.14,403.07,85,175,2,2,3,7,Other,0
12435,2011-03-17 07:40:00,2011-09-21 09:06:00,2,7829.89,3914.945,80,188,2,2,4,8,High Value,1
12436,2011-09-01 12:09:00,2011-09-01 12:09:00,1,509.01000000000005,509.01000000000005,100,0,2,1,2,5,Other,0
12437,2011-01-12 14:13:00,2011-12-08 11:35:00,18,4951.41,275.0783333333333,2,329,4,4,4,12,Champions,1
12438,2011-07-22 13:29:00,2011-11-25 13:28:00,2,2906.85,1453.425,14,125,4,2,4,10,New / Promising,1
12441,2010-12-08 10:45:00,2010-12-08 10:45:00,1,173.55,173.55,367,0,1,1,1,3,Other,0
12442,2011-12-06 14:22:00,2011-12-06 14:22:00,1,172.06,172.06,3,0,4,1,1,6,New / Promising,0
12444,2011-06-21 14:00:00,2011-11-18 13:23:00,5,5005.46,1001.092,21,149,3,3,4,10,Loyal Customers,1
12445,2011-11-17 18:43:00,2011-11-17 18:43:00,1,133.4,133.4,22,0,3,1,1,5,New / Promising,0
12446,2011-10-13 12:50:00,2011-10-13 12:50:00,1,1002.3100000000001,1002.3100000000001,58,0,2,1,3,6,Other,0
12447,2011-04-10 13:25:00,2011-04-10 13:25:00,1,476.49,476.49,243,0,1,1,2,4,Other,0
12448,2011-10-26 13:46:00,2011-10-26 13:46:00,1,449.45,449.45,44,0,3,1,2,6,New / Promising,0
12449,2011-06-05 15:37:00,2011-11-17 13:46:00,4,4067.29,1016.8225,22,164,3,3,4,10,Loyal Customers,1
12450,2011-06-19 14:36:00,2011-07-06 14:41:00,2,197.88,98.94,156,17,1,2,1,4,Other,0
12451,2011-01-19 09:05:00,2011-11-29 08:40:00,5,9035.52,1807.104,11,313,4,3,4,11,Loyal Customers,1
12452,2011-11-23 08:05:00,2011-11-23 10:28:00,2,430.57,215.285,17,0,4,2,2,8,New / Promising,0
12453,2011-07-28 14:08:00,2011-07-28 14:08:00,1,707.09,707.09,134,0,2,1,3,6,Other,0
12454,2011-10-14 17:13:00,2011-10-14 17:13:00,1,3528.34,3528.34,56,0,2,1,4,7,High Value,0
12455,2011-02-16 09:56:00,2011-09-27 15:31:00,6,2466.86,411.1433333333334,73,223,2,4,4,10,At Risk,1
12456,2011-03-30 09:12:00,2011-10-26 14:41:00,3,3181.04,1060.3466666666666,44,210,3,3,4,10,Loyal Customers,1
12457,2011-04-14 18:57:00,2011-10-04 13:13:00,7,2363.23,337.6042857142857,66,172,2,4,4,10,At Risk,1
12458,2011-02-28 10:55:00,2011-09-29 15:25:00,2,947.4000000000001,473.70000000000005,71,213,2,2,3,7,Other,0
12461,2011-07-08 10:23:00,2011-09-06 16:57:00,2,826.88,413.44,94,60,2,2,3,7,Other,0
12462,2011-02-09 14:44:00,2011-11-21 09:11:00,2,1189.5900000000001,594.7950000000001,19,284,3,2,3,8,New / Promising,1
12463,2011-04-12 12:47:00,2011-10-17 13:44:00,4,1344.78,336.195,53,188,2,3,3,8,At Risk,1
12464,2011-02-03 13:30:00,2011-11-29 13:33:00,8,1212.05,151.50625,10,299,4,4,3,11,Champions,1
12465,2011-06-23 13:37:00,2011-11-22 16:34:00,2,742.19,371.095,17,152,4,2,3,9,New / Promising,0
12468,2011-01-27 13:29:00,2011-06-05 11:36:00,2,729.5400000000001,364.77000000000004,188,128,1,2,3,6,Other,0
12471,2010-12-10 09:35:00,2011-12-07 15:43:00,30,19788.65,659.6216666666667,2,362,4,4,4,12,Champions,1
12472,2010-12-05 14:19:00,2011-11-07 14:01:00,7,6572.110000000001,938.8728571428572,32,336,3,4,4,11,Loyal Customers,1
12473,2011-06-01 10:15:00,2011-11-10 13:46:00,5,3928.05,785.61,29,162,3,3,4,10,Loyal Customers,1
12474,2011-01-14 10:06:00,2011-11-22 14:39:00,18,7324.09,406.8938888888889,17,312,4,4,4,12,Champions,1
12475,2011-10-17 10:10:00,2011-10-17 10:10:00,1,723.38,723.38,54,0,2,1,3,6,Other,0
12476,2010-12-13 14:39:00,2011-11-24 12:40:00,11,6816.42,619.6745454545454,16,345,4,4,4,12,Champions,1
12477,2011-02-11 12:45:00,2011-11-17 09:51:00,6,13219.739999999998,2203.2899999999995,23,278,3,4,4,11,Loyal Customers,1
12478,2011-12-06 09:56:00,2011-12-06 09:56:00,1,680.99,680.99,4,0,4,1,3,8,New / Promising,0
12479,2011-11-28 13:26:00,2011-11-28 13:26:00,1,527.2,527.2,11,0,4,1,2,7,New / Promising,0
12480,2011-01-07 15:27:00,2011-11-11 14:52:00,4,3281.63,820.4075,28,307,3,3,4,10,Loyal Customers,1
12481,2010-12-09 10:13:00,2011-11-17 08:29:00,10,5579.82,557.982,23,342,3,4,4,11,Loyal Customers,1
12483,2011-01-04 14:20:00,2011-11-22 17:02:00,8,2484.98,310.6225,17,322,4,4,4,12,Champions,1
12484,2011-01-07 14:04:00,2011-11-07 11:37:00,6,4527.32,754.5533333333333,33,303,3,4,4,11,Loyal Customers,1
12488,2011-09-25 10:34:00,2011-11-30 08:50:00,3,1298.66,432.8866666666667,10,65,4,3,3,10,Loyal Customers,1
12489,2011-01-07 13:13:00,2011-01-07 13:13:00,1,334.93,334.93,336,0,1,1,2,4,Other,0
12490,2011-01-14 09:13:00,2011-12-04 16:07:00,10,5417.93,541.793,5,324,4,4,4,12,Champions,1
12491,2011-11-01 12:18:00,2011-11-01 12:18:00,1,460.40000000000003,460.40000000000003,39,0,3,1,2,6,New / Promising,0
12492,2011-08-26 14:51:00,2011-10-07 15:15:00,2,263.21000000000004,131.60500000000002,63,42,2,2,1,5,Other,0
12493,2011-05-26 14:53:00,2011-06-27 10:17:00,2,433.74,216.87,166,31,1,2,2,5,Other,0
12494,2010-12-09 11:31:00,2011-11-24 09:34:00,7,1246.1000000000001,178.01428571428573,16,349,4,4,3,11,Champions,1
12497,2011-09-19 12:29:00,2011-09-19 12:29:00,1,1043.1,1043.1,82,0,2,1,3,6,Other,0
12498,2011-10-13 09:30:00,2011-11-18 12:53:00,3,403.70000000000005,134.5666666666667,21,36,3,3,2,8,Loyal Customers,0
12500,2011-01-10 09:48:00,2011-11-16 16:20:00,11,4257.82,387.07454545454544,23,310,3,4,4,11,Loyal Customers,1
12501,2011-01-07 12:28:00,2011-01-07 12:28:00,1,2169.39,2169.39,337,0,1,1,4,6,High Value,0
12502,2011-02-03 10:41:00,2011-09-05 11:52:00,5,3723.87,744.774,96,214,2,3,4,9,At Risk,1
12504,2011-11-09 14:56:00,2011-11-21 16:02:00,2,482.04999999999995,241.02499999999998,18,12,4,2,2,8,New / Promising,0
12506,2011-04-21 08:54:00,2011-04-21 08:54:00,1,73.5,73.5,233,0,1,1,1,3,Other,0
12507,2011-02-14 09:24:00,2011-07-28 17:09:00,3,1304.81,434.93666666666667,134,164,2,3,3,8,At Risk,0
12508,2011-11-10 16:27:00,2011-11-13 15:37:00,2,397.88,198.94,26,2,3,2,2,7,New / Promising,0
12509,2011-02-28 14:45:00,2011-02-28 14:45:00,1,176.5,176.5,284,0,1,1,1,3,Other,0
12510,2011-01-18 14:04:00,2011-07-20 10:15:00,2,982.5699999999999,491.28499999999997,143,182,1,2,3,6,Other,0
12512,2011-10-04 14:53:00,2011-10-04 14:55:00,2,132.18,66.09,66,0,2,2,1,5,Other,0
12513,2011-08-19 10:51:00,2011-08-19 10:51:00,1,612.29,612.29,113,0,2,1,2,5,Other,0
12514,2011-03-17 16:38:00,2011-03-17 16:38:00,1,1017.68,1017.68,267,0,1,1,3,5,Other,0
12515,2010-12-21 15:43:00,2010-12-21 15:43:00,1,383.7,383.7,353,0,1,1,2,4,Other,0
12516,2011-06-12 11:37:00,2011-09-23 09:13:00,2,1312.06,656.03,78,102,2,2,3,7,Other,0
12517,2011-06-02 15:13:00,2011-11-11 14:04:00,5,2481.6,496.32,28,161,3,3,4,10,Loyal Customers,1
12518,2011-08-21 13:18:00,2011-12-09 10:13:00,5,2056.89,411.378,1,109,4,3,4,11,Loyal Customers,1
12519,2011-10-07 09:26:00,2011-10-07 09:26:00,1,330.84,330.84,64,0,2,1,2,5,Other,0
12520,2011-03-11 11:35:00,2011-09-21 15:23:00,5,2634.26,526.8520000000001,79,194,2,3,4,9,At Risk,1
12521,2011-07-20 10:51:00,2011-07-20 10:51:00,1,599.68,599.68,143,0,1,1,2,4,Other,0
12522,2011-10-19 14:41:00,2011-10-31 15:30:00,2,192.72,96.36,39,12,3,2,1,6,New / Promising,0
12523,2011-01-12 09:43:00,2011-11-20 12:55:00,11,1789.77,162.70636363636365,19,312,3,4,4,11,Loyal Customers,1
12524,2011-01-10 10:35:00,2011-11-30 15:31:00,8,4485.719999999999,560.7149999999999,9,324,4,4,4,12,Champions,1
12526,2011-09-06 14:19:00,2011-12-09 12:09:00,3,1316.6599999999999,438.8866666666666,1,93,4,3,3,10,Loyal Customers,1
12527,2011-01-18 12:05:00,2011-09-19 11:55:00,3,348.71000000000004,116.23666666666668,82,243,2,3,2,7,At Risk,0
12528,2011-01-31 09:05:00,2011-11-30 14:40:00,6,1933.48,322.24666666666667,9,303,4,4,4,12,Champions,1
12530,2011-01-07 10:04:00,2011-10-11 12:34:00,4,1662.2800000000002,415.57000000000005,60,277,2,3,4,9,At Risk,1
12531,2011-11-25 11:12:00,2011-11-25 11:12:00,1,125.22,125.22,15,0,4,1,1,6,New / Promising,0
12532,2011-11-09 13:47:00,2011-11-09 13:47:00,1,349.83000000000004,349.83000000000004,30,0,3,1,2,6,New / Promising,0
12534,2011-08-01 10:26:00,2011-08-01 10:26:00,1,1089.18,1089.18,131,0,2,1,3,6,Other,0
12535,2011-06-06 12:47:00,2011-09-09 08:48:00,2,716.3499999999999,358.17499999999995,92,94,2,2,3,7,Other,0
12536,2011-10-11 14:52:00,2011-10-27 14:20:00,3,12601.830000000002,4200.610000000001,43,15,3,3,4,10,Loyal Customers,1
12538,2011-11-10 17:16:00,2011-11-10 17:16:00,1,363.95,363.95,29,0,3,1,2,6,New / Promising,0
12539,2011-01-10 09:11:00,2011-11-17 13:30:00,4,5568.35,1392.0875,22,311,3,3,4,10,Loyal Customers,1
12540,2010-12-13 09:39:00,2011-11-20 11:31:00,17,13400.24,788.2494117647059,20,342,3,4,4,11,Loyal Customers,1
12541,2011-03-04 09:32:00,2011-11-10 10:40:00,3,981.1800000000001,327.06,30,251,3,3,3,9,Loyal Customers,1
12544,2011-11-03 16:15:00,2011-11-03 16:15:00,1,372.7,372.7,36,0,3,1,2,6,New / Promising,0
12545,2011-03-25 12:04:00,2011-09-25 13:39:00,2,1000.39,500.195,75,184,2,2,3,7,Other,0
12546,2011-09-23 09:44:00,2011-10-24 12:09:00,2,1161.5,580.75,47,31,3,2,3,8,New / Promising,0
12547,2011-03-04 12:46:00,2011-05-26 12:38:00,2,207.8,103.9,198,82,1,2,1,4,Other,0
12548,2011-06-26 15:35:00,2011-06-26 15:35:00,1,95.19999999999999,95.19999999999999,166,0,1,1,1,3,Other,0
12550,2011-09-21 14:35:00,2011-09-21 14:35:00,1,964.83,964.83,79,0,2,1,3,6,Other,0
12551,2010-12-17 11:23:00,2010-12-17 11:23:00,1,168.0,168.0,358,0,1,1,1,3,Other,0
12552,2011-10-31 12:11:00,2011-11-01 10:02:00,2,437.82,218.91,39,0,3,2,2,7,New / Promising,0
12553,2011-01-14 10:42:00,2011-12-01 16:38:00,10,3692.28,369.228,8,321,4,4,4,12,Champions,1
12556,2011-07-11 13:35:00,2011-10-20 13:06:00,2,599.56,299.78,50,100,3,2,2,7,New / Promising,0
12557,2010-12-03 12:20:00,2011-11-23 16:59:00,5,11990.960000000001,2398.192,16,355,4,3,4,11,Loyal Customers,1
12558,2011-12-02 10:41:00,2011-12-02 10:41:00,1,269.96,269.96,8,0,4,1,1,6,New / Promising,0
12559,2011-01-24 10:12:00,2011-02-02 09:49:00,2,561.71,280.855,311,8,1,2,2,5,Other,0
12560,2011-07-19 15:55:00,2011-12-04 13:54:00,3,2134.01,711.3366666666667,5,137,4,3,4,11,Loyal Customers,1
12561,2011-02-10 11:39:00,2011-02-10 11:39:00,1,238.85,238.85,303,0,1,1,1,3,Other,0
12562,2011-05-25 12:44:00,2011-12-01 17:20:00,7,3781.74,540.2485714285714,8,190,4,4,4,12,Champions,1
12564,2011-03-23 14:55:00,2011-03-23 14:55:00,1,456.90000000000003,456.90000000000003,261,0,1,1,2,4,Other,0
12565,2011-02-24 10:34:00,2011-02-24 10:34:00,1,145.92,145.92,289,0,1,1,1,3,Other,0
12566,2011-09-14 14:30:00,2011-09-14 14:30:00,1,351.65,351.65,86,0,2,1,2,5,Other,0
12567,2010-12-05 11:57:00,2011-11-17 11:02:00,10,9401.28,940.128,23,346,3,4,4,11,Loyal Customers,1
12569,2011-04-01 13:47:00,2011-12-07 16:24:00,32,4124.6900000000005,128.89656250000002,2,250,4,4,4,12,Champions,1
12571,2011-08-10 12:35:00,2011-10-31 10:19:00,2,519.61,259.805,40,81,3,2,2,7,New / Promising,0
12572,2011-10-19 08:20:00,2011-12-01 09:20:00,2,1020.4200000000001,510.21000000000004,9,43,4,2,3,9,New / Promising,1
12573,2011-04-26 15:52:00,2011-04-26 15:52:00,1,160.54000000000002,160.54000000000002,227,0,1,1,1,3,Other,0
12574,2011-01-28 09:20:00,2011-01-28 09:20:00,1,218.45000000000002,218.45000000000002,316,0,1,1,1,3,Other,0
12576,2011-02-08 11:31:00,2011-11-04 10:11:00,5,1315.83,263.166,36,268,3,3,3,9,Loyal Customers,1
12577,2010-12-15 16:21:00,2011-11-04 13:24:00,3,626.6,208.86666666666667,35,323,3,3,2,8,Loyal Customers,0
12578,2011-01-13 15:34:00,2011-11-18 13:30:00,2,2794.51,1397.255,21,308,3,2,4,9,New / Promising,1
12579,2011-09-22 17:15:00,2011-09-22 17:15:00,1,440.42,440.42,78,0,2,1,2,5,Other,0
12580,2011-04-07 10:24:00,2011-04-07 10:24:00,1,415.7,415.7,247,0,1,1,2,4,Other,0
12581,2011-10-31 08:56:00,2011-10-31 08:56:00,1,197.71,197.71,40,0,3,1,1,5,New / Promising,0
12582,2011-02-24 11:42:00,2011-04-15 08:45:00,2,511.36,255.68,239,49,1,2,2,5,Other,0
12583,2010-12-01 08:45:00,2011-12-07 08:07:00,15,7281.38,485.42533333333336,3,370,4,4,4,12,Champions,1
12584,2011-03-04 15:15:00,2011-12-06 09:35:00,9,2338.15,259.7944444444445,4,276,4,4,4,12,Champions,1
12585,2010-12-23 12:58:00,2011-04-19 13:39:00,2,2040.1,1020.05,234,117,1,2,4,7,High Value,0
12586,2011-11-22 16:24:00,2011-11-22 16:24:00,1,196.94,196.94,17,0,4,1,1,6,New / Promising,0
12587,2011-12-02 12:47:00,2011-12-02 12:47:00,1,144.0,144.0,8,0,4,1,1,6,New / Promising,0
12588,2011-10-31 15:01:00,2011-10-31 15:01:00,1,214.89999999999998,214.89999999999998,39,0,3,1,1,5,New / Promising,0
12589,2011-07-18 12:05:00,2011-11-11 10:19:00,2,646.68,323.34,29,115,3,2,2,7,New / Promising,0
12590,2011-05-12 14:46:00,2011-05-12 14:52:00,2,9864.26,4932.13,211,0,1,2,4,7,High Value,1
12591,2011-01-26 14:35:00,2011-01-26 14:35:00,1,452.85,452.85,317,0,1,1,2,4,Other,0
12592,2011-05-10 13:44:00,2011-09-08 15:04:00,2,437.6,218.8,92,121,2,2,2,6,Other,0
12593,2011-05-05 09:29:00,2011-08-23 12:43:00,3,418.1,139.36666666666667,109,110,2,3,2,7,At Risk,0
12594,2011-01-21 09:52:00,2011-11-02 12:20:00,10,3338.2200000000003,333.822,38,285,3,4,4,11,Loyal Customers,1
12596,2011-04-11 13:22:00,2011-10-19 13:02:00,2,618.27,309.135,51,190,3,2,2,7,New / Promising,0
12597,2011-03-16 14:00:00,2011-11-20 13:33:00,4,3811.22,952.805,19,248,3,3,4,10,Loyal Customers,1
12598,2011-02-28 11:58:00,2011-11-30 12:18:00,8,3023.08,377.885,10,275,4,4,4,12,Champions,1
12599,2011-02-08 13:28:00,2011-11-10 13:34:00,7,1032.58,147.51142857142855,29,275,3,4,3,10,Loyal Customers,1
12600,2010-12-03 12:57:00,2011-11-11 10:29:00,10,2599.04,259.904,29,342,3,4,4,11,Loyal Customers,1
12601,2011-01-11 10:38:00,2011-06-03 10:17:00,5,577.06,115.41199999999999,190,142,1,3,2,6,At Risk,0
12602,2011-10-12 11:22:00,2011-10-12 11:22:00,1,153.12,153.12,59,0,2,1,1,4,Other,0
12603,2011-11-18 10:42:00,2011-11-18 10:42:00,1,739.1999999999999,739.1999999999999,22,0,3,1,3,7,New / Promising,0
12604,2011-03-23 12:06:00,2011-09-21 14:08:00,2,254.18,127.09,79,182,2,2,1,5,Other,0
12607,2011-10-10 16:06:00,2011-10-10 16:06:00,1,1579.51,1579.51,60,0,2,1,3,6,Other,0
12609,2011-01-25 15:13:00,2011-09-22 16:34:00,3,1126.85,375.6166666666666,78,240,2,3,3,8,At Risk,0
12610,2011-08-05 13:52:00,2011-11-17 09:34:00,5,2099.54,419.908,23,103,3,3,4,10,Loyal Customers,1
12611,2011-10-18 13:12:00,2011-10-18 13:12:00,1,1193.32,1193.32,52,0,2,1,3,6,Other,0
12612,2011-09-26 15:35:00,2011-09-26 15:35:00,1,704.0400000000001,704.0400000000001,74,0,2,1,3,6,Other,0
12613,2011-03-22 15:42:00,2011-10-13 14:59:00,5,3344.38,668.876,57,204,2,3,4,9,At Risk,1
12614,2011-03-07 10:22:00,2011-03-07 10:22:00,1,315.6,315.6,278,0,1,1,2,4,Other,0
12615,2011-06-24 13:35:00,2011-12-07 15:02:00,4,2291.19,572.7975,2,166,4,3,4,11,Loyal Customers,1
12616,2011-02-15 14:17:00,2011-09-05 15:17:00,2,713.3,356.65,95,202,2,2,3,7,Other,0
12617,2011-11-10 14:39:00,2011-11-10 14:39:00,1,352.98,352.98,29,0,3,1,2,6,New / Promising,0
12618,2011-11-18 11:10:00,2011-11-18 11:10:00,1,177.31,177.31,22,0,3,1,1,5,New / Promising,0
12619,2011-03-31 13:10:00,2011-11-23 14:52:00,9,3641.24,404.5822222222222,16,237,4,4,4,12,Champions,1
12620,2011-05-19 12:10:00,2011-11-25 10:20:00,3,1339.4099999999999,446.46999999999997,15,189,4,3,3,10,Loyal Customers,1
12621,2010-12-09 10:16:00,2011-12-08 11:25:00,20,13689.67,684.4835,2,364,4,4,4,12,Champions,1
12622,2011-04-21 16:39:00,2011-04-21 16:39:00,1,180.1,180.1,232,0,1,1,1,3,Other,0
12623,2011-03-08 13:50:00,2011-03-08 13:50:00,1,305.1,305.1,276,0,1,1,1,3,Other,0
12624,2011-06-15 12:34:00,2011-08-25 15:04:00,2,641.13,320.565,106,71,2,2,2,6,Other,0
12625,2011-01-24 13:27:00,2011-05-12 09:54:00,2,2683.8199999999997,1341.9099999999999,212,107,1,2,4,7,High Value,0
12626,2011-01-17 11:01:00,2011-11-16 16:06:00,9,6620.48,735.6088888888888,23,303,3,4,4,11,Loyal Customers,1
12627,2011-07-22 13:59:00,2011-11-29 12:07:00,7,4478.53,639.79,11,129,4,4,4,12,Champions,1
12628,2011-10-06 09:28:00,2011-12-05 13:15:00,3,786.46,262.15333333333336,4,60,4,3,3,10,Loyal Customers,1
12630,2011-10-27 10:41:00,2011-11-30 10:48:00,2,1270.88,635.44,10,34,4,2,3,9,New / Promising,1
12631,2011-10-13 13:53:00,2011-10-13 13:53:00,1,640.5,640.5,57,0,2,1,2,5,Other,0
12633,2011-02-25 08:44:00,2011-10-12 11:40:00,4,2163.98,540.995,59,229,2,3,4,9,At Risk,1
12635,2011-07-08 08:43:00,2011-09-11 11:04:00,2,1689.1799999999998,844.5899999999999,90,65,2,2,4,8,High Value,0
12637,2011-01-20 10:47:00,2011-10-03 13:46:00,8,6002.9,750.3625,67,256,2,4,4,10,At Risk,1
12638,2011-11-06 13:11:00,2011-11-06 13:11:00,1,671.69,671.69,33,0,3,1,3,7,New / Promising,0
12639,2011-04-15 12:48:00,2011-04-15 12:48:00,1,486.1,486.1,239,0,1,1,2,4,Other,0
12640,2011-09-19 12:01:00,2011-11-16 11:52:00,3,1174.5800000000002,391.5266666666667,24,57,3,3,3,9,Loyal Customers,1
12641,2011-08-16 13:26:00,2011-08-16 13:26:00,1,185.9,185.9,115,0,2,1,1,4,Other,0
12642,2011-08-24 09:23:00,2011-11-14 15:03:00,3,1013.26,337.75333333333333,25,82,3,3,3,9,Loyal Customers,1
12643,2011-01-11 11:48:00,2011-08-03 12:56:00,6,3344.6400000000003,557.44,128,204,2,4,4,10,At Risk,1
12644,2011-08-02 10:33:00,2011-08-02 10:33:00,1,477.91,477.91,130,0,2,1,2,5,Other,0
12645,2011-01-27 13:08:00,2011-11-06 12:38:00,4,1775.18,443.795,34,282,3,3,4,10,Loyal Customers,1
12646,2011-10-21 12:52:00,2011-12-05 10:14:00,2,1346.9699999999998,673.4849999999999,5,44,4,2,3,9,New / Promising,1
12647,2010-12-05 14:02:00,2011-11-17 12:56:00,12,3722.8199999999997,310.23499999999996,22,346,3,4,4,11,Loyal Customers,1
12648,2011-07-08 11:55:00,2011-07-08 11:55:00,1,318.05,318.05,155,0,1,1,2,4,Other,0
12649,2011-05-11 14:37:00,2011-08-24 14:41:00,3,623.51,207.83666666666667,107,105,2,3,2,7,At Risk,0
12650,2011-12-06 16:34:00,2011-12-06 16:34:00,1,314.44,314.44,3,0,4,1,2,7,New / Promising,0
12651,2011-01-09 12:46:00,2011-01-09 12:46:00,1,114.0,114.0,335,0,1,1,1,3,Other,0
12652,2011-01-12 15:00:00,2011-01-12 15:00:00,1,919.98,919.98,331,0,1,1,3,5,Other,0
12653,2011-02-16 10:53:00,2011-07-14 10:41:00,2,2209.85,1104.925,149,147,1,2,4,7,High Value,0
12654,2011-02-17 13:16:00,2011-11-29 10:10:00,5,601.98,120.396,11,284,4,3,2,9,Loyal Customers,1
12656,2011-04-20 09:20:00,2011-11-22 13:42:00,5,4051.17,810.234,17,216,4,3,4,11,Loyal Customers,1
12657,2011-09-22 11:40:00,2011-11-28 15:47:00,4,1643.18,410.795,11,67,4,3,3,10,Loyal Customers,1
12658,2011-11-21 10:22:00,2011-11-21 10:22:00,1,686.05,686.05,19,0,3,1,3,7,New / Promising,0
12659,2011-11-10 11:53:00,2011-11-10 11:53:00,1,91.68,91.68,30,0,3,1,1,5,New / Promising,0
12660,2011-11-28 13:26:00,2011-11-28 13:26:00,1,245.1,245.1,11,0,4,1,1,6,New / Promising,0
12662,2010-12-01 13:04:00,2011-12-09 11:59:00,11,3849.78,349.98,1,372,4,4,4,12,Champions,1
12664,2011-01-21 11:42:00,2011-12-01 17:07:00,9,4881.88,542.4311111111111,8,314,4,4,4,12,Champions,1
12665,2011-01-19 08:34:00,2011-01-19 08:34:00,1,63.0,63.0,325,0,1,1,1,3,Other,0
12667,2011-10-12 17:00:00,2011-10-12 17:00:00,1,620.13,620.13,58,0,2,1,2,5,Other,0
12668,2010-12-19 12:46:00,2011-11-28 10:56:00,4,3807.1499999999996,951.7874999999999,12,343,4,3,4,11,Loyal Customers,1
12669,2011-03-28 10:15:00,2011-07-12 09:54:00,3,2744.0299999999997,914.6766666666666,151,105,1,3,4,8,At Risk,0
12670,2011-04-21 10:16:00,2011-11-29 15:23:00,5,2996.0499999999997,599.2099999999999,10,222,4,3,4,11,Loyal Customers,1
12672,2011-01-14 09:20:00,2011-01-14 09:20:00,1,225.9,225.9,330,0,1,1,1,3,Other,0
12673,2011-01-17 11:46:00,2011-12-04 13:55:00,2,610.52,305.26,5,321,4,2,2,8,New / Promising,1
12674,2011-05-16 09:10:00,2011-11-01 12:12:00,4,1970.6,492.65,39,169,3,3,4,10,Loyal Customers,1
12676,2011-02-01 15:41:00,2011-11-15 12:25:00,6,1331.39,221.89833333333334,25,286,3,4,3,10,Loyal Customers,1
12678,2010-12-21 11:00:00,2011-10-28 13:04:00,12,17628.46,1469.0383333333332,42,311,3,4,4,11,Loyal Customers,1
12679,2011-03-01 12:26:00,2011-10-12 12:30:00,4,1113.02,278.255,59,225,2,3,3,8,At Risk,1
12680,2011-08-18 15:44:00,2011-12-09 12:50:00,4,862.81,215.7025,1,112,4,3,3,10,Loyal Customers,1
12681,2010-12-07 10:08:00,2011-11-25 11:33:00,22,13787.539999999999,626.7063636363636,15,353,4,4,4,12,Champions,1
12682,2010-12-03 13:59:00,2011-12-06 10:00:00,31,12279.82,396.1232258064516,4,367,4,4,4,12,Champions,1
12683,2010-12-09 10:37:00,2011-12-05 16:31:00,15,8476.57,565.1046666666666,4,361,4,4,4,12,Champions,1
12684,2011-05-10 12:55:00,2011-12-02 09:53:00,7,2283.63,326.23285714285714,8,205,4,4,4,12,Champions,1
12685,2011-09-07 10:28:00,2011-11-11 13:46:00,6,2863.08,477.18,28,65,3,4,4,11,Loyal Customers,1
12686,2010-12-03 09:51:00,2010-12-03 09:51:00,1,89.14,89.14,372,0,1,1,1,3,Other,0
12688,2011-08-18 08:49:00,2011-08-18 08:49:00,1,4873.81,4873.81,114,0,2,1,4,7,High Value,0
12689,2011-08-04 10:04:00,2011-11-14 08:31:00,2,1247.61,623.805,26,101,3,2,3,8,New / Promising,0
12690,2011-05-18 09:09:00,2011-05-18 09:09:00,1,389.01,389.01,206,0,1,1,2,4,Other,0
12691,2010-12-17 14:46:00,2011-11-11 16:49:00,6,1035.8,172.63333333333333,28,329,3,4,3,10,Loyal Customers,1
12693,2011-01-24 12:58:00,2011-08-04 17:51:00,4,855.9100000000001,213.97750000000002,127,192,2,3,3,8,At Risk,0
12694,2011-06-09 17:48:00,2011-09-30 13:06:00,2,869.6700000000001,434.83500000000004,70,112,2,2,3,7,Other,0
12695,2011-05-13 13:15:00,2011-12-02 13:22:00,4,582.1,145.525,7,203,4,3,2,9,Loyal Customers,1
12697,2011-06-23 15:44:00,2011-11-11 08:47:00,3,957.5899999999999,319.19666666666666,29,140,3,3,3,9,Loyal Customers,1
12700,2011-05-08 16:10:00,2011-12-02 10:47:00,4,4939.99,1234.9975,8,207,4,3,4,11,Loyal Customers,1
12701,2011-04-11 13:02:00,2011-09-21 10:47:00,2,797.71,398.855,80,162,2,2,3,7,Other,0
12702,2011-11-20 10:36:00,2011-11-20 10:36:00,1,219.0,219.0,20,0,3,1,1,5,New / Promising,0
12703,2011-09-29 17:52:00,2011-09-29 17:52:00,1,283.55,283.55,71,0,2,1,1,4,Other,0
12704,2011-06-23 10:20:00,2011-12-02 13:15:00,8,2340.84,292.605,7,162,4,4,4,12,Champions,1
12705,2010-12-17 15:58:00,2011-11-24 13:17:00,9,6868.29,763.1433333333333,15,341,4,4,4,12,Champions,1
12707,2011-02-21 08:38:00,2011-02-21 08:38:00,1,603.42,603.42,292,0,1,1,2,4,Other,0
12708,2010-12-06 10:43:00,2011-11-10 09:52:00,10,2712.91,271.291,30,338,3,4,4,11,Loyal Customers,1
12709,2010-12-08 09:49:00,2011-11-24 15:38:00,15,9706.52,647.1013333333334,15,351,4,4,4,12,Champions,1
12710,2011-05-22 14:05:00,2011-09-04 12:00:00,3,1149.02,383.00666666666666,97,104,2,3,3,8,At Risk,0
12712,2010-12-03 14:30:00,2011-11-11 08:19:00,13,4396.13,338.1638461538462,29,342,3,4,4,11,Loyal Customers,1
12713,2011-12-09 12:16:00,2011-12-09 12:16:00,1,848.55,848.55,1,0,4,1,3,8,New / Promising,1
12714,2011-02-18 10:53:00,2011-11-30 15:43:00,5,4708.86,941.7719999999999,9,285,4,3,4,11,Loyal Customers,1
12715,2011-08-25 15:22:00,2011-08-25 15:22:00,1,343.36,343.36,106,0,2,1,2,5,Other,0
12716,2011-07-29 13:28:00,2011-12-06 08:55:00,2,1053.49,526.745,4,129,4,2,3,9,New / Promising,1
12717,2011-04-08 10:32:00,2011-07-11 14:47:00,2,1030.98,515.49,151,94,1,2,3,6,Other,0
12718,2011-09-29 16:38:00,2011-09-29 16:38:00,1,238.25,238.25,71,0,2,1,1,4,Other,0
12719,2011-10-05 14:50:00,2011-12-04 13:45:00,2,644.95,322.475,5,59,4,2,2,8,New / Promising,1
12720,2010-12-05 15:21:00,2011-12-07 08:03:00,25,5781.73,231.26919999999998,3,366,4,4,4,12,Champions,1
12721,2010-12-20 11:38:00,2011-11-08 12:13:00,6,2656.13,442.68833333333333,32,323,3,4,4,11,Loyal Customers,1
12722,2011-07-12 11:55:00,2011-09-15 14:50:00,4,997.63,249.4075,85,65,2,3,3,8,At Risk,0
12723,2011-10-05 15:52:00,2011-12-06 10:19:00,5,725.0699999999999,145.01399999999998,4,61,4,3,3,10,Loyal Customers,1
12724,2011-01-11 15:00:00,2011-12-04 16:02:00,4,1031.41,257.8525,5,327,4,3,3,10,Loyal Customers,1
12725,2010-12-03 15:45:00,2010-12-03 15:45:00,1,427.8,427.8,371,0,1,1,2,4,Other,0
12726,2010-12-17 12:56:00,2011-11-11 13:35:00,7,2609.1,372.7285714285714,28,329,3,4,4,11,Loyal Customers,1
12727,2011-01-23 15:17:00,2011-11-29 11:46:00,7,3980.7,568.6714285714286,11,309,4,4,4,12,Champions,1
12728,2011-01-11 13:31:00,2011-09-29 15:31:00,4,836.33,209.0825,71,261,2,3,3,8,At Risk,0
12729,2011-08-18 11:40:00,2011-08-18 11:40:00,1,453.01,453.01,114,0,2,1,2,5,Other,0
12731,2010-12-10 10:56:00,2011-11-16 11:59:00,12,18895.91,1574.6591666666666,24,341,3,4,4,11,Loyal Customers,1
12732,2011-06-13 11:33:00,2011-06-13 11:33:00,1,236.26000000000002,236.26000000000002,180,0,1,1,1,3,Other,0
12733,2011-04-19 16:19:00,2011-04-19 16:19:00,1,383.95,383.95,234,0,1,1,2,4,Other,0
12734,2010-12-22 12:47:00,2010-12-22 12:47:00,1,110.39999999999999,110.39999999999999,353,0,1,1,1,3,Other,0
12735,2011-01-06 14:26:00,2011-01-28 13:37:00,2,779.5699999999999,389.78499999999997,315,21,1,2,3,6,Other,0
12736,2011-01-11 07:57:00,2011-01-11 07:57:00,1,234.0,234.0,333,0,1,1,1,3,Other,0
12738,2010-12-02 18:27:00,2010-12-02 18:27:00,1,155.35,155.35,372,0,1,1,1,3,Other,0
12739,2011-09-01 17:45:00,2011-09-22 13:00:00,2,1013.04,506.52,78,20,2,2,3,7,Other,0
12740,2011-10-07 10:44:00,2011-10-07 10:44:00,1,427.6,427.6,64,0,2,1,2,5,Other,0
12743,2011-07-28 16:06:00,2011-07-28 16:21:00,2,540.13,270.065,134,0,2,2,2,6,Other,0
12744,2011-01-25 13:26:00,2011-10-19 11:18:00,7,21279.29,3039.8985714285714,52,266,2,4,4,10,At Risk,1
12747,2010-12-05 15:38:00,2011-12-07 14:34:00,11,4196.01,381.4554545454546,2,366,4,4,4,12,Champions,1
12748,2010-12-01 12:48:00,2011-12-09 12:20:00,209,33053.19,158.14923444976077,1,372,4,4,4,12,Champions,1
12749,2011-05-10 15:25:00,2011-12-06 09:56:00,5,4090.88,818.176,4,209,4,3,4,11,Loyal Customers,1
12750,2011-08-03 09:13:00,2011-08-03 09:13:00,1,275.88,275.88,129,0,2,1,1,4,Other,0
12752,2011-09-19 13:32:00,2011-09-19 13:32:00,1,4366.78,4366.78,81,0,2,1,4,7,High Value,0
12753,2010-12-12 11:44:00,2011-11-17 10:52:00,6,21429.39,3571.565,23,339,3,4,4,11,Loyal Customers,1
12754,2011-02-04 10:31:00,2011-04-18 09:00:00,3,3010.74,1003.5799999999999,236,72,1,3,4,8,At Risk,0
12755,2010-12-09 10:44:00,2011-03-04 12:42:00,2,3811.95,1905.975,281,85,1,2,4,7,High Value,0
12756,2011-09-14 09:31:00,2011-09-14 09:31:00,1,112.07999999999998,112.07999999999998,87,0,2,1,1,4,Other,0
12757,2011-05-12 19:01:00,2011-11-24 12:30:00,13,7834.650000000001,602.6653846153847,16,195,4,4,4,12,Champions,1
12758,2011-03-08 12:05:00,2011-08-15 10:22:00,2,2791.59,1395.795,117,159,2,2,4,8,High Value,0
12759,2011-03-09 08:09:00,2011-10-18 14:49:00,3,1531.44,510.48,52,223,2,3,3,8,At Risk,1
12762,2011-11-14 14:23:00,2011-12-02 10:23:00,2,1898.52,949.26,8,17,4,2,4,10,New / Promising,1
12763,2010-12-05 15:46:00,2011-07-24 14:12:00,2,494.08,247.04,138,230,2,2,2,6,Other,0
12764,2011-01-27 10:19:00,2011-01-27 10:19:00,1,1693.88,1693.88,317,0,1,1,4,6,High Value,0
12766,2010-12-08 13:53:00,2011-12-06 08:46:00,7,6989.63,998.5185714285715,4,362,4,4,4,12,Champions,1
12769,2011-04-15 10:25:00,2011-04-15 10:25:00,1,1143.6,1143.6,239,0,1,1,3,5,Other,0
12770,2011-05-13 09:33:00,2011-05-13 09:33:00,1,1351.4499999999998,1351.4499999999998,211,0,1,1,3,5,Other,0
12772,2011-10-11 09:19:00,2011-10-11 09:19:00,1,892.47,892.47,60,0,2,1,3,6,Other,0
12775,2011-02-01 13:45:00,2011-11-22 16:33:00,5,1386.04,277.20799999999997,17,294,4,3,3,10,Loyal Customers,1
12778,2011-01-31 14:35:00,2011-11-20 11:30:00,6,822.23,137.03833333333333,20,292,3,4,3,10,Loyal Customers,1
12779,2010-12-03 13:40:00,2011-11-02 11:43:00,8,3981.36,497.67,38,333,3,4,4,11,Loyal Customers,1
12781,2011-02-28 08:43:00,2011-10-07 10:37:00,2,826.74,413.37,64,221,2,2,3,7,Other,0
12782,2010-12-17 11:30:00,2011-12-05 09:16:00,5,2330.92,466.184,5,352,4,3,4,11,Loyal Customers,1
12783,2011-09-25 15:35:00,2011-12-07 15:56:00,6,2225.91,370.98499999999996,2,73,4,4,4,12,Champions,1
12784,2011-11-24 12:53:00,2011-11-30 15:38:00,2,532.8199999999999,266.40999999999997,9,6,4,2,2,8,New / Promising,0
12785,2010-12-10 13:48:00,2010-12-10 13:48:00,1,311.95,311.95,364,0,1,1,2,4,Other,0
12787,2011-05-31 09:36:00,2011-11-30 08:44:00,3,463.65999999999997,154.5533333333333,10,182,4,3,2,9,Loyal Customers,1
12789,2011-10-05 13:34:00,2011-10-05 13:34:00,1,91.85,91.85,65,0,2,1,1,4,Other,0
12790,2011-05-31 14:14:00,2011-05-31 14:14:00,1,324.92,324.92,192,0,1,1,2,4,Other,0
12791,2010-12-01 11:27:00,2010-12-01 11:27:00,1,192.60000000000002,192.60000000000002,374,0,1,1,1,3,Other,0
12792,2011-03-28 11:36:00,2011-03-28 11:36:00,1,400.53999999999996,400.53999999999996,257,0,1,1,2,4,Other,0
12793,2010-12-03 15:14:00,2011-01-09 12:12:00,2,545.48,272.74,335,36,1,2,2,5,Other,0
12794,2011-09-02 12:01:00,2011-10-17 14:54:00,2,860.41,430.205,53,45,2,2,3,7,Other,0
12795,2011-11-21 10:27:00,2011-11-21 10:27:00,1,430.48,430.48,19,0,3,1,2,6,New / Promising,0
12797,2010-12-09 10:55:00,2010-12-09 10:55:00,1,254.03,254.03,366,0,1,1,1,3,Other,0
12798,2011-06-22 10:11:00,2011-11-29 15:52:00,3,6977.04,2325.68,10,160,4,3,4,11,Loyal Customers,1
12802,2011-06-06 09:36:00,2011-06-06 09:36:00,1,427.58,427.58,187,0,1,1,2,4,Other,0
12808,2010-12-06 10:27:00,2011-11-03 10:05:00,3,483.65,161.21666666666667,37,331,3,3,2,8,Loyal Customers,0
12809,2011-06-15 10:51:00,2011-06-15 10:51:00,1,489.31,489.31,178,0,1,1,2,4,Other,0
12811,2011-02-28 15:39:00,2011-03-24 09:42:00,3,514.85,171.61666666666667,261,23,1,3,2,6,At Risk,0
12812,2011-10-26 09:54:00,2011-10-26 09:54:00,1,229.64000000000001,229.64000000000001,45,0,3,1,1,5,New / Promising,0
12814,2011-08-30 12:11:00,2011-08-30 12:11:00,1,125.92,125.92,102,0,2,1,1,4,Other,0
12815,2011-05-25 13:34:00,2011-07-15 10:21:00,2,1063.46,531.73,148,50,1,2,3,6,Other,0
12816,2011-06-16 13:24:00,2011-09-05 12:41:00,2,572.2,286.1,96,80,2,2,2,6,Other,0
12817,2011-03-03 16:28:00,2011-03-03 16:28:00,1,166.04,166.04,281,0,1,1,1,3,Other,0
12818,2011-03-23 12:06:00,2011-03-23 12:06:00,1,1542.08,1542.08,262,0,1,1,3,5,Other,0
12820,2011-01-17 12:34:00,2011-12-06 15:12:00,4,942.34,235.585,3,323,4,3,3,10,Loyal Customers,1
12821,2011-05-09 15:51:00,2011-05-09 15:51:00,1,92.72,92.72,214,0,1,1,1,3,Other,0
12822,2011-09-13 13:46:00,2011-09-30 10:04:00,2,948.88,474.44,71,16,2,2,3,7,Other,0
12823,2011-02-16 12:15:00,2011-09-26 07:35:00,5,1759.5,351.9,75,221,2,3,4,9,At Risk,1
12824,2011-10-11 12:49:00,2011-10-11 12:49:00,1,397.12,397.12,60,0,2,1,2,5,Other,0
12826,2010-12-09 15:21:00,2011-12-07 10:25:00,7,1474.72,210.67428571428573,3,362,4,4,3,11,Champions,1
12827,2011-10-26 15:44:00,2011-12-04 12:17:00,3,430.15,143.38333333333333,6,38,4,3,2,9,Loyal Customers,1
12828,2011-08-01 16:16:00,2011-12-07 08:45:00,6,1018.71,169.785,3,127,4,4,3,11,Champions,1
12829,2010-12-14 14:54:00,2011-01-07 11:13:00,2,293.0,146.5,337,23,1,2,1,4,Other,0
12830,2011-06-21 10:53:00,2011-11-02 11:54:00,6,6814.64,1135.7733333333333,38,134,3,4,4,11,Loyal Customers,1
12831,2011-03-22 13:02:00,2011-03-22 13:02:00,1,215.05,215.05,262,0,1,1,1,3,Other,0
12832,2011-09-02 13:48:00,2011-11-07 13:30:00,2,383.03000000000003,191.51500000000001,32,65,3,2,2,7,New / Promising,0
12833,2011-07-17 13:46:00,2011-07-17 13:46:00,1,417.38,417.38,145,0,1,1,2,4,Other,0
12834,2011-03-02 09:49:00,2011-03-02 09:49:00,1,312.38,312.38,283,0,1,1,2,4,Other,0
12836,2011-02-01 11:19:00,2011-10-11 15:10:00,4,2610.36,652.59,59,252,2,3,4,9,At Risk,1
12837,2011-06-19 16:07:00,2011-06-19 16:07:00,1,134.1,134.1,173,0,1,1,1,3,Other,0
12838,2010-12-01 11:57:00,2011-11-06 12:20:00,2,671.95,335.975,34,340,3,2,3,8,New / Promising,0
12839,2010-12-07 15:48:00,2011-12-07 12:33:00,14,5591.42,399.38714285714286,3,364,4,4,4,12,Champions,1
12840,2011-04-27 12:21:00,2011-07-19 09:29:00,4,2726.77,681.6925,144,82,1,3,4,8,At Risk,1
12841,2010-12-03 10:43:00,2011-12-05 11:13:00,25,3991.58,159.6632,5,367,4,4,4,12,Champions,1
12842,2011-02-04 12:36:00,2011-09-30 15:33:00,2,1118.99,559.495,70,238,2,2,3,7,Other,0
12843,2011-03-20 14:38:00,2011-10-05 12:09:00,8,1702.26,212.7825,66,198,2,4,4,10,At Risk,1
12844,2011-08-01 13:11:00,2011-11-10 13:31:00,2,325.96000000000004,162.98000000000002,29,101,3,2,2,7,New / Promising,0
12845,2011-02-22 14:10:00,2011-03-17 13:34:00,4,354.09,88.5225,267,22,1,3,2,6,At Risk,0
12847,2011-11-17 13:16:00,2011-11-17 13:16:00,1,843.64,843.64,22,0,3,1,3,7,New / Promising,0
12849,2011-03-16 12:26:00,2011-11-08 13:41:00,2,1010.29,505.145,31,237,3,2,3,8,New / Promising,0
12851,2011-09-04 12:41:00,2011-09-04 12:41:00,1,131.81,131.81,97,0,2,1,1,4,Other,0
12852,2011-02-18 08:47:00,2011-02-18 08:47:00,1,311.55,311.55,295,0,1,1,2,4,Other,0
12853,2011-01-28 10:28:00,2011-07-28 11:29:00,6,1957.1,326.18333333333334,135,181,2,4,4,10,At Risk,1
12854,2011-01-25 13:35:00,2011-09-22 12:15:00,3,1316.25,438.75,79,239,2,3,3,8,At Risk,0
12855,2010-12-02 09:37:00,2010-12-02 09:37:00,1,38.1,38.1,373,0,1,1,1,3,Other,0
12856,2011-10-07 12:38:00,2011-12-02 10:52:00,6,2170.78,361.7966666666667,8,55,4,4,4,12,Champions,1
12857,2011-02-10 12:32:00,2011-05-13 10:20:00,2,1106.4,553.2,211,91,1,2,3,6,Other,0
12863,2011-10-18 14:15:00,2011-10-18 14:15:00,1,521.2,521.2,52,0,2,1,2,5,Other,0
12864,2011-07-24 13:03:00,2011-07-24 13:03:00,1,147.12,147.12,138,0,2,1,1,4,Other,0
12865,2011-08-08 10:11:00,2011-11-13 14:31:00,2,1568.23,784.115,26,97,3,2,3,8,New / Promising,1
12866,2011-03-01 14:11:00,2011-03-01 14:11:00,1,559.12,559.12,283,0,1,1,2,4,Other,0
12867,2010-12-14 16:39:00,2011-11-13 15:30:00,7,4009.34,572.7628571428571,26,333,3,4,4,11,Loyal Customers,1
12868,2010-12-01 12:50:00,2011-06-07 10:42:00,6,1607.0600000000002,267.84333333333336,186,187,1,4,3,8,At Risk,1
12871,2011-05-16 13:32:00,2011-09-16 15:07:00,2,380.64,190.32,84,123,2,2,2,6,Other,0
12872,2010-12-09 14:44:00,2011-01-17 10:52:00,2,599.97,299.985,327,38,1,2,2,5,Other,0
12873,2011-03-02 14:58:00,2011-03-02 14:58:00,1,374.0,374.0,282,0,1,1,2,4,Other,0
12875,2010-12-12 12:03:00,2011-07-19 15:30:00,2,343.2300000000001,171.61500000000004,143,219,1,2,2,5,Other,0
12876,2011-05-27 13:34:00,2011-10-13 12:26:00,2,2218.02,1109.01,58,138,2,2,4,8,High Value,0
12877,2010-12-16 12:23:00,2011-12-06 10:30:00,12,1535.77,127.98083333333334,4,354,4,4,3,11,Champions,1
12878,2011-03-18 14:02:00,2011-04-17 13:07:00,2,854.99,427.495,236,29,1,2,3,6,Other,0
12879,2011-09-09 12:11:00,2011-10-26 12:24:00,3,573.22,191.07333333333335,45,47,3,3,2,8,Loyal Customers,0
12881,2011-03-09 11:44:00,2011-03-09 11:44:00,1,298.0,298.0,276,0,1,1,1,3,Other,0
12882,2011-11-06 11:22:00,2011-11-30 16:18:00,2,1463.04,731.52,9,24,4,2,3,9,New / Promising,1
12883,2011-09-11 15:18:00,2011-11-15 09:32:00,4,703.47,175.8675,25,64,3,3,3,9,Loyal Customers,1
12884,2011-09-12 13:10:00,2011-09-12 13:10:00,1,309.05,309.05,88,0,2,1,2,5,Other,0
12885,2011-08-08 11:45:00,2011-10-07 13:40:00,3,1175.22,391.74,63,60,2,3,3,8,At Risk,0
12886,2011-05-04 11:21:00,2011-10-03 10:09:00,2,1378.4,689.2,68,151,2,2,3,7,Other,0
12888,2011-03-29 14:31:00,2011-05-09 16:02:00,2,354.12,177.06,214,41,1,2,2,5,Other,0
12890,2011-11-15 17:26:00,2011-11-15 17:26:00,1,376.72,376.72,24,0,3,1,2,6,New / Promising,0
12891,2011-02-20 11:28:00,2011-06-07 12:31:00,3,331.0,110.33333333333333,186,107,1,3,2,6,At Risk,0
12893,2011-11-09 12:34:00,2011-11-09 12:34:00,1,176.55,176.55,31,0,3,1,1,5,New / Promising,0
12895,2011-09-14 08:35:00,2011-10-28 13:51:00,2,372.8,186.4,42,44,3,2,2,7,New / Promising,0
12897,2011-02-11 11:40:00,2011-05-19 12:13:00,2,216.5,108.25,205,97,1,2,1,4,Other,0
12901,2011-03-14 10:41:00,2011-12-01 10:07:00,28,17654.54,630.5192857142857,9,261,4,4,4,12,Champions,1
12902,2011-03-20 12:06:00,2011-03-20 12:06:00,1,138.68,138.68,265,0,1,1,1,3,Other,0
12904,2011-06-20 13:18:00,2011-11-21 14:34:00,2,496.06,248.03,18,154,4,2,2,8,New / Promising,0
12906,2011-09-22 15:03:00,2011-11-28 09:55:00,5,2919.81,583.962,12,66,4,3,4,11,Loyal Customers,1
12908,2011-01-31 12:37:00,2011-06-16 15:39:00,2,750.0,375.0,176,136,1,2,3,6,Other,0
12909,2011-03-31 12:51:00,2011-10-31 12:43:00,5,2178.67,435.73400000000004,40,213,3,3,4,10,Loyal Customers,1
12910,2011-04-12 10:01:00,2011-11-16 14:28:00,8,3075.04,384.38,23,218,3,4,4,11,Loyal Customers,1
12912,2011-10-30 11:35:00,2011-12-07 08:55:00,5,1662.3,332.46,3,37,4,3,4,11,Loyal Customers,1
12913,2010-12-06 16:36:00,2011-12-05 12:11:00,5,2483.63,496.726,5,363,4,4,4,12,Champions,1
12915,2010-12-02 12:33:00,2011-07-14 11:34:00,2,363.65,181.825,149,223,1,2,2,5,Other,0
12916,2011-01-23 10:43:00,2011-07-24 10:35:00,4,2944.95,736.2375,139,181,2,3,4,9,At Risk,1
12917,2011-08-03 16:42:00,2011-08-03 16:42:00,1,594.0,594.0,128,0,2,1,2,5,Other,0
12919,2011-06-23 09:22:00,2011-12-01 13:47:00,6,1335.19,222.53166666666667,8,161,4,4,3,11,Champions,1
12920,2011-11-22 15:05:00,2011-11-22 15:05:00,1,162.78,162.78,17,0,4,1,1,6,New / Promising,0
12921,2010-12-01 15:06:00,2011-11-30 16:22:00,37,16587.09,448.29972972972973,9,364,4,4,4,12,Champions,1
12922,2011-07-01 15:35:00,2011-07-01 15:35:00,1,405.38,405.38,161,0,1,1,2,4,Other,0
12923,2011-10-06 16:20:00,2011-10-06 16:20:00,1,172.82,172.82,64,0,2,1,1,4,Other,0
12924,2011-01-16 11:49:00,2011-09-12 13:55:00,4,933.7,233.425,88,239,2,3,3,8,At Risk,0
12925,2011-09-26 11:05:00,2011-12-05 11:11:00,2,694.05,347.025,5,70,4,2,3,9,New / Promising,1
12928,2010-12-15 15:45:00,2011-11-04 14:24:00,5,2062.7,412.53999999999996,35,323,3,4,4,11,Loyal Customers,1
12929,2011-02-01 12:08:00,2011-02-01 12:08:00,1,117.85,117.85,312,0,1,1,1,3,Other,0
12930,2011-06-21 13:25:00,2011-09-22 15:18:00,2,415.8,207.9,78,93,2,2,2,6,Other,0
12931,2010-12-17 09:45:00,2011-11-18 12:39:00,15,42055.96,2803.730666666667,22,336,3,4,4,11,Loyal Customers,1
12933,2011-03-01 11:30:00,2011-11-15 16:38:00,3,607.53,202.51,24,259,3,3,2,8,Loyal Customers,0
12935,2011-01-24 13:58:00,2011-12-07 17:25:00,7,2160.7,308.6714285714285,2,317,4,4,4,12,Champions,1
12936,2011-09-22 13:51:00,2011-11-22 17:32:00,4,1063.9,265.975,17,61,4,3,3,10,Loyal Customers,1
12937,2011-03-17 14:19:00,2011-11-24 15:05:00,4,1504.27,376.0675,15,252,4,3,3,10,Loyal Customers,1
12938,2011-11-14 11:21:00,2011-11-14 11:21:00,1,114.14,114.14,26,0,3,1,1,5,New / Promising,0
12939,2011-01-09 11:20:00,2011-10-06 14:33:00,8,11581.8,1447.725,64,270,2,4,4,10,At Risk,1
12940,2011-09-13 10:16:00,2011-10-16 12:09:00,2,899.6899999999999,449.84499999999997,55,33,2,2,3,7,Other,0
12942,2010-12-09 09:34:00,2011-07-31 14:39:00,3,675.6,225.20000000000002,131,234,2,3,3,8,At Risk,0
12944,2010-12-20 10:41:00,2011-11-04 11:04:00,2,604.51,302.255,36,319,3,2,2,7,New / Promising,0
12945,2011-02-24 14:15:00,2011-02-24 14:15:00,1,462.95,462.95,288,0,1,1,2,4,Other,0
12947,2010-12-01 16:21:00,2011-07-19 10:06:00,6,1603.99,267.33166666666665,144,229,1,4,3,8,At Risk,1
12948,2011-03-20 10:17:00,2011-11-23 17:10:00,7,2064.95,294.99285714285713,16,248,4,4,4,12,Champions,1
12949,2011-04-01 13:20:00,2011-11-09 11:25:00,8,4167.22,520.9025,31,221,3,4,4,11,Loyal Customers,1
12950,2011-11-15 13:48:00,2011-12-07 13:17:00,3,1843.0,614.3333333333334,2,21,4,3,4,11,Loyal Customers,1
12951,2011-01-13 10:33:00,2011-12-01 12:14:00,6,1064.0700000000002,177.34500000000003,9,322,4,4,3,11,Champions,1
12952,2011-09-22 16:37:00,2011-12-04 10:35:00,4,1387.79,346.9475,6,72,4,3,3,10,Loyal Customers,1
12953,2011-11-30 09:24:00,2011-11-30 09:24:00,1,329.85,329.85,10,0,4,1,2,7,New / Promising,0
12955,2011-03-17 09:03:00,2011-12-08 16:29:00,11,4757.16,432.4690909090909,1,266,4,4,4,12,Champions,1
12956,2011-02-06 16:08:00,2011-02-06 16:08:00,1,108.07,108.07,306,0,1,1,1,3,Other,0
12957,2011-01-04 12:18:00,2011-11-30 09:53:00,8,4017.54,502.1925,10,329,4,4,4,12,Champions,1
12962,2011-08-18 13:38:00,2011-12-02 15:55:00,2,266.39000000000004,133.19500000000002,7,106,4,2,1,7,New / Promising,0
12963,2010-12-09 09:14:00,2011-12-01 12:55:00,8,1856.63,232.07875,8,357,4,4,4,12,Champions,1
12965,2011-09-11 15:31:00,2011-09-11 15:31:00,1,769.8100000000001,769.8100000000001,89,0,2,1,3,6,Other,0
12966,2011-11-30 12:38:00,2011-11-30 12:38:00,1,160.18,160.18,10,0,4,1,1,6,New / Promising,0
12967,2010-12-03 09:49:00,2010-12-16 19:10:00,2,1660.9,830.45,358,13,1,2,4,7,High Value,0
12968,2011-08-19 15:44:00,2011-08-19 15:44:00,1,135.95,135.95,112,0,2,1,1,4,Other,0
12970,2011-01-21 14:04:00,2011-12-02 14:30:00,4,405.46999999999997,101.36749999999999,7,315,4,3,2,9,Loyal Customers,1
12971,2010-12-02 16:42:00,2011-12-06 12:20:00,86,11189.91,130.11523255813952,4,368,4,4,4,12,Champions,1
12974,2011-05-26 09:33:00,2011-05-26 09:33:00,1,144.8,144.8,198,0,1,1,1,3,Other,0
12976,2011-05-12 09:55:00,2011-05-12 09:55:00,1,738.6,738.6,212,0,1,1,3,5,Other,0
12977,2011-07-06 16:40:00,2011-07-06 16:40:00,1,39.24,39.24,156,0,1,1,1,3,Other,0
12980,2010-12-16 11:36:00,2011-07-05 09:34:00,9,7374.900000000001,819.4333333333334,158,200,1,4,4,9,At Risk,1
12981,2011-07-29 14:14:00,2011-11-10 12:00:00,2,372.22,186.11,30,103,3,2,2,7,New / Promising,0
12982,2011-04-11 11:51:00,2011-04-11 11:51:00,1,390.54,390.54,243,0,1,1,2,4,Other,0
12984,2011-11-21 12:37:00,2011-11-21 12:37:00,1,97.5,97.5,19,0,3,1,1,5,New / Promising,0
12985,2011-11-11 12:44:00,2011-12-09 10:46:00,2,1239.38,619.69,1,27,4,2,3,9,New / Promising,1
12987,2011-05-26 12:00:00,2011-09-27 12:03:00,2,558.7,279.35,74,124,2,2,2,6,Other,0
12988,2011-02-20 14:31:00,2011-02-20 14:31:00,1,505.82,505.82,292,0,1,1,2,4,Other,0
12989,2010-12-10 13:24:00,2011-12-06 15:28:00,15,6924.11,461.6073333333333,3,361,4,4,4,12,Champions,1
12990,2011-02-02 15:39:00,2011-11-08 13:01:00,3,409.5,136.5,31,278,3,3,2,8,Loyal Customers,0
12991,2011-08-19 14:39:00,2011-11-16 15:34:00,2,503.76,251.88,23,89,3,2,2,7,New / Promising,0
12993,2011-02-14 14:29:00,2011-11-16 15:49:00,4,414.76,103.69,23,275,3,3,2,8,Loyal Customers,0
12994,2011-03-16 08:31:00,2011-12-05 15:43:00,3,974.4200000000001,324.8066666666667,4,264,4,3,3,10,Loyal Customers,1
12995,2011-09-15 15:44:00,2011-09-15 15:44:00,1,211.32,211.32,85,0,2,1,1,4,Other,0
12997,2011-01-26 15:49:00,2011-11-17 15:47:00,4,1226.89,306.7225,22,294,3,3,3,9,Loyal Customers,1
12999,2011-04-08 10:26:00,2011-05-27 13:24:00,3,455.88,151.96,196,49,1,3,2,6,At Risk,0
13000,2010-12-10 10:26:00,2011-08-25 10:43:00,3,534.85,178.28333333333333,107,258,2,3,2,7,At Risk,0
13001,2011-01-17 12:45:00,2011-12-05 14:51:00,13,9785.970000000001,752.7669230769231,4,322,4,4,4,12,Champions,1
13002,2011-01-25 15:18:00,2011-01-25 15:18:00,1,120.94999999999999,120.94999999999999,318,0,1,1,1,3,Other,0
13003,2011-05-09 08:23:00,2011-08-26 10:50:00,3,149.05,49.68333333333334,106,109,2,3,1,6,At Risk,0
13004,2010-12-17 08:20:00,2011-11-28 11:27:00,18,5655.91,314.21722222222223,12,346,4,4,4,12,Champions,1
13005,2011-04-07 13:32:00,2011-06-19 10:53:00,2,513.7,256.85,174,72,1,2,2,5,Other,0
13006,2011-10-14 13:49:00,2011-10-14 13:49:00,1,81.57,81.57,56,0,2,1,1,4,Other,0
13008,2011-01-20 14:24:00,2011-01-20 14:24:00,1,229.46999999999997,229.46999999999997,323,0,1,1,1,3,Other,0
13011,2010-12-02 17:22:00,2010-12-02 17:22:00,1,50.550000000000004,50.550000000000004,372,0,1,1,1,3,Other,0
13012,2011-02-18 09:43:00,2011-11-30 13:05:00,8,1646.8400000000001,205.85500000000002,9,285,4,4,3,11,Champions,1
13013,2010-12-03 12:28:00,2011-12-08 15:01:00,13,4810.9400000000005,370.07230769230773,1,370,4,4,4,12,Champions,1
13014,2011-03-03 18:28:00,2011-11-29 12:27:00,10,3466.2799999999997,346.628,11,270,4,4,4,12,Champions,1
13015,2011-04-04 14:28:00,2011-10-17 13:19:00,5,3339.64,667.928,53,195,2,4,4,10,At Risk,1
13016,2011-08-08 15:00:00,2011-09-27 14:08:00,3,789.89,263.2966666666667,73,49,2,3,3,8,At Risk,0
13017,2011-12-02 15:53:00,2011-12-02 15:53:00,1,204.0,204.0,7,0,4,1,1,6,New / Promising,0
13018,2011-02-17 11:05:00,2011-11-23 13:28:00,28,7277.7,259.91785714285714,16,279,4,4,4,12,Champions,1
13021,2010-12-16 10:12:00,2011-12-05 16:37:00,9,2616.38,290.7088888888889,4,354,4,4,4,12,Champions,1
13023,2011-08-02 09:34:00,2011-10-06 16:27:00,2,689.9000000000001,344.95000000000005,64,65,2,2,3,7,Other,0
13026,2011-03-09 11:35:00,2011-12-08 16:58:00,5,975.36,195.072,1,274,4,4,3,11,Champions,1
13027,2010-12-20 12:45:00,2011-08-18 09:39:00,6,6912.0,1152.0,114,240,2,4,4,10,At Risk,1
13028,2011-10-25 14:09:00,2011-11-17 11:10:00,2,661.3199999999999,330.65999999999997,23,22,3,2,2,7,New / Promising,0
13029,2010-12-21 13:53:00,2011-11-09 09:13:00,3,1247.5,415.8333333333333,31,322,3,3,3,9,Loyal Customers,1
13030,2010-12-06 14:31:00,2011-11-28 14:30:00,2,752.44,376.22,11,356,4,2,3,9,New / Promising,1
13032,2011-09-13 16:40:00,2011-10-18 15:54:00,2,1010.1800000000001,505.09000000000003,52,34,2,2,3,7,Other,0
13033,2010-12-17 14:23:00,2010-12-17 14:23:00,1,190.55,190.55,357,0,1,1,1,3,Other,0
13034,2010-12-05 14:52:00,2011-10-16 12:21:00,2,642.77,321.385,55,314,2,2,2,6,Other,0
13035,2011-03-24 09:21:00,2011-09-27 08:57:00,2,921.88,460.94,74,186,2,2,3,7,Other,0
13037,2011-03-28 15:42:00,2011-07-24 15:46:00,3,881.07,293.69,138,118,2,3,3,8,At Risk,0
13038,2011-02-22 11:43:00,2011-09-20 14:37:00,3,908.46,302.82,80,210,2,3,3,8,At Risk,0
13040,2011-11-06 13:53:00,2011-12-01 10:38:00,2,676.99,338.495,9,24,4,2,3,9,New / Promising,1
13043,2011-03-11 14:52:00,2011-03-11 14:52:00,1,516.42,516.42,273,0,1,1,2,4,Other,0
13044,2011-02-21 15:20:00,2011-02-21 15:20:00,1,560.47,560.47,291,0,1,1,2,4,Other,0
13045,2011-09-01 15:04:00,2011-09-01 15:04:00,1,305.28,305.28,99,0,2,1,1,4,Other,0
13046,2011-03-18 15:43:00,2011-11-09 08:36:00,2,629.3100000000001,314.65500000000003,31,235,3,2,2,7,New / Promising,0
13047,2010-12-01 08:34:00,2011-11-08 12:06:00,10,3237.54,323.754,32,342,3,4,4,11,Loyal Customers,1
13048,2011-01-16 14:36:00,2011-11-25 13:23:00,4,1819.41,454.8525,14,312,4,3,4,11,Loyal Customers,1
13049,2011-01-25 16:33:00,2011-10-06 15:31:00,2,656.6800000000001,328.34000000000003,64,253,2,2,2,6,Other,0
13050,2010-12-08 09:30:00,2011-11-25 09:18:00,17,5836.86,343.3447058823529,15,351,4,4,4,12,Champions,1
13052,2011-05-11 14:12:00,2011-05-11 14:12:00,1,348.15000000000003,348.15000000000003,212,0,1,1,2,4,Other,0
13055,2011-05-10 08:58:00,2011-09-22 14:26:00,3,1214.41,404.80333333333334,78,135,2,3,3,8,At Risk,0
13058,2011-07-11 12:01:00,2011-11-15 12:43:00,3,271.4,90.46666666666665,25,127,3,3,1,7,Loyal Customers,0
13059,2011-04-04 10:40:00,2011-04-04 10:40:00,1,183.4,183.4,250,0,1,1,1,3,Other,0
13060,2011-03-31 11:37:00,2011-03-31 11:37:00,1,307.53,307.53,254,0,1,1,2,4,Other,0
13061,2011-09-28 16:04:00,2011-09-28 16:04:00,1,248.61,248.61,72,0,2,1,1,4,Other,0
13062,2011-06-01 15:12:00,2011-06-01 15:12:00,1,346.98,346.98,191,0,1,1,2,4,Other,0
13064,2011-01-16 13:41:00,2011-11-27 12:31:00,4,1105.5900000000001,276.39750000000004,13,314,4,3,3,10,Loyal Customers,1
13065,2010-12-01 16:52:00,2010-12-01 16:52:00,1,205.86,205.86,373,0,1,1,1,3,Other,0
13066,2011-11-07 17:06:00,2011-11-15 12:57:00,2,470.8,235.4,24,7,3,2,2,7,New / Promising,0
13067,2011-09-18 13:38:00,2011-09-18 13:38:00,1,115.46000000000001,115.46000000000001,82,0,2,1,1,4,Other,0
13068,2011-01-24 08:20:00,2011-11-29 15:00:00,2,344.0,172.0,10,309,4,2,2,8,New / Promising,0
13069,2010-12-05 11:02:00,2011-12-09 08:39:00,24,4431.44,184.64333333333332,1,368,4,4,4,12,Champions,1
13070,2011-05-31 13:45:00,2011-05-31 13:45:00,1,228.8,228.8,192,0,1,1,1,3,Other,0
13072,2011-03-18 08:12:00,2011-03-18 08:12:00,1,177.15,177.15,267,0,1,1,1,3,Other,0
13075,2011-08-02 10:19:00,2011-08-02 10:19:00,1,919.61,919.61,130,0,2,1,3,6,Other,0
13077,2010-12-08 14:59:00,2011-12-08 19:24:00,4,728.02,182.005,1,365,4,3,3,10,Loyal Customers,1
13078,2010-12-08 09:07:00,2011-12-06 15:36:00,26,12627.94,485.69,3,363,4,4,4,12,Champions,1
13079,2011-07-22 14:41:00,2011-12-05 16:53:00,5,220.10000000000002,44.02,4,136,4,4,1,9,Loyal Customers,1
13080,2011-06-13 14:59:00,2011-06-13 14:59:00,1,58.08,58.08,179,0,1,1,1,3,Other,0
13081,2010-12-03 17:20:00,2011-11-28 10:54:00,11,28337.38,2576.1254545454544,12,359,4,4,4,12,Champions,1
13082,2011-01-05 15:42:00,2011-08-05 16:16:00,9,3613.63,401.51444444444445,126,212,2,4,4,10,At Risk,1
13083,2011-09-25 10:46:00,2011-12-05 15:01:00,2,303.75,151.875,4,71,4,2,1,7,New / Promising,0
13085,2011-02-17 13:57:00,2011-07-05 12:11:00,2,416.08000000000004,208.04000000000002,158,137,1,2,2,5,Other,0
13089,2010-12-05 10:27:00,2011-12-07 09:02:00,97,58762.08,605.7946391752578,3,366,4,4,4,12,Champions,1
13090,2010-12-02 07:48:00,2011-12-01 12:39:00,14,8910.82,636.4871428571429,9,364,4,4,4,12,Champions,1
13091,2011-11-11 15:54:00,2011-11-11 15:54:00,1,345.82,345.82,28,0,3,1,2,6,New / Promising,0
13092,2010-12-15 12:27:00,2011-09-30 11:18:00,5,477.83,95.566,71,288,2,4,2,8,At Risk,0
13093,2010-12-01 15:00:00,2011-03-09 12:14:00,8,7832.47,979.05875,276,97,1,4,4,9,At Risk,1
13094,2010-12-06 10:34:00,2011-11-18 14:07:00,12,1927.3200000000002,160.61,21,347,3,4,4,11,Loyal Customers,1
13095,2011-09-30 12:03:00,2011-09-30 12:03:00,1,74.39999999999999,74.39999999999999,71,0,2,1,1,4,Other,0
13097,2010-12-14 15:13:00,2011-11-07 10:43:00,10,6003.22,600.322,33,327,3,4,4,11,Loyal Customers,1
13098,2011-01-26 13:46:00,2011-12-08 14:14:00,28,28882.44,1031.5157142857142,1,316,4,4,4,12,Champions,1
13099,2011-09-01 17:40:00,2011-09-01 17:40:00,1,207.35999999999999,207.35999999999999,99,0,2,1,1,4,Other,0
13101,2011-04-19 14:37:00,2011-04-19 14:37:00,1,101.19,101.19,234,0,1,1,1,3,Other,0
13102,2010-12-09 13:38:00,2011-12-08 12:52:00,24,6424.09,267.67041666666665,1,363,4,4,4,12,Champions,1
13103,2011-10-31 09:38:00,2011-10-31 09:38:00,1,243.94,243.94,40,0,3,1,1,5,New / Promising,0
13104,2010-12-20 11:58:00,2011-12-06 13:10:00,6,1098.48,183.08,3,351,4,4,3,11,Champions,1
13106,2011-07-29 15:12:00,2011-07-29 15:12:00,1,76.5,76.5,133,0,2,1,1,4,Other,0
13107,2011-01-10 12:28:00,2011-10-26 14:52:00,4,1531.6200000000001,382.90500000000003,44,289,3,3,3,9,Loyal Customers,1
13108,2010-12-02 10:35:00,2010-12-02 10:35:00,1,350.06,350.06,373,0,1,1,2,4,Other,0
13109,2011-07-05 14:56:00,2011-10-11 10:16:00,2,786.54,393.27,60,97,2,2,3,7,Other,0
13110,2011-02-01 15:24:00,2011-11-08 14:30:00,7,1488.67,212.66714285714286,31,279,3,4,3,10,Loyal Customers,1
13113,2010-12-08 13:21:00,2011-12-09 12:49:00,24,12245.96,510.2483333333333,1,365,4,4,4,12,Champions,1
13115,2011-06-08 16:15:00,2011-11-28 12:38:00,4,2294.78,573.695,12,172,4,3,4,11,Loyal Customers,1
13116,2011-07-24 14:33:00,2011-07-24 14:33:00,1,501.14,501.14,138,0,2,1,2,5,Other,0
13117,2010-12-02 13:11:00,2011-11-18 12:02:00,8,984.91,123.11375,22,350,3,4,3,10,Loyal Customers,1
13118,2011-02-24 12:32:00,2011-11-20 12:46:00,5,1197.81,239.56199999999998,20,269,3,4,3,10,Loyal Customers,1
13120,2011-04-15 10:19:00,2011-04-15 10:19:00,1,30.599999999999998,30.599999999999998,239,0,1,1,1,3,Other,0
13121,2011-03-15 16:47:00,2011-03-15 16:47:00,1,283.73,283.73,269,0,1,1,1,3,Other,0
13122,2011-04-13 14:12:00,2011-09-06 15:53:00,2,922.39,461.195,94,146,2,2,3,7,Other,0
13124,2010-12-15 15:00:00,2011-09-11 12:45:00,3,3756.33,1252.11,90,269,2,3,4,9,At Risk,1
13126,2010-12-08 11:42:00,2011-12-05 10:00:00,8,2099.64,262.455,5,361,4,4,4,12,Champions,1
13127,2011-09-23 10:26:00,2011-09-23 10:26:00,1,259.17,259.17,78,0,2,1,1,4,Other,0
13130,2011-09-06 15:30:00,2011-09-06 15:30:00,1,64.0,64.0,94,0,2,1,1,4,Other,0
13131,2011-06-05 10:54:00,2011-11-16 13:21:00,3,1073.3,357.76666666666665,23,164,3,3,3,9,Loyal Customers,1
13132,2011-03-23 12:44:00,2011-03-23 12:44:00,1,77.3,77.3,262,0,1,1,1,3,Other,0
13133,2011-02-08 15:48:00,2011-03-11 10:31:00,2,109.80000000000001,54.900000000000006,274,30,1,2,1,4,Other,0
13134,2011-04-13 12:57:00,2011-09-15 10:35:00,4,1793.58,448.395,86,154,2,3,4,9,At Risk,1
13135,2011-05-27 10:52:00,2011-05-27 10:52:00,1,3096.0,3096.0,197,0,1,1,4,6,High Value,0
13136,2011-05-11 12:47:00,2011-10-14 13:41:00,5,2607.61,521.522,56,156,2,4,4,10,At Risk,1
13137,2011-02-04 11:54:00,2011-11-29 12:09:00,8,3603.29,450.41125,11,298,4,4,4,12,Champions,1
13138,2010-12-02 15:03:00,2011-11-17 16:51:00,6,962.39,160.39833333333334,22,350,3,4,3,10,Loyal Customers,1
13139,2011-03-25 11:57:00,2011-11-23 13:54:00,7,5064.94,723.5628571428571,16,243,4,4,4,12,Champions,1
13140,2010-12-08 15:12:00,2011-08-23 15:33:00,3,422.47,140.82333333333335,108,258,2,3,2,7,At Risk,0
13141,2011-01-28 13:04:00,2011-09-16 09:54:00,5,2388.75,477.75,85,230,2,4,4,10,At Risk,1
13142,2011-11-20 16:07:00,2011-11-20 16:07:00,1,307.09,307.09,19,0,3,1,2,6,New / Promising,0
13144,2011-01-11 11:15:00,2011-01-11 11:15:00,1,110.95,110.95,333,0,1,1,1,3,Other,0
13145,2010-12-02 18:06:00,2011-10-31 12:45:00,4,618.52,154.63,40,332,3,3,2,8,Loyal Customers,0
13146,2011-11-13 15:29:00,2011-11-13 15:29:00,1,228.91,228.91,26,0,3,1,1,5,New / Promising,0
13147,2011-09-01 12:28:00,2011-11-29 13:59:00,4,712.8000000000001,178.20000000000002,10,89,4,3,3,10,Loyal Customers,1
13148,2010-12-10 13:06:00,2011-11-10 15:23:00,12,3683.26,306.93833333333333,29,335,3,4,4,11,Loyal Customers,1
13149,2011-02-23 13:57:00,2011-11-25 13:09:00,4,1676.06,419.015,14,274,4,3,4,11,Loyal Customers,1
13151,2011-02-17 12:29:00,2011-02-17 12:29:00,1,1257.8700000000001,1257.8700000000001,296,0,1,1,3,5,Other,0
13153,2011-12-04 12:14:00,2011-12-04 12:14:00,1,486.22,486.22,6,0,4,1,2,7,New / Promising,0
13155,2010-12-06 12:44:00,2011-11-06 15:41:00,4,971.76,242.94,33,335,3,3,3,9,Loyal Customers,1
13157,2011-02-14 14:03:00,2011-10-21 13:50:00,4,1741.22,435.305,49,248,3,3,4,10,Loyal Customers,1
13158,2011-01-25 09:58:00,2011-09-06 11:58:00,4,1201.06,300.265,95,224,2,3,3,8,At Risk,0
13159,2011-08-16 11:44:00,2011-12-01 11:20:00,4,1429.35,357.3375,9,106,4,3,3,10,Loyal Customers,1
13160,2011-11-17 13:07:00,2011-11-17 13:07:00,1,91.8,91.8,22,0,3,1,1,5,New / Promising,0
13161,2011-01-30 14:03:00,2011-01-30 14:03:00,1,112.75,112.75,313,0,1,1,1,3,Other,0
13162,2011-01-09 10:43:00,2011-08-09 15:59:00,4,1688.29,422.0725,122,212,2,3,4,9,At Risk,0
13165,2010-12-23 14:06:00,2011-10-24 15:05:00,2,1021.48,510.74,46,305,3,2,3,8,New / Promising,0
13166,2011-03-01 15:16:00,2011-03-01 15:16:00,1,417.2,417.2,283,0,1,1,2,4,Other,0
13167,2011-07-19 12:13:00,2011-11-21 12:24:00,4,791.3299999999999,197.83249999999998,19,125,3,3,3,9,Loyal Customers,1
13168,2011-01-25 13:55:00,2011-11-03 12:56:00,4,1299.5900000000001,324.89750000000004,36,281,3,3,3,9,Loyal Customers,1
13169,2011-04-01 14:24:00,2011-10-07 12:11:00,2,712.8800000000001,356.44000000000005,64,188,2,2,3,7,Other,0
13170,2011-11-13 12:19:00,2011-11-13 12:19:00,1,108.81,108.81,27,0,3,1,1,5,New / Promising,0
13171,2011-02-13 14:16:00,2011-11-18 10:27:00,3,468.40999999999997,156.13666666666666,22,277,3,3,2,8,Loyal Customers,0
13173,2010-12-07 14:30:00,2011-12-05 15:51:00,2,353.65,176.825,4,363,4,2,2,8,New / Promising,1
13174,2010-12-05 16:24:00,2011-11-23 14:35:00,3,2742.8199999999997,914.2733333333332,16,352,4,3,4,11,Loyal Customers,1
13176,2011-10-24 15:43:00,2011-10-24 15:43:00,1,481.49,481.49,46,0,3,1,2,6,New / Promising,0
13177,2011-10-06 09:56:00,2011-10-06 09:56:00,1,282.45,282.45,65,0,2,1,1,4,Other,0
13178,2010-12-14 12:22:00,2011-11-13 16:14:00,11,5725.47,520.4972727272727,26,334,3,4,4,11,Loyal Customers,1
13182,2011-10-25 13:46:00,2011-10-25 13:46:00,1,121.18,121.18,45,0,3,1,1,5,New / Promising,0
13183,2011-01-09 10:50:00,2011-12-02 10:30:00,9,3957.78,439.75333333333333,8,326,4,4,4,12,Champions,1
13184,2011-02-22 17:25:00,2011-11-25 12:02:00,10,1668.95,166.895,15,275,4,4,4,12,Champions,1
13185,2011-03-17 11:56:00,2011-03-17 11:56:00,1,71.4,71.4,268,0,1,1,1,3,Other,0
13186,2011-08-03 09:09:00,2011-10-31 11:40:00,3,1575.89,525.2966666666667,40,89,3,3,3,9,Loyal Customers,1
13187,2011-01-06 18:57:00,2011-01-06 18:57:00,1,236.02,236.02,337,0,1,1,1,3,Other,0
13188,2011-11-28 15:28:00,2011-11-28 15:28:00,1,114.60000000000001,114.60000000000001,11,0,4,1,1,6,New / Promising,0
13189,2011-08-16 13:12:00,2011-11-21 10:39:00,2,260.68,130.34,19,96,3,2,1,6,New / Promising,0
13192,2011-05-18 14:57:00,2011-09-05 14:13:00,2,911.94,455.97,95,109,2,2,3,7,Other,0
13193,2011-10-09 14:30:00,2011-10-09 14:30:00,1,112.08,112.08,61,0,2,1,1,4,Other,0
13194,2011-07-27 09:01:00,2011-07-27 09:01:00,1,60.7,60.7,136,0,2,1,1,4,Other,0
13196,2011-03-22 14:24:00,2011-11-28 13:54:00,4,1797.78,449.445,11,250,4,3,4,11,Loyal Customers,1
13198,2010-12-13 09:29:00,2011-11-29 15:17:00,6,3401.24,566.8733333333333,10,351,4,4,4,12,Champions,1
13199,2010-12-08 10:51:00,2011-12-06 12:30:00,38,9817.12,258.34526315789475,4,363,4,4,4,12,Champions,1
13200,2011-08-05 14:50:00,2011-11-20 15:35:00,4,870.09,217.5225,19,107,3,3,3,9,Loyal Customers,1
13203,2011-04-11 14:40:00,2011-11-30 10:45:00,4,869.46,217.365,10,232,4,3,3,10,Loyal Customers,1
13207,2011-07-12 11:35:00,2011-11-24 14:52:00,2,250.26000000000005,125.13000000000002,15,135,4,2,1,7,New / Promising,0
13208,2011-02-03 19:32:00,2011-10-12 09:54:00,6,1217.65,202.9416666666667,59,250,2,4,3,9,At Risk,1
13209,2010-12-13 10:31:00,2011-11-09 13:54:00,8,5891.61,736.45125,30,331,3,4,4,11,Loyal Customers,1
13210,2011-09-07 08:18:00,2011-09-07 08:18:00,1,353.48,353.48,94,0,2,1,2,5,Other,0
13211,2010-12-13 16:17:00,2011-11-29 14:43:00,3,1095.42,365.14000000000004,10,350,4,3,3,10,Loyal Customers,1
13212,2011-10-09 14:48:00,2011-11-20 12:40:00,3,786.83,262.2766666666667,20,41,3,3,3,9,Loyal Customers,1
13213,2011-05-24 12:22:00,2011-10-14 11:42:00,5,1520.5800000000002,304.11600000000004,57,142,2,4,3,9,At Risk,1
13216,2011-03-17 12:18:00,2011-03-17 12:18:00,1,333.74,333.74,268,0,1,1,2,4,Other,0
13217,2011-07-06 12:08:00,2011-08-09 15:32:00,3,533.98,177.99333333333334,122,34,2,3,2,7,At Risk,0
13218,2011-08-04 16:59:00,2011-08-04 16:59:00,1,62.63999999999999,62.63999999999999,127,0,2,1,1,4,Other,0
13220,2011-04-17 10:59:00,2011-09-22 13:38:00,4,819.29,204.8225,78,158,2,3,3,8,At Risk,0
13221,2010-12-15 13:24:00,2011-04-13 16:58:00,2,847.4100000000001,423.70500000000004,240,119,1,2,3,6,Other,0
13223,2011-04-21 15:16:00,2011-05-23 13:03:00,2,163.20000000000002,81.60000000000001,200,31,1,2,1,4,Other,0
13224,2011-07-11 14:10:00,2011-10-10 14:55:00,2,2155.95,1077.975,60,91,2,2,4,8,High Value,0
13225,2010-12-13 09:49:00,2011-12-06 13:29:00,7,6463.84,923.4057142857143,3,358,4,4,4,12,Champions,1
13226,2011-03-11 14:35:00,2011-03-11 14:35:00,1,108.21,108.21,273,0,1,1,1,3,Other,0
13227,2011-05-22 11:47:00,2011-05-22 11:47:00,1,257.7,257.7,202,0,1,1,1,3,Other,0
13228,2011-09-19 14:28:00,2011-09-19 14:28:00,1,358.0,358.0,81,0,2,1,2,5,Other,0
13229,2011-04-28 12:07:00,2011-04-28 12:07:00,1,160.95,160.95,226,0,1,1,1,3,Other,0
13230,2010-12-09 19:28:00,2011-12-05 16:03:00,14,2755.63,196.8307142857143,4,360,4,4,4,12,Champions,1
13232,2011-04-10 13:48:00,2011-11-27 10:39:00,7,1328.35,189.7642857142857,13,230,4,4,3,11,Champions,1
13233,2011-01-07 14:49:00,2011-09-26 13:25:00,2,605.12,302.56,74,261,2,2,2,6,Other,0
13235,2011-05-11 17:13:00,2011-05-11 17:13:00,1,1031.07,1031.07,212,0,1,1,3,5,Other,0
13236,2011-08-25 08:58:00,2011-11-15 12:50:00,2,744.85,372.425,25,82,3,2,3,8,New / Promising,0
13238,2010-12-14 14:37:00,2011-11-22 15:37:00,4,700.73,175.1825,17,343,4,3,3,10,Loyal Customers,1
13239,2011-03-23 10:25:00,2011-03-23 10:25:00,1,329.56,329.56,262,0,1,1,2,4,Other,0
13240,2010-12-09 12:49:00,2011-09-04 14:08:00,4,663.65,165.9125,96,269,2,3,2,7,At Risk,0
13242,2011-05-10 12:26:00,2011-08-19 12:53:00,3,270.4,90.13333333333333,112,101,2,3,1,6,At Risk,0
13243,2011-05-20 13:14:00,2011-05-20 13:14:00,1,585.12,585.12,203,0,1,1,2,4,Other,0
13244,2011-09-08 11:46:00,2011-09-08 11:46:00,1,121.74,121.74,93,0,2,1,1,4,Other,0
13245,2011-10-20 11:40:00,2011-10-20 11:40:00,1,430.5,430.5,51,0,3,1,2,6,New / Promising,0
13246,2011-01-13 13:36:00,2011-11-21 16:50:00,6,1961.52,326.92,18,312,4,4,4,12,Champions,1
13247,2011-09-18 11:31:00,2011-11-22 10:59:00,4,501.12,125.28,18,64,4,3,2,9,Loyal Customers,1
13248,2011-06-03 13:05:00,2011-08-07 12:40:00,2,465.68000000000006,232.84000000000003,125,64,2,2,2,6,Other,0
13249,2011-03-23 15:26:00,2011-09-08 13:26:00,3,711.4100000000001,237.13666666666668,92,168,2,3,3,8,At Risk,0
13253,2011-01-04 15:43:00,2011-07-06 10:09:00,2,1030.4,515.2,157,182,1,2,3,6,Other,0
13255,2010-12-01 11:58:00,2011-11-30 13:14:00,2,399.51,199.755,9,364,4,2,2,8,New / Promising,0
13258,2011-05-18 13:11:00,2011-11-28 09:31:00,3,672.83,224.27666666666667,12,193,4,3,3,10,Loyal Customers,1
13259,2011-10-09 10:48:00,2011-10-09 10:48:00,1,283.18,283.18,62,0,2,1,1,4,Other,0
13260,2011-10-09 13:21:00,2011-10-09 13:21:00,1,557.62,557.62,61,0,2,1,2,5,Other,0
13261,2011-02-27 10:41:00,2011-03-16 12:22:00,2,944.1,472.05,269,17,1,2,3,6,Other,0
13262,2011-03-21 15:06:00,2011-03-21 15:06:00,1,200.29,200.29,263,0,1,1,1,3,Other,0
13263,2011-01-18 16:31:00,2011-12-08 13:59:00,35,7436.93,212.48371428571429,1,323,4,4,4,12,Champions,1
13265,2011-03-11 09:54:00,2011-10-17 15:02:00,5,2092.6600000000003,418.53200000000004,53,220,2,4,4,10,At Risk,1
13266,2011-03-28 10:14:00,2011-11-28 14:39:00,12,3834.2599999999998,319.52166666666665,11,245,4,4,4,12,Champions,1
13267,2010-12-08 09:20:00,2011-12-07 11:12:00,19,4521.49,237.97315789473683,3,364,4,4,4,12,Champions,1
13268,2011-03-17 13:20:00,2011-11-22 11:51:00,11,3174.75,288.6136363636364,18,249,4,4,4,12,Champions,1
13269,2010-12-05 11:51:00,2011-12-08 14:53:00,15,5343.28,356.21866666666665,1,368,4,4,4,12,Champions,1
13270,2010-12-08 14:53:00,2010-12-08 14:53:00,1,590.0,590.0,366,0,1,1,2,4,Other,0
13271,2011-11-02 14:31:00,2011-11-02 14:31:00,1,211.49,211.49,37,0,3,1,1,5,New / Promising,0
13272,2011-09-11 12:06:00,2011-11-08 14:00:00,2,276.56,138.28,31,58,3,2,1,6,New / Promising,0
13273,2011-08-18 14:02:00,2011-08-18 14:02:00,1,138.98,138.98,113,0,2,1,1,4,Other,0
13276,2011-09-01 10:03:00,2011-10-07 12:44:00,2,590.9300000000001,295.46500000000003,64,36,2,2,2,6,Other,0
13277,2011-07-29 10:06:00,2011-11-24 09:21:00,4,258.4,64.6,16,117,4,3,1,8,Loyal Customers,0
13278,2011-10-30 11:49:00,2011-10-30 11:49:00,1,542.73,542.73,41,0,3,1,2,6,New / Promising,0
13279,2011-09-22 17:24:00,2011-09-22 17:24:00,1,137.75,137.75,78,0,2,1,1,4,Other,0
13280,2011-01-06 17:10:00,2011-08-09 13:14:00,3,798.46,266.15333333333336,122,214,2,3,3,8,At Risk,0
13282,2011-05-03 12:03:00,2011-11-21 15:33:00,3,1132.14,377.38000000000005,18,202,4,3,3,10,Loyal Customers,1
13283,2011-06-07 12:39:00,2011-10-11 09:50:00,2,93.66,46.83,60,125,2,2,1,5,Other,0
13284,2011-01-13 09:23:00,2011-01-13 09:23:00,1,201.19,201.19,331,0,1,1,1,3,Other,0
13285,2011-02-22 17:13:00,2011-11-16 13:19:00,4,2709.12,677.28,23,266,3,3,4,10,Loyal Customers,1
13291,2011-07-07 10:36:00,2011-07-07 10:36:00,1,361.11,361.11,156,0,1,1,2,4,Other,0
13292,2011-02-28 15:00:00,2011-11-01 10:04:00,2,578.94,289.47,39,245,3,2,2,7,New / Promising,0
13294,2011-04-04 12:37:00,2011-06-03 08:54:00,2,873.74,436.87,190,59,1,2,3,6,Other,0
13295,2010-12-15 11:21:00,2010-12-15 11:21:00,1,201.20000000000002,201.20000000000002,360,0,1,1,1,3,Other,0
13296,2011-07-25 13:46:00,2011-07-25 13:46:00,1,87.4,87.4,137,0,2,1,1,4,Other,0
13297,2011-10-03 15:08:00,2011-12-02 09:32:00,4,2089.85,522.4625,8,59,4,3,4,11,Loyal Customers,1
13298,2011-12-08 13:11:00,2011-12-08 13:11:00,1,360.0,360.0,1,0,4,1,2,7,New / Promising,1
13299,2011-03-16 12:55:00,2011-03-16 12:55:00,1,142.5,142.5,268,0,1,1,1,3,Other,0
13300,2011-06-23 13:09:00,2011-06-23 13:09:00,1,371.89,371.89,169,0,1,1,2,4,Other,0
13301,2011-02-20 13:13:00,2011-08-28 11:25:00,4,618.09,154.5225,104,188,2,3,2,7,At Risk,0
13302,2011-07-07 17:56:00,2011-07-07 17:56:00,1,63.75,63.75,155,0,1,1,1,3,Other,0
13304,2010-12-23 14:35:00,2010-12-23 14:35:00,1,300.42,300.42,351,0,1,1,1,3,Other,0
13305,2010-12-02 12:10:00,2011-12-05 15:15:00,10,2000.86,200.08599999999998,4,368,4,4,4,12,Champions,1
13307,2011-08-11 17:14:00,2011-08-11 17:14:00,1,15.0,15.0,120,0,2,1,1,4,Other,0
13308,2011-05-20 13:13:00,2011-11-17 09:31:00,3,1385.51,461.83666666666664,23,180,3,3,3,9,Loyal Customers,1
13309,2011-02-04 12:29:00,2011-12-02 16:34:00,5,1456.79,291.358,7,301,4,4,3,11,Champions,1
13310,2011-01-19 14:50:00,2011-11-11 17:23:00,3,1132.03,377.3433333333333,28,296,3,3,3,9,Loyal Customers,1
13311,2011-07-12 14:26:00,2011-12-05 12:55:00,2,598.57,299.285,4,145,4,2,2,8,New / Promising,1
13313,2011-01-04 10:00:00,2011-11-17 16:48:00,5,1555.3200000000002,311.064,22,317,3,4,3,10,Loyal Customers,1
13314,2011-09-27 10:20:00,2011-12-08 12:29:00,3,775.94,258.6466666666667,2,72,4,3,3,10,Loyal Customers,1
13316,2011-03-30 13:01:00,2011-11-02 13:40:00,4,5732.93,1433.2325,37,217,3,3,4,10,Loyal Customers,1
13317,2010-12-16 09:22:00,2011-10-04 13:35:00,6,2273.6800000000003,378.9466666666667,66,292,2,4,4,10,At Risk,1
13318,2011-11-02 13:26:00,2011-12-08 18:51:00,3,640.76,213.58666666666667,1,36,4,3,2,9,Loyal Customers,1
13319,2010-12-09 10:04:00,2011-12-04 13:34:00,26,10845.55,417.1365384615384,5,360,4,4,4,12,Champions,1
13320,2011-05-10 10:29:00,2011-09-22 18:07:00,4,1532.2,383.05,78,135,2,3,3,8,At Risk,1
13321,2011-09-14 15:18:00,2011-09-28 15:24:00,2,567.36,283.68,72,14,2,2,2,6,Other,0
13322,2011-11-22 14:21:00,2011-11-22 14:21:00,1,199.48000000000002,199.48000000000002,17,0,4,1,1,6,New / Promising,0
13323,2011-09-16 13:23:00,2011-12-06 17:12:00,5,787.85,157.57,3,81,4,4,3,11,Champions,1
13324,2010-12-14 09:50:00,2011-11-03 16:28:00,10,7121.95,712.1949999999999,36,324,3,4,4,11,Loyal Customers,1
13325,2011-09-19 10:36:00,2011-09-19 10:36:00,1,675.3,675.3,82,0,2,1,3,6,Other,0
13327,2010-12-09 15:32:00,2011-11-01 10:21:00,8,3627.77,453.47125,39,326,3,4,4,11,Loyal Customers,1
13328,2011-01-27 15:22:00,2011-01-27 15:22:00,1,1308.48,1308.48,316,0,1,1,3,5,Other,0
13329,2010-12-08 10:11:00,2011-11-08 10:29:00,2,789.0,394.5,32,335,3,2,3,8,New / Promising,0
13330,2011-01-28 10:08:00,2011-09-08 12:27:00,3,1140.9299999999998,380.30999999999995,93,223,2,3,3,8,At Risk,0
13332,2011-11-25 13:30:00,2011-11-25 13:30:00,1,350.9,350.9,14,0,4,1,2,7,New / Promising,0
13334,2011-02-07 11:42:00,2011-09-18 15:21:00,3,3502.32,1167.44,82,223,2,3,4,9,At Risk,1
13336,2011-09-23 14:05:00,2011-09-23 14:05:00,1,795.12,795.12,77,0,2,1,3,6,Other,0
13338,2011-07-05 09:06:00,2011-07-05 09:06:00,1,487.02,487.02,158,0,1,1,2,4,Other,0
13339,2011-05-23 08:31:00,2011-05-23 08:31:00,1,860.12,860.12,201,0,1,1,3,5,Other,0
13340,2011-03-08 11:39:00,2011-10-25 13:15:00,7,10736.48,1533.782857142857,45,231,3,4,4,11,Loyal Customers,1
13341,2011-03-24 09:50:00,2011-03-24 09:50:00,1,775.85,775.85,261,0,1,1,3,5,Other,0
13343,2011-06-15 12:24:00,2011-06-15 12:24:00,1,353.43,353.43,178,0,1,1,2,4,Other,0
13344,2011-03-07 10:28:00,2011-10-03 09:45:00,3,2511.69,837.23,68,209,2,3,4,9,At Risk,1
13345,2011-02-25 09:01:00,2011-02-25 09:01:00,1,389.5,389.5,288,0,1,1,2,4,Other,0
13347,2011-09-30 13:28:00,2011-09-30 13:28:00,1,341.36,341.36,70,0,2,1,2,5,Other,0
13348,2011-10-06 17:28:00,2011-10-06 17:28:00,1,233.76,233.76,64,0,2,1,1,4,Other,0
13349,2011-11-29 08:07:00,2011-11-29 08:07:00,1,247.32,247.32,11,0,4,1,1,6,New / Promising,0
13350,2011-09-21 13:33:00,2011-11-23 16:33:00,2,979.1200000000001,489.56000000000006,16,63,4,2,3,9,New / Promising,1
13351,2011-10-04 12:55:00,2011-10-04 12:55:00,1,373.94,373.94,66,0,2,1,2,5,Other,0
13352,2011-10-10 13:55:00,2011-10-10 13:55:00,1,397.97999999999996,397.97999999999996,60,0,2,1,2,5,Other,0
13354,2011-09-29 13:17:00,2011-09-29 13:17:00,1,743.53,743.53,71,0,2,1,3,6,Other,0
13355,2011-08-09 14:48:00,2011-08-09 14:48:00,1,674.7,674.7,122,0,2,1,3,6,Other,0
13356,2011-09-20 14:33:00,2011-09-20 14:33:00,1,768.24,768.24,80,0,2,1,3,6,Other,0
13357,2011-03-27 13:56:00,2011-03-27 13:56:00,1,609.4,609.4,257,0,1,1,2,4,Other,0
13358,2011-03-16 11:52:00,2011-03-16 11:52:00,1,439.03000000000003,439.03000000000003,269,0,1,1,2,4,Other,0
13359,2011-10-07 09:30:00,2011-10-07 09:30:00,1,439.56,439.56,64,0,2,1,2,5,Other,0
13362,2011-02-25 11:33:00,2011-11-30 14:41:00,4,3090.7400000000002,772.6850000000001,9,278,4,3,4,11,Loyal Customers,1
13363,2011-10-27 10:46:00,2011-11-22 12:40:00,2,992.5,496.25,18,26,4,2,3,9,New / Promising,0
13364,2011-09-29 18:13:00,2011-09-29 18:13:00,1,134.95999999999998,134.95999999999998,71,0,2,1,1,4,Other,0
13365,2011-05-06 12:00:00,2011-11-06 12:36:00,2,2225.37,1112.685,34,184,3,2,4,9,New / Promising,1
13366,2011-10-20 13:37:00,2011-10-20 13:37:00,1,56.160000000000004,56.160000000000004,50,0,3,1,1,5,New / Promising,0
13368,2011-01-06 12:32:00,2011-03-28 09:59:00,2,623.4,311.7,257,80,1,2,2,5,Other,0
13369,2010-12-09 11:30:00,2010-12-09 11:30:00,1,308.28000000000003,308.28000000000003,366,0,1,1,2,4,Other,0
13370,2010-12-03 10:26:00,2010-12-03 10:26:00,1,754.87,754.87,372,0,1,1,3,5,Other,0
13372,2011-09-11 12:46:00,2011-09-11 12:46:00,1,378.64,378.64,90,0,2,1,2,5,Other,0
13373,2011-03-08 14:35:00,2011-10-10 10:51:00,3,3312.25,1104.0833333333333,61,215,2,3,4,9,At Risk,1
13375,2011-09-12 10:19:00,2011-09-12 10:19:00,1,778.65,778.65,89,0,2,1,3,6,Other,0
13376,2011-04-19 13:03:00,2011-09-01 16:16:00,3,1019.76,339.92,99,135,2,3,3,8,At Risk,0
13379,2011-07-26 12:26:00,2011-11-13 13:45:00,3,572.56,190.85333333333332,26,110,3,3,2,8,Loyal Customers,0
13381,2011-02-14 10:10:00,2011-11-08 11:58:00,6,3639.31,606.5516666666666,32,267,3,4,4,11,Loyal Customers,1
13382,2011-03-04 10:03:00,2011-03-04 10:03:00,1,222.99,222.99,281,0,1,1,1,3,Other,0
13384,2011-06-14 12:47:00,2011-11-09 11:04:00,7,4151.93,593.1328571428572,31,147,3,4,4,11,Loyal Customers,1
13385,2011-01-14 09:52:00,2011-01-14 09:52:00,1,534.57,534.57,330,0,1,1,2,4,Other,0
13388,2011-07-31 12:52:00,2011-07-31 12:52:00,2,677.0999999999999,338.54999999999995,131,0,2,2,3,7,Other,0
13389,2011-04-21 12:12:00,2011-11-28 14:01:00,3,797.96,265.9866666666667,11,221,4,3,3,10,Loyal Customers,1
13390,2011-09-26 08:38:00,2011-09-26 08:38:00,1,544.08,544.08,75,0,2,1,2,5,Other,0
13391,2011-05-20 10:50:00,2011-05-20 10:50:00,1,59.8,59.8,204,0,1,1,1,3,Other,0
13394,2011-02-03 10:39:00,2011-12-08 11:36:00,8,2520.02,315.0025,2,308,4,4,4,12,Champions,1
13395,2011-06-07 15:04:00,2011-06-07 15:04:00,1,307.71999999999997,307.71999999999997,185,0,1,1,2,4,Other,0
13396,2011-01-24 13:37:00,2011-11-10 16:59:00,2,1360.99,680.495,29,290,3,2,3,8,New / Promising,0
13397,2011-01-04 13:50:00,2011-09-28 10:56:00,5,1544.13,308.826,73,266,2,4,3,9,At Risk,1
13398,2011-05-31 13:17:00,2011-05-31 13:17:00,1,457.34,457.34,192,0,1,1,2,4,Other,0
13402,2010-12-02 17:12:00,2011-08-04 15:51:00,2,621.23,310.615,127,244,2,2,2,6,Other,0
13403,2011-11-22 08:28:00,2011-11-22 08:28:00,1,75.0,75.0,18,0,4,1,1,6,New / Promising,0
13404,2011-05-11 11:57:00,2011-12-08 15:37:00,2,252.49,126.245,1,211,4,2,1,7,New / Promising,1
13405,2011-01-26 09:27:00,2011-09-26 17:01:00,3,572.451,190.817,74,243,2,3,2,7,At Risk,0
13408,2010-12-01 10:39:00,2011-12-08 09:05:00,62,28117.04,453.5006451612903,2,371,4,4,4,12,Champions,1
13410,2011-02-21 14:38:00,2011-11-15 15:33:00,5,1003.0600000000001,200.61200000000002,24,267,3,4,3,10,Loyal Customers,1
13411,2011-08-24 13:57:00,2011-08-24 13:57:00,1,213.55,213.55,107,0,2,1,1,4,Other,0
13414,2011-02-16 12:13:00,2011-07-29 11:45:00,3,1390.5,463.5,134,162,2,3,3,8,At Risk,0
13416,2011-09-19 14:43:00,2011-10-27 08:56:00,2,712.5,356.25,44,37,3,2,3,8,New / Promising,0
13417,2011-05-18 16:26:00,2011-12-05 08:49:00,2,640.8299999999999,320.41499999999996,5,200,4,2,2,8,New / Promising,1
13418,2010-12-02 10:45:00,2011-11-28 10:23:00,18,6127.43,340.4127777777778,12,360,4,4,4,12,Champions,1
13419,2011-10-07 12:49:00,2011-10-07 12:49:00,1,221.06,221.06,64,0,2,1,1,4,Other,0
13420,2011-06-22 11:35:00,2011-07-13 08:48:00,2,159.85,79.925,150,20,1,2,1,4,Other,0
13421,2011-02-22 15:46:00,2011-10-30 14:21:00,2,1833.71,916.855,40,249,3,2,4,9,New / Promising,0
13422,2011-10-06 13:42:00,2011-10-06 13:42:00,1,2626.3,2626.3,64,0,2,1,4,7,High Value,0
13425,2011-02-18 08:34:00,2011-08-23 17:13:00,3,1624.21,541.4033333333333,108,186,2,3,3,8,At Risk,0
13426,2010-12-15 12:43:00,2011-12-09 08:59:00,10,3641.32,364.132,1,358,4,4,4,12,Champions,1
13427,2011-05-08 15:58:00,2011-11-20 13:02:00,3,582.6,194.20000000000002,19,195,3,3,2,8,Loyal Customers,0
13428,2011-11-29 14:20:00,2011-11-29 14:20:00,1,201.78,201.78,10,0,4,1,1,6,New / Promising,0
13429,2011-09-25 15:59:00,2011-11-29 09:10:00,4,1006.8000000000001,251.70000000000002,11,64,4,3,3,10,Loyal Customers,1
13430,2011-09-14 14:26:00,2011-11-21 08:19:00,2,679.45,339.725,19,67,3,2,3,8,New / Promising,0
13431,2011-09-12 11:25:00,2011-10-03 13:49:00,2,1269.1000000000001,634.5500000000001,67,21,2,2,3,7,Other,0
13434,2011-09-04 10:35:00,2011-09-26 14:30:00,2,534.24,267.12,74,22,2,2,2,6,Other,0
13435,2011-06-03 17:07:00,2011-12-04 14:45:00,7,3809.89,544.27,5,183,4,4,4,12,Champions,1
13436,2011-12-08 10:33:00,2011-12-08 10:33:00,1,196.89,196.89,2,0,4,1,1,6,New / Promising,0
13437,2011-06-02 14:30:00,2011-11-25 14:00:00,7,3408.06,486.86571428571426,14,175,4,4,4,12,Champions,1
13439,2011-03-29 14:20:00,2011-03-29 14:20:00,1,283.71,283.71,255,0,1,1,1,3,Other,0
13441,2011-09-09 09:38:00,2011-09-09 09:38:00,1,296.64,296.64,92,0,2,1,1,4,Other,0
13447,2011-11-04 10:10:00,2011-11-16 13:38:00,3,1129.14,376.38000000000005,23,12,3,3,3,9,Loyal Customers,1
13448,2010-12-01 10:52:00,2011-11-23 12:33:00,6,3534.6900000000005,589.1150000000001,17,357,4,4,4,12,Champions,1
13449,2011-11-16 08:28:00,2011-11-16 08:28:00,1,291.88,291.88,24,0,3,1,1,5,New / Promising,0
13450,2011-05-05 19:48:00,2011-11-13 11:54:00,6,2043.72,340.62,27,191,3,4,4,11,Loyal Customers,1
13451,2011-01-09 15:35:00,2011-11-13 15:58:00,5,2898.26,579.652,26,308,3,4,4,11,Loyal Customers,1
13452,2011-03-14 11:38:00,2011-03-25 14:19:00,2,590.0,295.0,259,11,1,2,2,5,Other,0
13453,2011-02-23 09:44:00,2011-06-27 09:34:00,2,356.98,178.49,166,123,1,2,2,5,Other,0
13455,2010-12-08 13:11:00,2011-11-15 11:21:00,2,1058.3400000000001,529.1700000000001,25,341,3,2,3,8,New / Promising,0
13456,2011-05-16 15:34:00,2011-11-22 09:18:00,6,1766.72,294.4533333333333,18,189,4,4,4,12,Champions,1
13458,2010-12-15 12:05:00,2011-12-02 15:29:00,14,9646.57,689.0407142857142,7,352,4,4,4,12,Champions,1
13460,2011-10-21 09:50:00,2011-11-10 17:17:00,2,183.44,91.72,29,20,3,2,1,6,New / Promising,0
13461,2011-06-29 10:23:00,2011-11-01 09:01:00,3,1445.0,481.6666666666667,39,124,3,3,3,9,Loyal Customers,1
13462,2011-04-01 11:20:00,2011-04-01 11:20:00,1,151.5,151.5,253,0,1,1,1,3,Other,0
13464,2011-10-12 15:01:00,2011-10-12 15:01:00,1,674.68,674.68,58,0,2,1,3,6,Other,0
13466,2011-06-08 16:39:00,2011-06-08 16:39:00,1,307.9,307.9,184,0,1,1,2,4,Other,0
13467,2011-11-03 16:56:00,2011-11-29 10:01:00,2,1071.9099999999999,535.9549999999999,11,25,4,2,3,9,New / Promising,1
13468,2010-12-01 15:08:00,2011-12-08 10:39:00,37,5704.97,154.1883783783784,2,371,4,4,4,12,Champions,1
13470,2011-08-16 17:06:00,2011-09-01 14:57:00,2,165.0,82.5,99,15,2,2,1,5,Other,0
13471,2011-10-23 13:10:00,2011-12-08 15:44:00,4,2501.84,625.46,1,46,4,3,4,11,Loyal Customers,1
13473,2011-01-11 08:45:00,2011-10-10 11:20:00,2,422.64,211.32,61,272,2,2,2,6,Other,0
13474,2011-04-17 13:53:00,2011-04-17 13:53:00,1,226.84,226.84,236,0,1,1,1,3,Other,0
13475,2011-02-14 12:36:00,2011-06-01 13:52:00,4,1431.78,357.945,191,107,1,3,3,7,At Risk,0
13476,2011-03-03 14:43:00,2011-06-14 12:00:00,2,1238.47,619.235,179,102,1,2,3,6,Other,0
13477,2011-02-21 12:29:00,2011-11-02 12:04:00,6,1454.58,242.42999999999998,38,253,3,4,3,10,Loyal Customers,1
13479,2011-04-19 11:27:00,2011-05-23 10:45:00,2,300.95,150.475,201,33,1,2,1,4,Other,0
13481,2011-03-28 09:07:00,2011-10-25 09:07:00,5,1804.56,360.912,46,211,3,4,4,11,Loyal Customers,1
13482,2011-04-21 17:03:00,2011-04-21 17:03:00,1,184.64,184.64,232,0,1,1,1,3,Other,0
13483,2011-10-05 11:53:00,2011-10-05 11:53:00,1,140.34,140.34,66,0,2,1,1,4,Other,0
13484,2011-04-12 16:30:00,2011-04-12 16:30:00,1,313.8,313.8,241,0,1,1,2,4,Other,0
13485,2011-04-20 13:58:00,2011-04-20 13:58:00,1,454.24,454.24,233,0,1,1,2,4,Other,0
13486,2011-07-07 17:19:00,2011-09-22 13:13:00,3,1122.41,374.1366666666667,78,76,2,3,3,8,At Risk,0
13487,2010-12-21 14:54:00,2011-10-13 12:07:00,3,575.4,191.79999999999998,58,295,2,3,2,7,At Risk,0
13488,2010-12-07 13:01:00,2011-11-22 14:41:00,13,8968.31,689.87,17,350,4,4,4,12,Champions,1
13489,2011-02-18 10:42:00,2011-08-26 13:16:00,4,449.52,112.38,105,189,2,3,2,7,At Risk,0
13491,2010-12-02 14:30:00,2011-10-19 08:32:00,10,1215.82,121.582,52,320,2,4,3,9,At Risk,1
13492,2011-05-09 10:06:00,2011-07-26 14:25:00,3,1269.8400000000001,423.28000000000003,136,78,2,3,3,8,At Risk,0
13493,2011-02-25 16:42:00,2011-03-09 15:35:00,2,618.63,309.315,275,11,1,2,2,5,Other,0
13494,2011-02-01 11:58:00,2011-02-01 11:58:00,1,316.26000000000005,316.26000000000005,312,0,1,1,2,4,Other,0
13495,2010-12-06 15:14:00,2011-12-02 11:21:00,5,2044.87,408.974,8,360,4,4,4,12,Champions,1
13496,2010-12-15 10:17:00,2011-11-29 10:58:00,2,653.3299999999999,326.66499999999996,11,349,4,2,2,8,New / Promising,0
13497,2010-12-06 11:37:00,2011-03-02 09:04:00,2,348.05,174.025,283,85,1,2,2,5,Other,0
13499,2011-03-15 08:52:00,2011-11-22 11:21:00,5,1159.1100000000001,231.82200000000003,18,252,4,4,3,11,Champions,1
13500,2011-08-09 12:20:00,2011-11-16 15:35:00,3,1166.77,388.92333333333335,23,99,3,3,3,9,Loyal Customers,1
13501,2011-02-24 18:59:00,2011-02-24 18:59:00,1,1340.32,1340.32,288,0,1,1,3,5,Other,0
13502,2011-01-20 09:03:00,2011-11-23 10:39:00,3,292.0,97.33333333333333,17,307,4,3,1,8,Loyal Customers,0
13503,2011-09-29 13:23:00,2011-09-29 13:23:00,1,216.85,216.85,71,0,2,1,1,4,Other,0
13504,2011-10-06 13:20:00,2011-10-06 13:20:00,1,295.93,295.93,64,0,2,1,1,4,Other,0
13505,2011-04-21 12:07:00,2011-09-28 11:56:00,4,4393.63,1098.4075,73,159,2,3,4,9,At Risk,1
13506,2010-12-05 12:15:00,2011-01-27 13:53:00,2,458.52,229.26,316,53,1,2,2,5,Other,0
13507,2011-07-17 11:50:00,2011-12-06 13:13:00,4,2479.1600000000003,619.7900000000001,3,142,4,3,4,11,Loyal Customers,1
13508,2011-04-10 11:58:00,2011-04-10 11:58:00,1,110.97,110.97,244,0,1,1,1,3,Other,0
13509,2011-02-28 13:27:00,2011-12-01 10:10:00,7,979.72,139.96,9,275,4,4,3,11,Champions,1
13510,2011-06-09 09:32:00,2011-12-08 13:46:00,4,1791.56,447.89,1,182,4,3,4,11,Loyal Customers,1
13512,2011-03-24 10:03:00,2011-03-24 10:03:00,1,251.21,251.21,261,0,1,1,1,3,Other,0
13513,2011-08-05 11:50:00,2011-08-05 11:50:00,1,205.1,205.1,127,0,2,1,1,4,Other,0
13514,2011-09-27 09:39:00,2011-09-27 09:39:00,1,152.20000000000002,152.20000000000002,74,0,2,1,1,4,Other,0
13515,2011-04-06 10:33:00,2011-09-28 11:26:00,4,891.12,222.78,73,175,2,3,3,8,At Risk,0
13516,2011-04-15 11:06:00,2011-11-18 13:15:00,3,1389.41,463.1366666666667,21,217,3,3,3,9,Loyal Customers,1
13517,2011-06-13 08:44:00,2011-10-11 11:43:00,3,2128.42,709.4733333333334,60,120,2,3,4,9,At Risk,1
13518,2011-09-15 10:29:00,2011-09-15 10:29:00,1,627.16,627.16,86,0,2,1,2,5,Other,0
13519,2011-09-22 18:24:00,2011-09-22 18:24:00,1,122.75,122.75,78,0,2,1,1,4,Other,0
13520,2010-12-03 10:36:00,2011-10-12 10:20:00,6,3624.35,604.0583333333333,59,312,2,4,4,10,At Risk,1
13521,2011-11-29 15:09:00,2011-12-08 13:50:00,3,1071.73,357.24333333333334,1,8,4,3,3,10,Loyal Customers,1
13522,2011-11-09 15:11:00,2011-11-09 15:11:00,1,125.80000000000001,125.80000000000001,30,0,3,1,1,5,New / Promising,0
13523,2010-12-08 14:22:00,2011-11-06 15:11:00,5,3964.88,792.976,33,333,3,4,4,11,Loyal Customers,1
13524,2011-05-04 12:26:00,2011-10-30 12:34:00,5,680.1800000000001,136.036,41,179,3,4,3,10,Loyal Customers,1
13525,2011-04-05 15:36:00,2011-11-25 12:01:00,2,628.78,314.39,15,233,4,2,2,8,New / Promising,0
13527,2011-01-17 11:17:00,2011-11-06 12:04:00,7,2242.36,320.33714285714285,34,293,3,4,4,11,Loyal Customers,1
13529,2011-05-19 11:50:00,2011-09-22 09:15:00,2,307.76,153.88,79,125,2,2,2,6,Other,0
13531,2010-12-08 15:03:00,2011-05-18 16:56:00,2,483.79999999999995,241.89999999999998,205,161,1,2,2,5,Other,0
13532,2011-11-06 12:25:00,2011-11-06 12:25:00,1,210.31,210.31,34,0,3,1,1,5,New / Promising,0
13533,2011-03-17 12:47:00,2011-06-10 11:54:00,3,269.09000000000003,89.69666666666667,183,84,1,3,1,5,At Risk,0
13534,2010-12-16 15:23:00,2011-12-07 14:52:00,25,5870.08,234.8032,2,355,4,4,4,12,Champions,1
13536,2011-09-25 13:30:00,2011-12-08 16:38:00,7,3444.3900000000003,492.0557142857143,1,74,4,4,4,12,Champions,1
13538,2011-01-28 10:40:00,2011-10-27 16:34:00,7,1280.8500000000001,182.97857142857146,43,272,3,4,3,10,Loyal Customers,1
13539,2011-02-03 15:23:00,2011-09-15 10:18:00,3,631.34,210.4466666666667,86,223,2,3,2,7,At Risk,0
13544,2011-04-13 12:09:00,2011-10-31 11:57:00,2,276.06,138.03,40,200,3,2,1,6,New / Promising,0
13546,2011-05-23 12:14:00,2011-11-27 14:50:00,3,621.09,207.03,12,188,4,3,2,9,Loyal Customers,1
13548,2011-04-10 11:35:00,2011-09-04 14:50:00,2,678.16,339.08,96,147,2,2,3,7,Other,0
13549,2011-04-11 13:42:00,2011-11-14 09:20:00,7,918.2,131.17142857142858,26,216,3,4,3,10,Loyal Customers,1
13551,2011-01-24 14:46:00,2011-01-24 14:46:00,1,91.80000000000001,91.80000000000001,319,0,1,1,1,3,Other,0
13552,2011-01-28 10:10:00,2011-10-04 15:19:00,12,3740.07,311.6725,66,249,2,4,4,10,At Risk,1
13555,2011-05-22 11:06:00,2011-09-27 12:36:00,4,4098.88,1024.72,74,128,2,3,4,9,At Risk,1
13557,2011-03-04 12:14:00,2011-11-11 15:24:00,2,584.06,292.03,28,252,3,2,2,7,New / Promising,0
13558,2011-10-02 13:01:00,2011-12-04 11:24:00,4,594.52,148.63,6,62,4,3,2,9,Loyal Customers,1
13560,2011-12-02 13:11:00,2011-12-02 13:11:00,1,171.42000000000002,171.42000000000002,7,0,4,1,1,6,New / Promising,0
13561,2011-05-08 12:39:00,2011-05-08 12:39:00,1,141.86,141.86,216,0,1,1,1,3,Other,0
13562,2011-04-08 12:42:00,2011-09-19 10:51:00,3,1799.33,599.7766666666666,82,163,2,3,4,9,At Risk,0
13563,2011-07-22 17:21:00,2011-09-16 14:45:00,2,777.53,388.765,84,55,2,2,3,7,Other,0
13564,2010-12-06 17:26:00,2011-07-18 14:33:00,3,1724.67,574.89,144,223,1,3,4,8,At Risk,0
13565,2011-01-09 14:28:00,2011-11-20 14:33:00,2,240.22,120.11,19,315,3,2,1,6,New / Promising,0
13566,2011-09-18 12:40:00,2011-10-30 11:59:00,2,856.8400000000001,428.4200000000001,41,41,3,2,3,8,New / Promising,0
13568,2011-06-19 14:42:00,2011-06-19 14:42:00,1,187.05,187.05,173,0,1,1,1,3,Other,0
13569,2010-12-07 12:29:00,2011-11-22 13:07:00,2,338.62,169.31,17,350,4,2,2,8,New / Promising,0
13570,2011-04-10 13:36:00,2011-04-10 13:36:00,1,239.49,239.49,243,0,1,1,1,3,Other,0
13571,2011-03-31 12:43:00,2011-11-27 10:47:00,12,2088.94,174.07833333333335,13,240,4,4,4,12,Champions,1
13572,2011-05-18 11:59:00,2011-05-18 11:59:00,1,1384.25,1384.25,206,0,1,1,3,5,Other,0
13573,2011-03-31 14:47:00,2011-10-20 14:33:00,2,290.25,145.125,50,202,3,2,1,6,New / Promising,0
13575,2011-06-16 14:24:00,2011-11-16 13:14:00,5,732.0699999999999,146.414,23,152,3,4,3,10,Loyal Customers,1
13576,2010-12-01 17:24:00,2011-11-29 15:34:00,18,6717.34,373.18555555555554,10,362,4,4,4,12,Champions,1
13577,2011-04-12 10:33:00,2011-11-14 15:19:00,4,1687.6,421.9,25,216,3,3,4,10,Loyal Customers,1
13579,2010-12-05 16:10:00,2011-11-25 08:41:00,2,467.03999999999996,233.51999999999998,15,354,4,2,2,8,New / Promising,0
13581,2011-02-03 14:41:00,2011-02-03 14:41:00,1,118.0,118.0,309,0,1,1,1,3,Other,0
13583,2011-07-07 10:40:00,2011-07-07 10:40:00,1,781.03,781.03,156,0,1,1,3,5,Other,0
13584,2011-02-06 12:49:00,2011-02-06 12:49:00,1,142.4,142.4,307,0,1,1,1,3,Other,0
13587,2011-10-07 12:31:00,2011-10-07 12:31:00,1,712.4,712.4,64,0,2,1,3,6,Other,0
13588,2011-03-29 15:53:00,2011-11-24 10:42:00,9,2478.95,275.43888888888887,16,239,4,4,4,12,Champions,1
13589,2011-06-13 12:44:00,2011-11-25 12:10:00,2,379.65,189.825,15,164,4,2,2,8,New / Promising,0
13590,2011-02-09 13:25:00,2011-11-28 12:54:00,6,1981.92,330.32,11,291,4,4,4,12,Champions,1
13591,2011-03-18 12:18:00,2011-10-06 12:26:00,3,1117.13,372.3766666666667,65,202,2,3,3,8,At Risk,0
13592,2011-03-20 14:01:00,2011-11-04 09:49:00,4,247.95999999999998,61.989999999999995,36,228,3,3,1,7,Loyal Customers,0
13593,2011-01-07 16:32:00,2011-08-23 13:35:00,5,2011.88,402.37600000000003,108,227,2,4,4,10,At Risk,1
13594,2011-10-18 10:19:00,2011-10-18 10:19:00,1,396.96999999999997,396.96999999999997,53,0,2,1,2,5,Other,0
13596,2011-11-27 11:57:00,2011-12-04 12:01:00,2,664.11,332.055,6,7,4,2,2,8,New / Promising,1
13598,2011-10-23 14:28:00,2011-10-23 14:28:00,1,160.04,160.04,47,0,3,1,1,5,New / Promising,0
13599,2010-12-08 10:11:00,2011-12-08 16:10:00,21,5149.92,245.2342857142857,1,365,4,4,4,12,Champions,1
13600,2011-01-31 15:27:00,2011-01-31 15:27:00,1,219.51999999999998,219.51999999999998,312,0,1,1,1,3,Other,0
13601,2011-05-12 16:52:00,2011-10-25 17:31:00,2,693.3199999999999,346.65999999999997,45,166,3,2,3,8,New / Promising,0
13602,2011-10-06 11:47:00,2011-10-06 11:47:00,1,428.89,428.89,65,0,2,1,2,5,Other,0
13603,2011-11-13 15:57:00,2011-11-13 15:57:00,1,164.34,164.34,26,0,3,1,1,5,New / Promising,0
13606,2011-02-01 11:42:00,2011-11-10 17:46:00,3,276.74999999999994,92.24999999999999,29,282,3,3,1,7,Loyal Customers,0
13607,2011-10-30 16:17:00,2011-10-30 16:17:00,1,675.51,675.51,40,0,3,1,3,7,New / Promising,0
13610,2011-02-27 14:44:00,2011-11-27 15:38:00,7,1082.33,154.6185714285714,12,273,4,4,3,11,Champions,1
13611,2010-12-15 10:31:00,2011-09-11 14:51:00,3,1154.4,384.8,89,270,2,3,3,8,At Risk,0
13614,2011-01-13 12:37:00,2011-11-15 14:47:00,4,1585.46,396.365,24,306,3,3,3,9,Loyal Customers,1
13615,2011-01-25 08:21:00,2011-01-25 08:21:00,1,417.69,417.69,319,0,1,1,2,4,Other,0
13617,2011-06-12 12:55:00,2011-10-30 13:50:00,3,544.18,181.39333333333332,40,140,3,3,2,8,Loyal Customers,0
13618,2011-06-19 11:09:00,2011-06-19 11:09:00,1,177.34,177.34,174,0,1,1,1,3,Other,0
13621,2011-08-15 08:26:00,2011-08-15 08:26:00,1,213.85,213.85,117,0,2,1,1,4,Other,0
13623,2011-02-15 13:08:00,2011-11-09 12:00:00,5,727.74,145.548,31,266,3,4,3,10,Loyal Customers,1
13626,2011-04-01 10:05:00,2011-04-01 10:05:00,1,257.23,257.23,253,0,1,1,1,3,Other,0
13627,2010-12-17 09:52:00,2011-10-11 14:20:00,5,1638.47,327.694,59,298,2,4,3,9,At Risk,1
13629,2011-01-05 12:09:00,2011-11-16 13:21:00,11,7792.36,708.3963636363636,23,315,3,4,4,11,Loyal Customers,1
13630,2011-02-27 12:49:00,2011-12-04 15:16:00,7,2031.78,290.2542857142857,5,280,4,4,4,12,Champions,1
13631,2011-03-17 17:13:00,2011-09-01 09:57:00,11,3070.42,279.1290909090909,100,167,2,4,4,10,At Risk,1
13632,2011-04-10 15:07:00,2011-11-15 10:51:00,5,2118.93,423.78599999999994,25,218,3,4,4,11,Loyal Customers,1
13634,2011-01-16 15:30:00,2011-11-06 13:40:00,5,1547.3600000000001,309.47200000000004,33,293,3,4,3,10,Loyal Customers,1
13635,2011-10-03 10:55:00,2011-10-03 10:55:00,1,1071.03,1071.03,68,0,2,1,3,6,Other,0
13636,2011-02-27 14:29:00,2011-11-03 10:30:00,5,949.12,189.824,37,248,3,4,3,10,Loyal Customers,1
13637,2011-04-27 13:06:00,2011-10-18 13:32:00,3,804.3000000000001,268.1,52,174,2,3,3,8,At Risk,0
13638,2011-11-24 10:38:00,2011-11-24 10:38:00,1,122.64,122.64,16,0,4,1,1,6,New / Promising,0
13639,2011-09-26 13:36:00,2011-09-26 13:36:00,1,1033.34,1033.34,74,0,2,1,3,6,Other,0
13642,2011-05-08 12:34:00,2011-05-08 12:34:00,1,312.28000000000003,312.28000000000003,216,0,1,1,2,4,Other,0
13643,2011-06-07 11:40:00,2011-11-08 15:37:00,3,519.44,173.14666666666668,31,154,3,3,2,8,Loyal Customers,0
13644,2011-08-26 11:53:00,2011-11-23 14:07:00,4,2624.26,656.065,16,89,4,3,4,11,Loyal Customers,1
13645,2011-08-11 16:11:00,2011-08-11 16:11:00,1,252.1,252.1,120,0,2,1,1,4,Other,0
13647,2011-04-19 09:49:00,2011-11-30 12:00:00,4,1648.1200000000001,412.03000000000003,10,225,4,3,3,10,Loyal Customers,1
13649,2010-12-08 14:46:00,2011-03-28 11:51:00,2,346.6,173.3,257,109,1,2,2,5,Other,0
13650,2011-03-17 12:37:00,2011-11-23 12:22:00,6,1836.34,306.0566666666667,17,250,4,4,4,12,Champions,1
13651,2011-10-31 12:11:00,2011-11-04 14:59:00,2,94.2,47.1,35,4,3,2,1,6,New / Promising,0
13652,2010-12-06 09:21:00,2011-10-25 08:51:00,3,1095.08,365.02666666666664,46,322,3,3,3,9,Loyal Customers,0
13654,2011-03-11 12:54:00,2011-10-27 16:24:00,6,2707.33,451.22166666666664,43,230,3,4,4,11,Loyal Customers,1
13655,2011-04-12 09:53:00,2011-08-17 14:25:00,2,932.97,466.485,114,127,2,2,3,7,Other,0
13656,2011-01-06 15:42:00,2011-06-28 10:31:00,2,379.65,189.825,165,172,1,2,2,5,Other,0
13657,2011-05-22 12:35:00,2011-11-29 12:32:00,2,382.14,191.07,11,190,4,2,2,8,New / Promising,0
13658,2011-05-19 17:15:00,2011-11-30 10:13:00,5,2639.17,527.8340000000001,10,194,4,4,4,12,Champions,1
13659,2011-01-23 12:08:00,2011-05-18 12:37:00,2,1563.0,781.5,206,115,1,2,3,6,Other,0
13662,2011-03-25 13:23:00,2011-09-15 12:04:00,3,881.26,293.75333333333333,86,173,2,3,3,8,At Risk,0
13663,2011-06-13 15:44:00,2011-06-13 15:44:00,1,189.47,189.47,179,0,1,1,1,3,Other,0
13666,2011-02-25 13:05:00,2011-10-10 15:39:00,3,84.65,28.21666666666667,60,227,2,3,1,6,At Risk,0
13667,2011-07-13 15:42:00,2011-07-13 15:42:00,1,299.05,299.05,149,0,1,1,1,3,Other,0
13668,2010-12-12 12:35:00,2011-12-07 12:11:00,21,6309.83,300.46809523809526,3,359,4,4,4,12,Champions,1
13669,2011-07-13 11:44:00,2011-10-20 09:32:00,2,218.55,109.275,51,98,3,2,1,6,New / Promising,0
13670,2011-09-25 15:25:00,2011-09-25 15:25:00,1,349.7,349.7,75,0,2,1,2,5,Other,0
13672,2011-01-11 13:54:00,2011-02-11 13:53:00,2,186.39000000000001,93.19500000000001,301,30,1,2,1,4,Other,0
13673,2011-11-07 15:40:00,2011-11-21 12:11:00,2,387.44,193.72,19,13,3,2,2,7,New / Promising,0
13675,2011-02-28 12:14:00,2011-07-11 12:57:00,2,486.82000000000005,243.41000000000003,151,133,1,2,2,5,Other,0
13678,2011-07-11 10:14:00,2011-07-11 10:14:00,1,232.6,232.6,152,0,1,1,1,3,Other,0
13680,2011-01-04 14:12:00,2011-12-08 13:47:00,4,3719.1200000000003,929.7800000000001,1,337,4,3,4,11,Loyal Customers,1
13681,2011-07-07 15:21:00,2011-11-22 11:13:00,4,827.83,206.9575,18,137,4,3,3,10,Loyal Customers,1
13682,2011-06-05 14:06:00,2011-06-05 14:06:00,1,59.5,59.5,187,0,1,1,1,3,Other,0
13684,2011-02-27 10:13:00,2011-02-27 10:13:00,1,65.13,65.13,286,0,1,1,1,3,Other,0
13685,2011-10-10 12:59:00,2011-12-07 11:41:00,7,3119.44,445.63428571428574,3,57,4,4,4,12,Champions,1
13686,2011-06-10 09:10:00,2011-06-10 09:10:00,1,72.0,72.0,183,0,1,1,1,3,Other,0
13689,2011-10-07 13:21:00,2011-10-07 13:21:00,1,910.0,910.0,63,0,2,1,3,6,Other,0
13690,2011-10-11 15:03:00,2011-10-11 15:03:00,1,172.25,172.25,59,0,2,1,1,4,Other,0
13692,2011-04-17 12:57:00,2011-11-15 11:17:00,3,1488.3200000000002,496.10666666666674,25,211,3,3,3,9,Loyal Customers,1
13694,2010-12-01 12:12:00,2011-12-06 09:32:00,50,65039.62,1300.7924,4,369,4,4,4,12,Champions,1
13695,2011-03-25 11:31:00,2011-11-08 14:26:00,15,2504.13,166.942,31,228,3,4,4,11,Loyal Customers,1
13697,2011-11-01 09:14:00,2011-11-01 09:14:00,1,151.29999999999998,151.29999999999998,39,0,3,1,1,5,New / Promising,0
13699,2011-07-07 16:51:00,2011-07-07 16:51:00,1,308.58000000000004,308.58000000000004,155,0,1,1,2,4,Other,0
13700,2011-01-16 13:18:00,2011-11-13 13:00:00,10,2248.63,224.863,26,300,3,4,4,11,Loyal Customers,1
13703,2011-01-25 13:10:00,2011-01-25 13:10:00,1,99.5,99.5,318,0,1,1,1,3,Other,0
13704,2011-09-12 14:40:00,2011-12-04 15:13:00,9,2308.06,256.4511111111111,5,83,4,4,4,12,Champions,1
13705,2010-12-01 10:29:00,2011-12-02 12:32:00,3,711.86,237.28666666666666,8,366,4,3,3,10,Loyal Customers,1
13706,2011-02-10 09:21:00,2011-02-10 09:21:00,1,330.79,330.79,303,0,1,1,2,4,Other,0
13707,2011-01-28 13:27:00,2011-03-17 18:03:00,2,806.41,403.205,267,48,1,2,3,6,Other,0
13708,2011-03-13 13:46:00,2011-03-13 13:46:00,1,285.33,285.33,271,0,1,1,1,3,Other,0
13709,2011-01-28 14:57:00,2011-12-06 10:28:00,13,6307.65,485.20384615384614,4,311,4,4,4,12,Champions,1
13710,2011-11-08 08:16:00,2011-11-08 08:16:00,1,180.48,180.48,32,0,3,1,1,5,New / Promising,0
13711,2011-05-05 10:29:00,2011-05-05 10:31:00,2,252.06,126.03,219,0,1,2,1,4,Other,0
13712,2011-04-07 12:33:00,2011-04-07 12:33:00,1,228.84,228.84,247,0,1,1,1,3,Other,0
13715,2010-12-02 08:52:00,2011-03-03 19:21:00,5,1077.3899999999999,215.47799999999998,281,91,1,4,3,8,At Risk,0
13716,2011-03-15 13:49:00,2011-03-15 13:49:00,1,138.28,138.28,269,0,1,1,1,3,Other,0
13717,2011-02-14 13:21:00,2011-11-07 14:13:00,6,1445.01,240.835,32,266,3,4,3,10,Loyal Customers,1
13718,2011-02-17 11:58:00,2011-04-07 13:24:00,2,306.55,153.275,246,49,1,2,2,5,Other,0
13719,2011-04-19 13:56:00,2011-11-24 15:26:00,5,1041.68,208.336,15,219,4,4,3,11,Champions,1
13720,2011-03-30 09:17:00,2011-08-15 12:46:00,4,799.9,199.975,117,138,2,3,3,8,At Risk,0
13721,2011-11-03 14:05:00,2011-11-03 14:05:00,1,524.14,524.14,36,0,3,1,2,6,New / Promising,0
13722,2011-03-02 11:43:00,2011-07-31 12:44:00,3,2375.41,791.8033333333333,132,151,2,3,4,9,At Risk,0
13723,2011-05-06 17:04:00,2011-05-06 17:04:00,1,199.85000000000002,199.85000000000002,217,0,1,1,1,3,Other,0
13725,2011-02-04 12:18:00,2011-10-21 10:03:00,8,1980.56,247.57,50,258,3,4,4,11,Loyal Customers,1
13726,2011-08-31 11:06:00,2011-11-01 10:49:00,2,1079.66,539.83,39,61,3,2,3,8,New / Promising,0
13727,2011-11-06 12:16:00,2011-11-11 09:46:00,2,333.48,166.74,29,4,3,2,2,7,New / Promising,0
13728,2011-02-02 12:09:00,2011-11-03 10:49:00,6,1016.14,169.35666666666665,37,273,3,4,3,10,Loyal Customers,1
13730,2011-07-01 12:47:00,2011-07-27 08:35:00,2,752.5999999999999,376.29999999999995,136,25,2,2,3,7,Other,0
13731,2011-04-07 10:10:00,2011-05-04 14:33:00,2,610.59,305.295,219,27,1,2,2,5,Other,0
13732,2011-11-11 15:49:00,2011-11-11 15:49:00,1,491.86,491.86,28,0,3,1,2,6,New / Promising,0
13735,2011-04-19 13:49:00,2011-11-15 11:14:00,4,2883.54,720.885,25,209,3,3,4,10,Loyal Customers,1
13736,2011-03-24 13:04:00,2011-12-04 15:19:00,2,729.8,364.9,5,255,4,2,3,9,New / Promising,1
13737,2011-05-23 16:32:00,2011-05-23 16:32:00,1,339.59999999999997,339.59999999999997,200,0,1,1,2,4,Other,0
13739,2011-11-21 13:35:00,2011-11-21 13:35:00,1,216.9,216.9,18,0,4,1,1,6,New / Promising,0
13740,2011-04-13 10:32:00,2011-04-13 10:32:00,1,350.75,350.75,241,0,1,1,2,4,Other,0
13741,2011-05-06 13:43:00,2011-09-29 09:19:00,3,668.4300000000001,222.81000000000003,72,145,2,3,2,7,At Risk,0
13742,2011-01-23 14:59:00,2011-11-23 11:07:00,12,3107.87,258.9891666666667,17,303,4,4,4,12,Champions,1
13743,2011-03-25 14:46:00,2011-12-07 10:09:00,7,1341.6,191.65714285714284,3,256,4,4,3,11,Champions,1
13744,2011-02-20 14:08:00,2011-09-05 15:19:00,2,1080.52,540.26,95,197,2,2,3,7,Other,0
13745,2011-06-30 16:43:00,2011-06-30 16:43:00,1,300.04,300.04,162,0,1,1,1,3,Other,0
13747,2010-12-01 10:37:00,2010-12-01 10:37:00,1,79.6,79.6,374,0,1,1,1,3,Other,0
13748,2010-12-01 09:00:00,2011-09-05 09:45:00,5,948.25,189.65,96,278,2,4,3,9,At Risk,0
13750,2011-01-07 11:49:00,2011-10-17 12:16:00,5,1647.26,329.452,54,283,2,4,3,9,At Risk,1
13751,2011-02-24 15:56:00,2011-02-24 15:56:00,1,296.25,296.25,288,0,1,1,1,3,Other,0
13752,2011-04-07 12:04:00,2011-08-07 14:16:00,6,1175.3799999999999,195.89666666666665,124,122,2,4,3,9,At Risk,1
13753,2011-02-25 12:48:00,2011-02-25 12:48:00,1,741.26,741.26,288,0,1,1,3,5,Other,0
13754,2011-01-26 14:58:00,2011-07-11 11:51:00,2,282.6,141.3,152,165,1,2,1,4,Other,0
13755,2011-10-07 15:45:00,2011-12-06 12:26:00,9,2108.06,234.2288888888889,4,59,4,4,4,12,Champions,1
13756,2010-12-07 11:41:00,2011-12-07 16:44:00,14,5189.52,370.68,2,365,4,4,4,12,Champions,1
13758,2010-12-01 12:08:00,2011-11-28 11:11:00,7,3190.55,455.79285714285714,12,361,4,4,4,12,Champions,1
13759,2011-09-29 15:40:00,2011-11-06 14:47:00,2,659.41,329.705,33,37,3,2,2,7,New / Promising,0
13760,2011-03-28 12:52:00,2011-10-16 16:13:00,2,286.78999999999996,143.39499999999998,54,202,2,2,1,5,Other,0
13761,2011-06-13 08:43:00,2011-10-20 14:01:00,2,1070.65,535.325,50,129,3,2,3,8,New / Promising,0
13762,2011-05-05 09:15:00,2011-05-05 09:15:00,1,306.72,306.72,219,0,1,1,2,4,Other,0
13763,2011-10-07 15:13:00,2011-10-07 15:13:00,1,1714.96,1714.96,63,0,2,1,4,7,High Value,0
13764,2011-01-06 14:53:00,2011-09-30 12:03:00,3,1519.42,506.47333333333336,71,266,2,3,3,8,At Risk,0
13767,2010-12-01 10:47:00,2011-12-07 15:00:00,37,17220.36,465.41513513513513,2,371,4,4,4,12,Champions,1
13769,2010-12-07 13:28:00,2011-12-07 15:08:00,10,2796.51,279.651,2,365,4,4,4,12,Champions,1
13771,2011-04-06 15:47:00,2011-10-06 14:18:00,4,2634.45,658.6125,64,182,2,3,4,9,At Risk,1
13772,2011-04-14 12:31:00,2011-11-06 11:43:00,3,1122.6299999999999,374.21,34,205,3,3,3,9,Loyal Customers,1
13774,2011-09-19 12:06:00,2011-09-19 12:06:00,1,345.0,345.0,82,0,2,1,2,5,Other,0
13777,2010-12-01 16:01:00,2011-12-09 12:25:00,33,25977.16,787.1866666666666,1,372,4,4,4,12,Champions,1
13778,2011-08-28 15:25:00,2011-08-28 15:25:00,1,178.7,178.7,103,0,2,1,1,4,Other,0
13780,2011-06-22 11:43:00,2011-12-02 13:49:00,2,360.01,180.005,7,163,4,2,2,8,New / Promising,0
13781,2011-04-03 12:08:00,2011-04-03 12:08:00,1,127.84,127.84,251,0,1,1,1,3,Other,0
13782,2011-01-16 11:08:00,2011-11-27 11:54:00,6,908.86,151.47666666666666,13,315,4,4,3,11,Champions,1
13784,2011-01-11 14:38:00,2011-11-30 09:33:00,11,2462.79,223.89,10,322,4,4,4,12,Champions,1
13786,2010-12-07 13:53:00,2010-12-07 13:53:00,1,230.39999999999998,230.39999999999998,367,0,1,1,1,3,Other,0
13787,2010-12-10 14:45:00,2011-09-25 12:06:00,2,309.04,154.52,76,288,2,2,2,6,Other,0
13790,2011-12-05 15:48:00,2011-12-05 15:48:00,1,348.8,348.8,4,0,4,1,2,7,New / Promising,0
13791,2011-06-24 16:38:00,2011-08-04 11:44:00,2,1516.0,758.0,128,40,2,2,3,7,Other,0
13792,2011-02-25 14:03:00,2011-10-04 14:31:00,2,195.55,97.775,66,221,2,2,1,5,Other,0
13798,2010-12-02 17:24:00,2011-12-08 15:51:00,57,37153.85,651.8219298245614,1,370,4,4,4,12,Champions,1
13799,2011-02-18 14:18:00,2011-08-15 12:07:00,2,688.8599999999999,344.42999999999995,117,177,2,2,3,7,Other,0
13800,2011-02-03 12:27:00,2011-02-03 12:27:00,1,558.32,558.32,310,0,1,1,2,4,Other,0
13801,2011-10-04 10:15:00,2011-10-04 10:15:00,1,324.8,324.8,67,0,2,1,2,5,Other,0
13802,2011-02-01 12:03:00,2011-07-24 10:54:00,3,4599.42,1533.14,139,172,2,3,4,9,At Risk,1
13803,2011-03-29 12:57:00,2011-03-29 12:57:00,1,277.07,277.07,255,0,1,1,1,3,Other,0
13804,2011-02-23 09:09:00,2011-11-09 12:32:00,7,2588.39,369.77,31,259,3,4,4,11,Loyal Customers,1
13805,2011-08-02 15:29:00,2011-10-18 14:50:00,2,924.6,462.3,52,76,2,2,3,7,Other,0
13806,2011-10-07 11:43:00,2011-10-07 11:43:00,1,256.38,256.38,64,0,2,1,1,4,Other,0
13807,2010-12-07 15:48:00,2010-12-07 15:48:00,1,112.6,112.6,367,0,1,1,1,3,Other,0
13808,2011-09-04 12:07:00,2011-12-04 12:18:00,5,1747.6599999999999,349.532,6,91,4,4,4,12,Champions,1
13809,2011-02-07 13:15:00,2011-02-07 13:15:00,1,155.05,155.05,305,0,1,1,1,3,Other,0
13810,2011-10-14 12:57:00,2011-11-11 08:33:00,3,1499.01,499.67,29,27,3,3,3,9,Loyal Customers,1
13811,2011-04-14 18:40:00,2011-06-09 09:54:00,3,814.5,271.5,184,55,1,3,3,7,At Risk,0
13812,2011-08-26 12:54:00,2011-10-28 14:27:00,3,539.0,179.66666666666666,42,63,3,3,2,8,Loyal Customers,0
13813,2011-07-28 10:33:00,2011-10-31 10:38:00,4,1366.8600000000001,341.71500000000003,40,95,3,3,3,9,Loyal Customers,1
13814,2011-07-25 13:54:00,2011-09-08 13:48:00,2,1579.12,789.56,92,44,2,2,3,7,Other,0
13815,2011-01-25 12:16:00,2011-11-17 14:19:00,4,4027.36,1006.84,22,296,3,3,4,10,Loyal Customers,1
13816,2011-10-06 14:37:00,2011-11-16 08:38:00,2,571.6700000000001,285.83500000000004,24,40,3,2,2,7,New / Promising,0
13817,2010-12-23 11:46:00,2011-11-10 17:49:00,2,382.98,191.49,29,322,3,2,2,7,New / Promising,0
13819,2011-01-24 10:38:00,2011-02-11 10:38:00,3,1140.35,380.1166666666666,302,18,1,3,3,7,At Risk,0
13821,2011-03-23 11:30:00,2011-07-18 09:49:00,2,385.64,192.82,145,116,1,2,2,5,Other,0
13822,2011-10-30 15:55:00,2011-12-04 12:13:00,2,632.0,316.0,6,34,4,2,2,8,New / Promising,1
13823,2011-09-09 10:42:00,2011-11-21 10:22:00,2,957.6600000000001,478.83000000000004,19,72,3,2,3,8,New / Promising,0
13824,2011-02-02 13:07:00,2011-11-07 12:41:00,5,1698.94,339.788,33,277,3,4,4,11,Loyal Customers,1
13826,2011-06-16 13:48:00,2011-06-16 13:48:00,1,189.5,189.5,176,0,1,1,1,3,Other,0
13827,2011-07-19 15:38:00,2011-10-13 12:38:00,3,409.8,136.6,58,85,2,3,2,7,At Risk,0
13828,2011-11-17 16:02:00,2011-11-17 16:02:00,1,209.49,209.49,22,0,3,1,1,5,New / Promising,0
13831,2010-12-05 12:13:00,2011-11-23 15:41:00,6,2198.45,366.4083333333333,16,353,4,4,4,12,Champions,1
13832,2011-11-20 15:36:00,2011-11-20 15:36:00,1,52.199999999999996,52.199999999999996,19,0,3,1,1,5,New / Promising,0
13833,2011-07-03 13:27:00,2011-07-03 13:27:00,1,383.85,383.85,159,0,1,1,2,4,Other,0
13835,2011-05-08 15:22:00,2011-11-14 15:37:00,4,834.5699999999999,208.64249999999998,25,190,3,3,3,9,Loyal Customers,1
13837,2011-01-26 12:15:00,2011-05-12 12:10:00,2,266.59000000000003,133.29500000000002,212,105,1,2,1,4,Other,0
13838,2010-12-05 10:45:00,2011-12-04 11:00:00,4,674.8199999999999,168.70499999999998,6,364,4,3,3,10,Loyal Customers,1
13841,2011-04-01 12:10:00,2011-04-01 12:10:00,1,85.0,85.0,253,0,1,1,1,3,Other,0
13842,2010-12-08 10:39:00,2011-10-12 10:51:00,9,3385.62,376.18,59,308,2,4,4,10,At Risk,1
13844,2011-11-28 13:21:00,2011-11-28 13:21:00,1,361.62,361.62,11,0,4,1,2,7,New / Promising,0
13845,2011-10-06 08:25:00,2011-10-06 08:25:00,1,312.98,312.98,65,0,2,1,2,5,Other,0
13846,2010-12-14 16:07:00,2011-11-15 12:07:00,3,865.0600000000001,288.35333333333335,25,335,3,3,3,9,Loyal Customers,1
13848,2010-12-08 15:10:00,2011-09-08 12:58:00,3,1255.0,418.3333333333333,92,273,2,3,3,8,At Risk,0
13849,2011-06-22 10:11:00,2011-10-19 10:59:00,2,1537.9499999999998,768.9749999999999,52,119,2,2,3,7,Other,0
13850,2011-08-02 14:04:00,2011-08-02 14:04:00,1,1595.48,1595.48,129,0,2,1,3,6,Other,0
13851,2011-02-24 17:18:00,2011-09-05 12:36:00,3,2651.46,883.82,96,192,2,3,4,9,At Risk,1
13853,2011-10-13 14:18:00,2011-10-13 14:18:00,1,1090.14,1090.14,57,0,2,1,3,6,Other,0
13854,2010-12-09 10:48:00,2011-12-01 09:06:00,25,8109.52,324.3808,9,356,4,4,4,12,Champions,1
13856,2011-05-20 13:13:00,2011-06-24 10:03:00,3,388.5,129.5,169,34,1,3,2,6,At Risk,0
13858,2011-10-13 16:17:00,2011-10-13 16:17:00,1,216.17,216.17,57,0,2,1,1,4,Other,0
13859,2011-01-17 16:14:00,2011-01-17 16:14:00,1,201.16,201.16,326,0,1,1,1,3,Other,0
13860,2011-09-14 09:27:00,2011-12-08 12:57:00,5,1245.9,249.18,1,85,4,4,3,11,Champions,1
13862,2011-01-11 15:13:00,2011-11-21 16:24:00,8,2209.36,276.17,18,314,4,4,4,12,Champions,1
13863,2011-04-06 10:20:00,2011-04-06 10:20:00,1,305.78,305.78,248,0,1,1,1,3,Other,0
13865,2011-02-23 12:04:00,2011-10-12 13:31:00,4,501.56,125.39,58,231,2,3,2,7,At Risk,0
13866,2011-09-26 14:54:00,2011-09-26 14:54:00,1,145.67000000000002,145.67000000000002,74,0,2,1,1,4,Other,0
13867,2011-05-05 17:28:00,2011-11-08 15:48:00,3,1005.0900000000001,335.03000000000003,31,186,3,3,3,9,Loyal Customers,1
13868,2011-11-01 12:45:00,2011-12-02 16:32:00,2,3192.54,1596.27,7,31,4,2,4,10,New / Promising,1
13869,2010-12-17 15:14:00,2011-08-08 13:53:00,4,3083.65,770.9125,123,233,2,3,4,9,At Risk,1
13870,2011-02-25 09:09:00,2011-12-07 13:23:00,8,2770.94,346.3675,2,285,4,4,4,12,Champions,1
13871,2011-02-04 09:30:00,2011-11-17 10:49:00,13,6403.25,492.5576923076923,23,286,3,4,4,11,Loyal Customers,1
13873,2011-02-03 09:37:00,2011-08-12 10:08:00,3,389.6,129.86666666666667,120,190,2,3,2,7,At Risk,0
13874,2010-12-16 18:20:00,2010-12-16 18:20:00,1,540.45,540.45,358,0,1,1,2,4,Other,0
13875,2011-02-11 15:39:00,2011-10-17 09:36:00,5,1786.79,357.358,54,247,2,4,4,10,At Risk,1
13876,2011-10-07 10:22:00,2011-10-07 10:22:00,1,122.7,122.7,64,0,2,1,1,4,Other,0
13877,2011-09-14 15:49:00,2011-09-14 15:49:00,1,117.24,117.24,86,0,2,1,1,4,Other,0
13878,2011-10-16 12:19:00,2011-10-16 12:19:00,1,1271.57,1271.57,55,0,2,1,3,6,Other,0
13880,2010-12-07 14:00:00,2011-11-18 13:44:00,13,3219.77,247.67461538461538,21,345,3,4,4,11,Loyal Customers,1
13881,2011-02-01 10:14:00,2011-12-06 12:50:00,20,17159.52,857.976,4,308,4,4,4,12,Champions,1
13882,2011-10-06 15:28:00,2011-12-07 11:16:00,5,1191.13,238.22600000000003,3,61,4,4,3,11,Champions,1
13883,2011-03-31 17:17:00,2011-11-29 10:45:00,5,2674.48,534.896,11,242,4,4,4,12,Champions,1
13884,2011-03-01 13:40:00,2011-12-02 16:30:00,5,787.6,157.52,7,276,4,4,3,11,Champions,1
13885,2011-05-23 08:52:00,2011-06-03 15:07:00,2,506.79999999999995,253.39999999999998,189,11,1,2,2,5,Other,0
13886,2011-09-29 13:17:00,2011-09-29 13:17:00,1,243.56,243.56,71,0,2,1,1,4,Other,0
13887,2011-05-19 17:22:00,2011-05-19 17:22:00,1,349.55,349.55,204,0,1,1,2,4,Other,0
13888,2011-05-05 14:41:00,2011-08-12 10:13:00,2,595.6700000000001,297.83500000000004,120,98,2,2,2,6,Other,0
13889,2011-09-08 09:13:00,2011-09-08 09:13:00,1,416.90000000000003,416.90000000000003,93,0,2,1,2,5,Other,0
13890,2010-12-16 09:31:00,2011-12-08 15:36:00,10,1883.81,188.381,1,357,4,4,4,12,Champions,1
13892,2011-04-07 12:04:00,2011-11-13 11:50:00,4,632.9699999999999,158.24249999999998,27,219,3,3,2,8,Loyal Customers,1
13893,2011-02-15 11:30:00,2011-02-15 11:30:00,1,821.1,821.1,298,0,1,1,3,5,Other,0
13894,2011-02-02 12:54:00,2011-11-16 09:44:00,3,564.62,188.20666666666668,24,286,3,3,2,8,Loyal Customers,0
13895,2011-06-28 10:17:00,2011-11-11 16:57:00,4,2593.07,648.2675,28,136,3,3,4,10,Loyal Customers,1
13897,2011-10-20 14:30:00,2011-10-20 14:30:00,1,311.16,311.16,50,0,3,1,2,6,New / Promising,0
13898,2011-01-18 10:28:00,2011-01-18 10:28:00,1,155.93,155.93,326,0,1,1,1,3,Other,0
13899,2011-03-10 09:30:00,2011-11-23 13:40:00,2,388.52,194.26,16,258,4,2,2,8,New / Promising,0
13900,2011-03-22 10:13:00,2011-06-09 19:26:00,3,740.95,246.98333333333335,183,79,1,3,3,7,At Risk,0
13901,2011-01-25 09:01:00,2011-09-28 14:48:00,5,2867.2,573.4399999999999,72,246,2,4,4,10,At Risk,1
13904,2011-02-18 11:18:00,2011-11-02 13:41:00,2,332.64,166.32,37,257,3,2,2,7,New / Promising,0
13908,2011-03-08 12:04:00,2011-09-21 11:49:00,4,2369.55,592.3875,80,196,2,3,4,9,At Risk,1
13911,2011-02-04 14:46:00,2011-10-13 15:43:00,9,2580.91,286.7677777777778,57,251,2,4,4,10,At Risk,1
13914,2011-11-03 16:28:00,2011-11-28 10:35:00,2,626.45,313.225,12,24,4,2,2,8,New / Promising,0
13917,2011-06-01 12:46:00,2011-10-21 09:56:00,2,272.03999999999996,136.01999999999998,50,141,3,2,1,6,New / Promising,0
13918,2011-03-31 18:05:00,2011-10-21 12:25:00,2,1212.84,606.42,50,203,3,2,3,8,New / Promising,0
13919,2011-08-10 10:15:00,2011-10-11 14:24:00,2,384.81,192.405,59,62,2,2,2,6,Other,0
13922,2010-12-23 10:38:00,2010-12-23 10:38:00,1,172.25,172.25,352,0,1,1,1,3,Other,0
13923,2011-10-17 12:33:00,2011-10-17 12:33:00,1,351.13,351.13,54,0,2,1,2,5,Other,0
13924,2011-09-28 15:07:00,2011-12-08 09:39:00,6,1838.85,306.47499999999997,2,70,4,4,4,12,Champions,1
13925,2011-07-28 12:09:00,2011-09-08 12:47:00,4,678.25,169.5625,93,42,2,3,3,8,At Risk,0
13926,2011-11-16 13:16:00,2011-11-16 13:16:00,1,223.85000000000002,223.85000000000002,23,0,3,1,1,5,New / Promising,0
13927,2011-09-26 12:00:00,2011-09-26 12:00:00,1,348.99,348.99,75,0,2,1,2,5,Other,0
13928,2011-07-29 15:59:00,2011-11-29 10:33:00,4,464.57000000000005,116.14250000000001,11,122,4,3,2,9,Loyal Customers,1
13929,2011-01-17 15:11:00,2011-06-23 15:26:00,2,842.6500000000001,421.32500000000005,169,157,1,2,3,6,Other,0
13930,2011-07-26 11:00:00,2011-10-13 09:45:00,2,337.34,168.67,58,78,2,2,2,6,Other,0
13931,2011-03-04 08:43:00,2011-09-05 10:12:00,2,1237.5300000000002,618.7650000000001,96,185,2,2,3,7,Other,0
13932,2011-02-18 12:02:00,2011-02-18 12:02:00,1,307.4,307.4,295,0,1,1,2,4,Other,0
13933,2011-07-14 13:35:00,2011-08-22 14:03:00,2,608.79,304.395,109,39,2,2,2,6,Other,0
13934,2011-03-21 08:39:00,2011-03-21 08:39:00,1,922.1,922.1,264,0,1,1,3,5,Other,0
13936,2011-06-13 08:47:00,2011-06-13 08:47:00,1,376.58,376.58,180,0,1,1,2,4,Other,0
13937,2011-06-23 16:35:00,2011-06-23 16:35:00,1,158.85,158.85,169,0,1,1,1,3,Other,0
13938,2011-11-04 14:37:00,2011-11-04 14:37:00,1,71.66,71.66,35,0,3,1,1,5,New / Promising,0
13939,2011-02-01 11:30:00,2011-11-16 13:33:00,3,568.55,189.51666666666665,23,288,3,3,2,8,Loyal Customers,0
13940,2011-07-18 16:05:00,2011-11-22 15:15:00,4,839.14,209.785,17,126,4,3,3,10,Loyal Customers,1
13941,2010-12-02 10:17:00,2011-11-18 09:43:00,5,5112.96,1022.592,22,350,3,4,4,11,Loyal Customers,1
13946,2011-03-17 10:02:00,2011-09-21 13:33:00,3,561.57,187.19000000000003,79,188,2,3,2,7,At Risk,0
13947,2011-10-05 14:42:00,2011-10-05 14:42:00,1,90.6,90.6,65,0,2,1,1,4,Other,0
13948,2010-12-14 10:18:00,2010-12-14 10:18:00,1,102.0,102.0,361,0,1,1,1,3,Other,0
13949,2011-09-06 11:55:00,2011-12-07 09:35:00,6,2427.32,404.55333333333334,3,91,4,4,4,12,Champions,1
13950,2011-04-07 11:29:00,2011-11-28 14:44:00,4,745.06,186.265,11,235,4,3,3,10,Loyal Customers,1
13951,2011-02-18 15:21:00,2011-06-16 16:43:00,3,674.45,224.8166666666667,176,118,1,3,3,7,At Risk,0
13952,2011-04-15 09:27:00,2011-05-06 09:00:00,2,3251.071,1625.5355,218,20,1,2,4,7,High Value,0
13953,2010-12-22 10:29:00,2011-12-02 16:04:00,7,3515.68,502.23999999999995,7,345,4,4,4,12,Champions,1
13954,2011-09-30 10:52:00,2011-12-08 12:50:00,2,439.91999999999996,219.95999999999998,2,69,4,2,2,8,New / Promising,1
13955,2011-02-07 12:24:00,2011-07-08 17:19:00,2,322.96,161.48,154,151,1,2,2,5,Other,0
13956,2011-03-13 12:51:00,2011-12-04 13:20:00,5,1019.27,203.85399999999998,5,266,4,4,3,11,Champions,1
13959,2010-12-12 13:56:00,2011-09-21 15:06:00,3,594.04,198.01333333333332,79,283,2,3,2,7,At Risk,0
13960,2011-09-29 12:39:00,2011-11-18 15:27:00,2,230.22,115.11,21,50,3,2,1,6,New / Promising,0
13962,2011-04-08 11:21:00,2011-11-18 08:47:00,2,169.55,84.775,22,223,3,2,1,6,New / Promising,0
13963,2010-12-07 09:21:00,2011-02-04 14:43:00,4,664.54,166.135,308,59,1,3,2,6,At Risk,0
13967,2011-07-17 12:02:00,2011-07-17 12:02:00,1,80.7,80.7,146,0,1,1,1,3,Other,0
13969,2010-12-09 19:32:00,2011-12-02 15:11:00,18,9024.17,501.34277777777777,7,357,4,4,4,12,Champions,1
13971,2011-02-27 12:27:00,2011-11-21 12:06:00,8,2758.26,344.7825,19,266,3,4,4,11,Loyal Customers,1
13972,2011-05-22 11:34:00,2011-09-30 11:54:00,2,190.25,95.125,71,131,2,2,1,5,Other,0
13973,2011-02-25 15:21:00,2011-02-25 15:21:00,1,264.7,264.7,287,0,1,1,1,3,Other,0
13974,2011-10-21 14:41:00,2011-10-21 14:41:00,1,413.59000000000003,413.59000000000003,49,0,3,1,2,6,New / Promising,0
13975,2011-03-08 12:19:00,2011-11-08 13:19:00,6,2461.24,410.20666666666665,31,245,3,4,4,11,Loyal Customers,1
13976,2011-05-17 09:13:00,2011-05-17 09:13:00,1,357.98,357.98,207,0,1,1,2,4,Other,0
13978,2011-10-25 15:04:00,2011-11-25 11:36:00,2,196.79000000000002,98.39500000000001,15,30,4,2,1,7,New / Promising,0
13979,2011-09-27 13:32:00,2011-09-27 13:32:00,1,869.87,869.87,73,0,2,1,3,6,Other,0
13980,2011-10-10 13:34:00,2011-10-10 13:34:00,1,200.14,200.14,60,0,2,1,1,4,Other,0
13982,2010-12-09 13:57:00,2011-10-31 16:24:00,4,1871.81,467.9525,39,326,3,3,4,10,Loyal Customers,1
13983,2010-12-08 10:38:00,2011-11-10 11:06:00,12,2603.43,216.9525,30,337,3,4,4,11,Loyal Customers,1
13984,2010-12-08 15:58:00,2011-11-13 12:38:00,5,920.51,184.102,27,339,3,4,3,10,Loyal Customers,1
13985,2011-03-20 13:48:00,2011-12-05 17:06:00,15,7060.13,470.67533333333336,4,260,4,4,4,12,Champions,1
13986,2011-11-22 15:00:00,2011-11-22 15:00:00,1,320.46,320.46,17,0,4,1,2,7,New / Promising,0
13988,2011-03-30 11:48:00,2011-11-20 10:15:00,6,4147.96,691.3266666666667,20,234,3,4,4,11,Loyal Customers,1
13989,2011-04-14 15:39:00,2011-10-05 09:47:00,2,1266.08,633.04,66,173,2,2,3,7,Other,0
13990,2011-05-10 15:19:00,2011-05-10 15:19:00,1,311.3,311.3,213,0,1,1,2,4,Other,0
13991,2011-07-19 12:58:00,2011-11-27 16:18:00,6,852.88,142.14666666666668,12,131,4,4,3,11,Champions,1
13992,2011-11-09 15:23:00,2011-11-09 15:23:00,1,76.8,76.8,30,0,3,1,1,5,New / Promising,0
13993,2011-01-13 10:43:00,2011-10-28 09:06:00,9,3466.36,385.1511111111111,43,287,3,4,4,11,Loyal Customers,1
13994,2011-07-14 18:28:00,2011-12-06 11:05:00,6,2274.14,379.0233333333333,4,144,4,4,4,12,Champions,1
13995,2011-04-08 08:20:00,2011-11-24 14:22:00,5,1393.69,278.738,15,230,4,4,3,11,Champions,1
13999,2010-12-13 11:23:00,2011-11-29 13:40:00,12,3901.81,325.1508333333333,10,351,4,4,4,12,Champions,1
14000,2011-05-12 16:50:00,2011-05-12 16:50:00,1,635.66,635.66,211,0,1,1,2,4,Other,0
14001,2010-12-01 12:58:00,2011-10-25 10:31:00,3,2043.0800000000002,681.0266666666668,46,327,3,3,4,10,Loyal Customers,1
14002,2011-07-06 14:59:00,2011-07-28 15:55:00,2,529.73,264.865,134,22,2,2,2,6,Other,0
14004,2011-02-24 09:28:00,2011-10-27 14:40:00,7,4582.64,654.6628571428572,43,245,3,4,4,11,Loyal Customers,1
14005,2011-05-08 10:33:00,2011-11-30 12:41:00,5,2874.7200000000003,574.9440000000001,10,206,4,4,4,12,Champions,1
14006,2011-01-31 15:11:00,2011-08-16 09:39:00,3,962.19,320.73,116,196,2,3,3,8,At Risk,0
14009,2011-05-18 13:00:00,2011-05-25 15:47:00,2,695.61,347.805,198,7,1,2,3,6,Other,0
14012,2011-03-07 12:26:00,2011-03-07 12:26:00,1,328.8,328.8,278,0,1,1,2,4,Other,0
14013,2011-03-09 08:59:00,2011-08-21 15:01:00,3,473.02,157.67333333333332,110,165,2,3,2,7,At Risk,0
14014,2011-09-23 13:18:00,2011-09-23 13:18:00,1,505.18,505.18,77,0,2,1,2,5,Other,0
14015,2011-10-18 10:02:00,2011-10-18 10:02:00,1,917.34,917.34,53,0,2,1,3,6,Other,0
14016,2010-12-17 14:21:00,2011-07-01 11:29:00,4,4341.21,1085.3025,162,195,1,3,4,8,At Risk,1
14019,2011-07-24 15:39:00,2011-10-24 10:13:00,3,1421.61,473.86999999999995,47,91,3,3,3,9,Loyal Customers,1
14020,2011-09-12 15:32:00,2011-11-23 09:22:00,2,642.8,321.4,17,71,4,2,2,8,New / Promising,0
14021,2011-03-28 15:10:00,2011-07-07 15:46:00,3,631.9,210.63333333333333,155,101,1,3,2,6,At Risk,0
14022,2011-04-28 14:39:00,2011-04-28 14:39:00,1,440.0,440.0,225,0,1,1,2,4,Other,0
14023,2011-04-03 15:50:00,2011-12-02 13:58:00,2,584.0699999999999,292.03499999999997,7,242,4,2,2,8,New / Promising,1
14024,2011-08-07 13:31:00,2011-08-10 11:30:00,2,327.7,163.85,122,2,2,2,2,6,Other,0
14027,2011-10-10 09:01:00,2011-10-10 09:01:00,1,104.82,104.82,61,0,2,1,1,4,Other,0
14029,2011-07-18 16:57:00,2011-10-07 14:46:00,2,467.65999999999997,233.82999999999998,63,80,2,2,2,6,Other,0
14030,2010-12-08 16:11:00,2011-11-21 16:48:00,8,2358.84,294.855,18,348,4,4,4,12,Champions,1
14031,2010-12-02 16:34:00,2011-12-02 17:13:00,19,17286.86,909.8347368421053,7,365,4,4,4,12,Champions,1
14032,2010-12-08 10:53:00,2011-12-07 15:23:00,11,2975.59,270.5081818181818,2,364,4,4,4,12,Champions,1
14034,2011-07-05 13:06:00,2011-11-17 14:02:00,3,648.89,216.29666666666665,22,135,3,3,2,8,Loyal Customers,0
14035,2011-02-15 12:48:00,2011-11-11 10:03:00,5,1428.02,285.604,29,268,3,4,3,10,Loyal Customers,1
14036,2011-02-28 09:26:00,2011-02-28 09:26:00,1,626.65,626.65,285,0,1,1,2,4,Other,0
14037,2010-12-10 11:39:00,2011-06-16 13:57:00,2,147.2,73.6,176,188,1,2,1,4,Other,0
14038,2011-05-16 14:05:00,2011-09-22 13:37:00,3,1560.38,520.1266666666667,78,128,2,3,3,8,At Risk,0
14039,2011-11-06 13:48:00,2011-11-06 13:48:00,1,152.2,152.2,33,0,3,1,1,5,New / Promising,0
14040,2011-01-12 14:57:00,2011-10-30 12:42:00,12,3560.32,296.6933333333333,41,290,3,4,4,11,Loyal Customers,1
14041,2011-03-18 13:25:00,2011-03-18 13:25:00,1,141.41,141.41,266,0,1,1,1,3,Other,0
14044,2011-02-03 11:39:00,2011-11-13 12:05:00,4,646.42,161.605,27,283,3,3,2,8,Loyal Customers,1
14045,2010-12-01 11:32:00,2011-08-22 15:27:00,4,1659.75,414.9375,109,264,2,3,3,8,At Risk,0
14046,2011-02-28 14:48:00,2011-02-28 14:48:00,1,154.99,154.99,284,0,1,1,1,3,Other,0
14047,2010-12-02 10:09:00,2011-12-01 11:43:00,5,1308.6100000000001,261.72200000000004,9,364,4,4,3,11,Champions,1
14048,2011-02-07 14:53:00,2011-02-07 14:53:00,1,409.93,409.93,305,0,1,1,2,4,Other,0
14049,2011-01-26 11:27:00,2011-11-23 12:20:00,4,5578.719999999999,1394.6799999999998,17,301,4,3,4,11,Loyal Customers,1
14050,2011-08-25 13:46:00,2011-11-08 10:00:00,2,746.36,373.18,32,74,3,2,3,8,New / Promising,0
14051,2010-12-08 12:49:00,2011-12-09 10:20:00,23,15610.390000000001,678.7126086956522,1,365,4,4,4,12,Champions,1
14052,2011-11-20 12:30:00,2011-11-20 12:30:00,1,225.36,225.36,20,0,3,1,1,5,New / Promising,0
14053,2011-07-03 12:21:00,2011-08-07 14:27:00,2,260.25,130.125,124,35,2,2,1,5,Other,0
14054,2011-10-05 15:49:00,2011-10-05 15:49:00,1,92.46,92.46,65,0,2,1,1,4,Other,0
14055,2011-08-25 15:04:00,2011-08-25 15:04:00,1,725.6400000000001,725.6400000000001,106,0,2,1,3,6,Other,0
14056,2011-02-28 15:19:00,2011-12-08 13:36:00,23,8152.71,354.46565217391304,1,282,4,4,4,12,Champions,1
14057,2010-12-14 12:11:00,2011-11-16 10:32:00,17,6211.66,365.39176470588234,24,336,3,4,4,11,Loyal Customers,1
14059,2011-03-18 10:06:00,2011-03-18 10:06:00,1,183.6,183.6,267,0,1,1,1,3,Other,0
14060,2010-12-02 12:11:00,2011-12-05 12:29:00,19,6140.42,323.18,5,368,4,4,4,12,Champions,1
14062,2010-12-10 15:56:00,2011-11-30 10:04:00,12,10464.85,872.0708333333333,10,354,4,4,4,12,Champions,1
14064,2011-03-10 12:59:00,2011-11-10 13:14:00,5,1334.34,266.868,29,245,3,4,3,10,Loyal Customers,1
14066,2011-03-18 12:21:00,2011-03-18 12:21:00,1,152.55,152.55,267,0,1,1,1,3,Other,0
14067,2011-09-04 12:00:00,2011-10-07 10:21:00,2,374.7,187.35,64,32,2,2,2,6,Other,0
14068,2011-01-23 16:02:00,2011-01-23 16:02:00,1,265.85,265.85,320,0,1,1,1,3,Other,0
14071,2011-03-20 11:33:00,2011-12-06 12:27:00,8,1437.57,179.69625,4,261,4,4,3,11,Champions,1
14073,2011-11-07 15:49:00,2011-11-07 15:49:00,1,151.04,151.04,32,0,3,1,1,5,New / Promising,0
14075,2011-03-23 16:35:00,2011-12-05 08:38:00,3,942.26,314.08666666666664,5,256,4,3,3,10,Loyal Customers,1
14076,2011-08-02 15:19:00,2011-08-02 15:19:00,1,118.67,118.67,129,0,2,1,1,4,Other,0
14077,2011-03-10 15:52:00,2011-10-30 12:35:00,5,499.42,99.884,41,233,3,4,2,9,Loyal Customers,0
14078,2010-12-01 12:54:00,2011-08-30 12:16:00,6,1049.37,174.89499999999998,102,271,2,4,3,9,At Risk,1
14079,2011-08-07 12:10:00,2011-08-07 12:10:00,1,375.1,375.1,125,0,2,1,2,5,Other,0
14080,2011-11-07 11:09:00,2011-11-07 11:09:00,1,45.599999999999994,45.599999999999994,33,0,3,1,1,5,New / Promising,0
14081,2010-12-05 15:47:00,2011-02-10 16:17:00,2,921.62,460.81,302,67,1,2,3,6,Other,0
14082,2010-12-10 11:02:00,2010-12-10 11:02:00,1,182.25,182.25,365,0,1,1,1,3,Other,0
14083,2010-12-03 12:24:00,2011-12-05 13:14:00,9,1002.9,111.43333333333334,4,367,4,4,3,11,Champions,1
14085,2010-12-06 12:39:00,2011-12-07 13:46:00,18,4421.29,245.62722222222223,2,366,4,4,4,12,Champions,1
14087,2011-12-07 12:41:00,2011-12-07 12:41:00,1,191.47,191.47,3,0,4,1,1,6,New / Promising,0
14088,2011-01-21 13:07:00,2011-11-29 16:16:00,13,50491.810000000005,3883.985384615385,10,312,4,4,4,12,Champions,1
14089,2011-10-14 10:38:00,2011-10-14 10:38:00,1,158.75,158.75,57,0,2,1,1,4,Other,0
14090,2011-01-19 10:51:00,2011-01-19 10:51:00,1,76.32000000000001,76.32000000000001,325,0,1,1,1,3,Other,0
14092,2010-12-16 15:47:00,2011-12-02 12:13:00,14,4076.9100000000003,291.20785714285716,8,350,4,4,4,12,Champions,1
14093,2011-11-27 16:27:00,2011-11-27 16:27:00,1,433.86,433.86,12,0,4,1,2,7,New / Promising,0
14096,2011-08-30 10:49:00,2011-12-05 17:17:00,17,65164.79,3833.2229411764706,4,97,4,4,4,12,Champions,1
14098,2011-11-03 10:13:00,2011-11-03 10:13:00,1,147.35,147.35,37,0,3,1,1,5,New / Promising,0
14099,2010-12-20 11:14:00,2011-11-23 13:53:00,11,3104.17,282.1972727272727,16,338,4,4,4,12,Champions,1
14100,2011-07-25 11:01:00,2011-07-25 11:01:00,1,191.95000000000002,191.95000000000002,138,0,2,1,1,4,Other,0
14101,2011-01-17 13:09:00,2011-09-27 12:28:00,6,5976.79,996.1316666666667,74,252,2,4,4,10,At Risk,1
14102,2011-10-26 12:46:00,2011-12-04 15:38:00,5,1105.88,221.17600000000002,5,39,4,4,3,11,Champions,1
14104,2011-06-27 12:49:00,2011-07-08 12:50:00,2,216.20999999999998,108.10499999999999,155,11,1,2,1,4,Other,0
14105,2011-04-14 17:58:00,2011-04-14 17:58:00,1,1266.23,1266.23,239,0,1,1,3,5,Other,0
14107,2010-12-10 13:29:00,2011-10-19 12:12:00,7,2703.23,386.17571428571426,52,312,2,4,4,10,At Risk,1
14108,2011-08-30 11:32:00,2011-11-09 10:41:00,2,597.91,298.955,31,70,3,2,2,7,New / Promising,0
14109,2011-09-28 10:18:00,2011-09-28 10:18:00,1,144.2,144.2,73,0,2,1,1,4,Other,0
14110,2011-03-18 09:59:00,2011-12-06 12:26:00,12,5683.150000000001,473.59583333333336,4,263,4,4,4,12,Champions,1
14111,2011-04-12 11:36:00,2011-11-25 13:44:00,4,692.85,173.2125,14,227,4,3,3,10,Loyal Customers,1
14112,2011-03-09 11:28:00,2011-11-17 12:30:00,7,2915.15,416.45,23,253,3,4,4,11,Loyal Customers,1
14113,2010-12-20 12:14:00,2011-12-06 12:18:00,4,1840.42,460.105,4,351,4,3,4,11,Loyal Customers,1
14114,2011-01-13 11:05:00,2011-03-11 09:42:00,2,386.53,193.265,274,56,1,2,2,5,Other,0
14116,2011-08-10 12:44:00,2011-11-20 10:29:00,5,1382.74,276.548,20,101,3,4,3,10,Loyal Customers,1
14117,2011-07-19 09:49:00,2011-07-19 09:49:00,1,90.0,90.0,144,0,1,1,1,3,Other,0
14121,2011-10-11 10:39:00,2011-12-06 12:19:00,4,2780.15,695.0375,4,56,4,3,4,11,Loyal Customers,1
14124,2011-09-16 13:32:00,2011-09-16 13:32:00,1,419.58,419.58,84,0,2,1,2,5,Other,0
14125,2011-09-22 15:40:00,2011-11-29 12:47:00,3,2720.63,906.8766666666667,11,67,4,3,4,11,Loyal Customers,1
14126,2011-11-29 12:21:00,2011-12-02 11:45:00,3,706.1300000000001,235.3766666666667,8,2,4,3,3,10,Loyal Customers,1
14127,2011-02-02 12:26:00,2011-08-09 10:49:00,3,709.71,236.57000000000002,123,187,2,3,3,8,At Risk,0
14128,2011-03-29 10:49:00,2011-10-10 12:00:00,2,637.5,318.75,61,195,2,2,2,6,Other,0
14129,2011-03-24 08:44:00,2011-12-08 11:02:00,5,1123.8600000000001,224.77200000000002,2,259,4,4,3,11,Champions,1
14130,2011-01-24 16:05:00,2011-01-24 16:05:00,1,480.91,480.91,319,0,1,1,2,4,Other,0
14132,2011-06-09 12:04:00,2011-12-07 13:35:00,11,3586.03,326.00272727272727,2,181,4,4,4,12,Champions,1
14133,2011-01-28 11:27:00,2011-08-02 11:34:00,3,605.64,201.88,130,186,2,3,2,7,At Risk,0
14135,2010-12-02 10:27:00,2011-12-08 11:38:00,15,4690.31,312.68733333333336,2,371,4,4,4,12,Champions,1
14138,2011-10-07 09:38:00,2011-12-08 12:44:00,2,965.8800000000001,482.94000000000005,2,62,4,2,3,9,New / Promising,1
14139,2011-10-24 13:34:00,2011-10-24 13:34:00,1,415.82,415.82,46,0,3,1,2,6,New / Promising,0
14140,2011-11-08 11:20:00,2011-12-06 09:05:00,2,935.05,467.525,4,27,4,2,3,9,New / Promising,1
14141,2011-08-26 14:40:00,2011-12-07 09:53:00,4,915.1300000000001,228.78250000000003,3,102,4,3,3,10,Loyal Customers,1
14142,2010-12-01 16:33:00,2010-12-01 16:33:00,1,311.81,311.81,373,0,1,1,2,4,Other,0
14143,2011-07-29 09:48:00,2011-07-29 09:48:00,1,115.8,115.8,134,0,2,1,1,4,Other,0
14145,2011-05-06 13:01:00,2011-10-24 12:10:00,4,3742.2,935.55,47,170,3,3,4,10,Loyal Customers,1
14146,2010-12-17 15:52:00,2011-12-01 10:18:00,5,4191.0,838.2,9,348,4,4,4,12,Champions,1
14147,2011-02-27 11:42:00,2011-09-22 18:10:00,2,483.40000000000003,241.70000000000002,78,207,2,2,2,6,Other,0
14148,2011-04-20 12:02:00,2011-04-20 12:02:00,1,157.2,157.2,234,0,1,1,1,3,Other,0
14149,2011-05-03 09:44:00,2011-05-03 09:44:00,1,446.62,446.62,221,0,1,1,2,4,Other,0
14150,2010-12-15 10:04:00,2011-11-04 10:05:00,2,658.6400000000001,329.32000000000005,36,324,3,2,2,7,New / Promising,0
14152,2011-04-19 15:46:00,2011-09-25 12:54:00,2,621.29,310.645,75,158,2,2,2,6,Other,0
14154,2011-04-14 15:58:00,2011-04-14 16:26:00,2,1345.62,672.81,239,0,1,2,3,6,Other,0
14155,2011-03-18 14:13:00,2011-03-18 14:13:00,1,118.75,118.75,266,0,1,1,1,3,Other,0
14156,2010-12-03 11:48:00,2011-11-30 10:54:00,55,117210.08,2131.0923636363636,10,361,4,4,4,12,Champions,1
14157,2011-02-27 13:04:00,2011-11-20 11:32:00,2,424.89,212.445,20,265,3,2,2,7,New / Promising,0
14158,2011-10-30 15:08:00,2011-10-30 15:08:00,1,507.66,507.66,40,0,3,1,2,6,New / Promising,0
14159,2010-12-12 11:17:00,2011-11-20 12:36:00,11,4630.35,420.94090909090914,20,343,3,4,4,11,Loyal Customers,1
14161,2010-12-05 13:18:00,2011-05-08 11:41:00,3,1097.62,365.8733333333333,216,153,1,3,3,7,At Risk,0
14162,2011-02-20 12:32:00,2011-06-19 11:36:00,2,289.36,144.68,174,118,1,2,1,4,Other,0
14163,2011-04-14 17:33:00,2011-09-13 15:18:00,4,2445.91,611.4775,87,151,2,3,4,9,At Risk,1
14164,2011-09-20 12:18:00,2011-09-30 12:24:00,2,1631.77,815.885,71,10,2,2,3,7,Other,0
14165,2011-03-09 12:39:00,2011-03-09 12:39:00,1,120.44,120.44,276,0,1,1,1,3,Other,0
14167,2011-01-12 15:44:00,2011-10-31 14:29:00,4,562.59,140.6475,39,291,3,3,2,8,Loyal Customers,0
14171,2011-09-02 16:43:00,2011-09-02 16:43:00,1,363.79,363.79,98,0,2,1,2,5,Other,0
14173,2011-05-04 14:03:00,2011-11-29 11:54:00,4,450.84000000000003,112.71000000000001,11,208,4,3,2,9,Loyal Customers,1
14174,2011-11-06 13:17:00,2011-11-06 13:17:00,1,134.46,134.46,33,0,3,1,1,5,New / Promising,0
14175,2011-01-14 12:22:00,2011-10-11 11:55:00,3,3222.3,1074.1000000000001,60,269,2,3,4,9,At Risk,1
14176,2010-12-07 11:45:00,2011-02-15 13:12:00,4,576.9000000000001,144.22500000000002,297,70,1,3,2,6,At Risk,0
14177,2011-06-13 11:10:00,2011-09-14 15:11:00,4,549.46,137.365,86,93,2,3,2,7,At Risk,0
14178,2011-06-10 12:51:00,2011-12-01 12:01:00,7,1600.26,228.60857142857142,9,173,4,4,3,11,Champions,1
14179,2011-10-18 14:00:00,2011-10-30 12:07:00,2,701.57,350.785,41,11,3,2,3,8,New / Promising,0
14180,2010-12-02 13:08:00,2011-11-29 10:56:00,25,4748.52,189.94080000000002,11,361,4,4,4,12,Champions,1
14184,2011-10-04 12:43:00,2011-10-04 12:43:00,1,452.89,452.89,67,0,2,1,2,5,Other,0
14185,2011-01-12 13:52:00,2011-01-12 13:52:00,1,197.65,197.65,331,0,1,1,1,3,Other,0
14188,2011-02-02 13:46:00,2011-11-09 12:45:00,6,2054.36,342.3933333333334,31,279,3,4,4,11,Loyal Customers,1
14189,2010-12-06 11:42:00,2011-12-07 15:55:00,15,4654.08,310.272,2,366,4,4,4,12,Champions,1
14191,2011-05-03 10:30:00,2011-12-08 09:23:00,13,4684.76,360.36615384615385,2,218,4,4,4,12,Champions,1
14193,2011-03-15 11:38:00,2011-10-03 09:34:00,2,853.39,426.695,68,201,2,2,3,7,Other,0
14194,2011-02-04 14:51:00,2011-12-05 10:38:00,21,11349.52,540.4533333333334,5,303,4,4,4,12,Champions,1
14195,2011-04-01 16:50:00,2011-05-22 10:29:00,2,1012.0,506.0,202,50,1,2,3,6,Other,0
14196,2011-08-25 10:25:00,2011-08-25 10:25:00,1,335.52,335.52,107,0,2,1,2,5,Other,0
14198,2011-04-14 14:54:00,2011-11-21 16:35:00,4,701.4000000000001,175.35000000000002,18,221,4,3,3,10,Loyal Customers,1
14199,2011-05-05 13:44:00,2011-05-05 13:44:00,1,185.39999999999998,185.39999999999998,218,0,1,1,1,3,Other,0
14201,2010-12-15 13:25:00,2011-10-10 13:27:00,7,747.44,106.77714285714286,60,299,2,4,3,9,At Risk,1
14204,2011-12-07 13:38:00,2011-12-07 13:38:00,1,150.61,150.61,2,0,4,1,1,6,New / Promising,0
14205,2011-03-20 15:07:00,2011-11-23 10:55:00,2,466.70000000000005,233.35000000000002,17,247,4,2,2,8,New / Promising,0
14206,2011-04-14 16:38:00,2011-04-14 16:38:00,1,328.15999999999997,328.15999999999997,239,0,1,1,2,4,Other,0
14208,2011-09-06 12:48:00,2011-09-06 12:48:00,1,151.74,151.74,95,0,2,1,1,4,Other,0
14209,2011-01-11 12:56:00,2011-11-29 10:18:00,6,2073.4300000000003,345.5716666666667,11,321,4,4,4,12,Champions,1
14210,2010-12-03 12:43:00,2011-08-26 12:36:00,6,1905.8400000000001,317.64000000000004,106,265,2,4,4,10,At Risk,1
14211,2011-02-17 15:50:00,2011-10-17 13:23:00,9,2241.1,249.0111111111111,53,241,2,4,4,10,At Risk,1
14212,2011-09-11 12:45:00,2011-09-11 12:45:00,1,1070.48,1070.48,90,0,2,1,3,6,Other,0
14214,2011-03-07 12:26:00,2011-11-09 10:31:00,5,1004.38,200.876,31,246,3,4,3,10,Loyal Customers,1
14215,2010-12-06 15:34:00,2011-11-28 12:19:00,6,1789.72,298.2866666666667,12,356,4,4,4,12,Champions,1
14216,2011-11-02 10:51:00,2011-12-06 14:56:00,4,1839.3,459.825,3,34,4,3,4,11,Loyal Customers,1
14217,2010-12-08 13:28:00,2011-12-08 11:53:00,17,2004.98,117.94,2,364,4,4,4,12,Champions,1
14218,2011-10-28 10:00:00,2011-10-28 10:00:00,1,169.48000000000002,169.48000000000002,43,0,3,1,1,5,New / Promising,0
14219,2011-12-05 16:23:00,2011-12-05 16:23:00,1,89.94,89.94,4,0,4,1,1,6,New / Promising,0
14220,2010-12-16 18:18:00,2011-04-06 13:23:00,2,632.4000000000001,316.20000000000005,247,110,1,2,2,5,Other,0
14221,2011-01-04 15:33:00,2011-10-28 13:42:00,9,3432.8,381.4222222222222,42,296,3,4,4,11,Loyal Customers,1
14222,2011-06-15 16:42:00,2011-06-15 16:42:00,1,683.17,683.17,177,0,1,1,3,5,Other,0
14223,2011-03-20 16:02:00,2011-09-08 13:38:00,3,991.13,330.37666666666667,92,171,2,3,3,8,At Risk,0
14224,2011-01-23 13:58:00,2011-08-21 13:24:00,4,1009.73,252.4325,110,209,2,3,3,8,At Risk,0
14226,2011-03-15 15:36:00,2011-11-11 11:34:00,5,2214.79,442.95799999999997,29,240,3,4,4,11,Loyal Customers,1
14227,2011-02-28 12:27:00,2011-11-13 15:48:00,10,3350.96,335.096,26,258,3,4,4,11,Loyal Customers,1
14229,2011-01-10 12:03:00,2011-10-19 10:03:00,3,1547.1999999999998,515.7333333333332,52,281,2,3,3,8,At Risk,1
14231,2011-02-24 11:55:00,2011-06-09 11:05:00,3,925.71,308.57,184,104,1,3,3,7,At Risk,0
14232,2011-03-20 12:44:00,2011-10-28 11:09:00,5,2048.07,409.61400000000003,43,221,3,4,4,11,Loyal Customers,1
14233,2011-01-26 12:43:00,2011-10-21 15:54:00,4,1462.72,365.68,49,268,3,3,3,9,Loyal Customers,1
14234,2011-10-13 13:58:00,2011-11-17 17:53:00,4,754.12,188.53,22,35,3,3,3,9,Loyal Customers,1
14235,2011-03-24 13:23:00,2011-09-25 14:37:00,5,3144.86,628.972,75,185,2,4,4,10,At Risk,1
14236,2010-12-02 18:49:00,2011-09-20 09:13:00,2,490.86,245.43,81,291,2,2,2,6,Other,0
14237,2010-12-01 13:20:00,2010-12-01 13:20:00,1,161.0,161.0,373,0,1,1,1,3,Other,0
14238,2011-01-17 14:40:00,2011-01-17 14:40:00,1,146.85,146.85,326,0,1,1,1,3,Other,0
14239,2011-01-27 14:45:00,2011-10-27 14:40:00,11,2380.85,216.4409090909091,43,272,3,4,4,11,Loyal Customers,1
14240,2011-04-28 11:40:00,2011-11-09 13:45:00,2,890.34,445.17,30,195,3,2,3,8,New / Promising,0
14241,2011-06-09 11:46:00,2011-06-09 11:46:00,1,213.70000000000002,213.70000000000002,184,0,1,1,1,3,Other,0
14242,2011-01-18 08:53:00,2011-04-19 11:46:00,2,280.54999999999995,140.27499999999998,235,91,1,2,1,4,Other,0
14243,2010-12-09 08:34:00,2011-12-01 11:12:00,10,2588.77,258.877,9,357,4,4,4,12,Champions,1
14245,2011-03-21 10:41:00,2011-05-04 08:40:00,2,1693.45,846.725,220,43,1,2,4,7,High Value,0
14246,2011-04-08 08:25:00,2011-08-21 11:50:00,3,1474.06,491.3533333333333,111,135,2,3,3,8,At Risk,0
14247,2011-03-06 15:21:00,2011-03-06 15:21:00,1,136.77,136.77,278,0,1,1,1,3,Other,0
14248,2011-01-25 14:45:00,2011-01-25 14:45:00,1,302.58,302.58,318,0,1,1,1,3,Other,0
14250,2011-09-11 13:44:00,2011-12-02 14:30:00,3,1904.05,634.6833333333333,7,82,4,3,4,11,Loyal Customers,1
14251,2011-10-13 12:46:00,2011-12-08 08:32:00,5,2879.7,575.9399999999999,2,55,4,4,4,12,Champions,1
14256,2010-12-10 11:44:00,2011-03-24 13:17:00,2,969.06,484.53,260,104,1,2,3,6,Other,0
14257,2011-01-25 10:49:00,2011-10-06 16:54:00,5,3099.7200000000003,619.9440000000001,64,254,2,4,4,10,At Risk,1
14258,2011-01-06 12:18:00,2011-11-30 15:27:00,9,12669.98,1407.7755555555555,9,328,4,4,4,12,Champions,1
14259,2011-07-21 10:44:00,2011-07-21 10:44:00,1,120.0,120.0,142,0,2,1,1,4,Other,0
14261,2011-09-22 10:47:00,2011-10-20 10:04:00,2,1163.45,581.725,51,27,3,2,3,8,New / Promising,0
14262,2011-04-13 12:23:00,2011-12-01 14:17:00,8,2618.23,327.27875,8,232,4,4,4,12,Champions,1
14264,2011-04-08 12:20:00,2011-07-08 10:20:00,2,333.97,166.985,155,90,1,2,2,5,Other,0
14265,2011-07-14 09:10:00,2011-08-22 13:32:00,2,530.1800000000001,265.09000000000003,109,39,2,2,2,6,Other,0
14267,2011-03-24 11:38:00,2011-06-30 10:09:00,3,1516.24,505.41333333333336,163,97,1,3,3,7,At Risk,0
14270,2011-01-12 09:33:00,2011-01-12 09:33:00,1,492.65000000000003,492.65000000000003,332,0,1,1,2,4,Other,0
14271,2011-04-28 12:47:00,2011-04-28 12:47:00,1,112.32000000000001,112.32000000000001,226,0,1,1,1,3,Other,0
14272,2011-03-30 13:57:00,2011-09-27 10:08:00,2,437.96000000000004,218.98000000000002,74,180,2,2,2,6,Other,0
14273,2011-04-11 13:24:00,2011-10-19 13:20:00,4,559.97,139.9925,51,190,3,3,2,8,Loyal Customers,0
14276,2011-02-23 09:38:00,2011-09-02 09:45:00,3,1119.74,373.24666666666667,99,191,2,3,3,8,At Risk,0
14277,2011-05-11 13:20:00,2011-11-24 15:01:00,3,4188.0,1396.0,15,197,4,3,4,11,Loyal Customers,1
14280,2011-05-27 10:37:00,2011-05-27 10:37:00,1,134.04,134.04,197,0,1,1,1,3,Other,0
14282,2010-12-07 12:21:00,2011-12-06 17:04:00,15,3701.44,246.76266666666666,3,364,4,4,4,12,Champions,1
14284,2011-09-14 13:04:00,2011-11-09 08:11:00,2,595.25,297.625,31,55,3,2,2,7,New / Promising,0
14285,2011-06-16 12:36:00,2011-11-18 14:50:00,4,1910.0100000000002,477.50250000000005,21,155,3,3,4,10,Loyal Customers,1
14286,2011-04-11 08:16:00,2011-11-16 10:34:00,3,4628.75,1542.9166666666667,24,219,3,3,4,10,Loyal Customers,1
14287,2011-05-25 11:41:00,2011-12-01 13:25:00,3,176.63,58.876666666666665,8,190,4,3,1,8,Loyal Customers,0
14288,2011-05-10 13:22:00,2011-05-10 13:22:00,1,426.6,426.6,213,0,1,1,2,4,Other,0
14289,2011-02-23 12:33:00,2011-12-01 11:44:00,6,911.26,151.87666666666667,9,280,4,4,3,11,Champions,1
14290,2010-12-13 10:24:00,2011-11-28 14:02:00,5,2314.65,462.93,11,350,4,4,4,12,Champions,1
14291,2011-03-09 15:20:00,2011-12-08 10:26:00,11,3883.25,353.02272727272725,2,273,4,4,4,12,Champions,1
14292,2011-03-02 08:26:00,2011-12-02 11:50:00,9,4871.93,541.3255555555556,8,275,4,4,4,12,Champions,1
14293,2010-12-06 10:18:00,2011-12-06 15:17:00,4,1046.56,261.64,3,365,4,3,3,10,Loyal Customers,1
14295,2011-10-30 15:50:00,2011-10-30 15:50:00,1,166.20000000000002,166.20000000000002,40,0,3,1,1,5,New / Promising,0
14297,2011-03-10 08:31:00,2011-11-22 09:06:00,4,1305.33,326.3325,18,257,4,3,3,10,Loyal Customers,1
14298,2010-12-14 12:59:00,2011-12-01 13:12:00,44,51527.3,1171.075,8,352,4,4,4,12,Champions,1
14299,2010-12-09 10:30:00,2011-12-01 16:05:00,9,3965.62,440.6244444444444,8,357,4,4,4,12,Champions,1
14300,2011-11-21 08:57:00,2011-11-21 08:57:00,1,43.2,43.2,19,0,3,1,1,5,New / Promising,0
14301,2011-08-14 15:33:00,2011-08-14 15:33:00,1,640.14,640.14,117,0,2,1,2,5,Other,0
14304,2011-05-01 11:50:00,2011-05-01 11:50:00,1,383.45,383.45,223,0,1,1,2,4,Other,0
14305,2011-07-27 14:14:00,2011-09-29 15:29:00,3,1858.96,619.6533333333333,71,64,2,3,4,9,At Risk,1
14306,2011-09-15 10:31:00,2011-10-19 13:23:00,2,2093.32,1046.66,51,34,3,2,4,9,New / Promising,0
14307,2010-12-01 11:41:00,2011-09-12 09:38:00,6,2995.7200000000003,499.2866666666667,89,284,2,4,4,10,At Risk,1
14309,2010-12-16 13:05:00,2011-12-01 13:33:00,9,2352.53,261.39222222222224,8,350,4,4,4,12,Champions,1
14311,2011-04-11 10:14:00,2011-04-11 10:14:00,1,310.26,310.26,243,0,1,1,2,4,Other,0
14312,2011-01-06 16:35:00,2011-10-24 09:46:00,6,1611.5900000000001,268.59833333333336,47,290,3,4,3,10,Loyal Customers,1
14314,2011-08-25 10:39:00,2011-08-25 10:39:00,1,120.0,120.0,107,0,2,1,1,4,Other,0
14315,2011-03-18 12:59:00,2011-10-26 12:06:00,6,2481.13,413.5216666666667,45,221,3,4,4,11,Loyal Customers,1
14317,2011-10-06 10:44:00,2011-10-06 10:44:00,1,508.58,508.58,65,0,2,1,2,5,Other,0
14320,2011-01-11 09:12:00,2011-05-17 09:24:00,2,477.78999999999996,238.89499999999998,207,126,1,2,2,5,Other,0
14321,2011-01-10 11:35:00,2011-11-29 09:47:00,5,1530.75,306.15,11,322,4,4,3,11,Champions,1
14323,2011-04-15 11:44:00,2011-08-17 11:37:00,2,605.06,302.53,115,123,2,2,2,6,Other,0
14326,2011-04-11 15:04:00,2011-04-11 15:04:00,1,183.85000000000002,183.85000000000002,242,0,1,1,1,3,Other,0
14327,2011-06-29 13:58:00,2011-06-29 13:58:00,1,311.65000000000003,311.65000000000003,163,0,1,1,2,4,Other,0
14329,2011-01-14 13:42:00,2011-11-22 15:50:00,7,4975.24,710.7485714285714,17,312,4,4,4,12,Champions,1
14331,2011-07-27 15:14:00,2011-08-07 13:17:00,2,462.66,231.33,124,10,2,2,2,6,Other,0
14332,2011-07-15 10:33:00,2011-11-17 11:54:00,3,840.21,280.07,23,125,3,3,3,9,Loyal Customers,1
14333,2011-10-03 10:38:00,2011-10-03 10:38:00,1,415.2,415.2,68,0,2,1,2,5,Other,0
14334,2010-12-16 17:37:00,2011-11-23 10:01:00,8,2552.21,319.02625,17,341,4,4,4,12,Champions,1
14335,2011-09-04 13:07:00,2011-11-23 13:41:00,2,454.86,227.43,16,80,4,2,2,8,New / Promising,0
14336,2011-03-08 16:48:00,2011-11-23 11:40:00,4,1614.91,403.7275,17,259,4,3,3,10,Loyal Customers,1
14338,2011-05-27 13:30:00,2011-07-01 14:08:00,2,588.22,294.11,161,35,1,2,2,5,Other,0
14339,2011-04-11 11:06:00,2011-04-11 11:06:00,1,309.52,309.52,243,0,1,1,2,4,Other,0
14340,2011-05-05 09:44:00,2011-05-05 09:44:00,1,134.7,134.7,219,0,1,1,1,3,Other,0
14341,2011-01-25 13:55:00,2011-10-25 15:48:00,8,2166.98,270.8725,45,273,3,4,4,11,Loyal Customers,1
14342,2011-05-13 13:50:00,2011-11-18 13:21:00,4,668.56,167.14,21,188,3,3,2,8,Loyal Customers,1
14344,2010-12-06 11:58:00,2011-08-04 13:51:00,8,889.9300000000001,111.24125000000001,127,241,2,4,3,9,At Risk,1
14345,2011-11-01 09:51:00,2011-11-01 09:51:00,1,108.97999999999999,108.97999999999999,39,0,3,1,1,5,New / Promising,0
14346,2011-02-15 13:52:00,2011-08-11 09:47:00,2,1021.5799999999999,510.78999999999996,121,176,2,2,3,7,Other,0
14348,2011-03-24 16:23:00,2011-03-24 16:23:00,1,409.57,409.57,260,0,1,1,2,4,Other,0
14349,2011-11-29 15:39:00,2011-11-29 15:39:00,1,133.5,133.5,10,0,4,1,1,6,New / Promising,0
14350,2011-03-10 14:14:00,2011-03-10 14:14:00,1,282.93,282.93,274,0,1,1,1,3,Other,0
14351,2011-06-28 11:56:00,2011-06-28 11:56:00,1,51.0,51.0,165,0,1,1,1,3,Other,0
14352,2011-03-11 14:58:00,2011-07-05 15:41:00,4,1078.96,269.74,157,116,1,3,3,7,At Risk,0
14353,2011-05-08 16:06:00,2011-05-08 16:06:00,1,90.6,90.6,215,0,1,1,1,3,Other,0
14354,2011-11-09 15:36:00,2011-12-04 11:32:00,2,163.62,81.81,6,24,4,2,1,7,New / Promising,0
14355,2010-12-09 12:16:00,2010-12-09 12:16:00,1,174.4,174.4,366,0,1,1,1,3,Other,0
14356,2011-09-19 14:43:00,2011-09-21 09:18:00,2,701.23,350.615,80,1,2,2,3,7,Other,0
14357,2011-10-27 16:23:00,2011-10-27 16:23:00,1,225.12,225.12,43,0,3,1,1,5,New / Promising,0
14359,2011-09-13 09:03:00,2011-11-20 13:17:00,3,912.18,304.06,19,68,3,3,3,9,Loyal Customers,1
14360,2011-09-06 11:58:00,2011-11-08 09:12:00,4,2118.0299999999997,529.5074999999999,32,62,3,3,4,10,Loyal Customers,1
14362,2011-11-17 15:08:00,2011-11-17 15:08:00,1,151.5,151.5,22,0,3,1,1,5,New / Promising,0
14364,2011-05-12 12:56:00,2011-08-23 11:01:00,8,3717.35,464.66875,109,102,2,4,4,10,At Risk,1
14367,2011-03-08 14:12:00,2011-12-01 13:19:00,16,9227.82,576.73875,8,267,4,4,4,12,Champions,1
14368,2011-01-24 09:52:00,2011-01-24 09:52:00,1,155.0,155.0,320,0,1,1,1,3,Other,0
14371,2011-02-17 16:35:00,2011-02-17 16:35:00,1,100.5,100.5,295,0,1,1,1,3,Other,0
14373,2010-12-16 15:40:00,2010-12-16 15:40:00,1,76.55,76.55,358,0,1,1,1,3,Other,0
14375,2011-06-07 13:44:00,2011-06-07 13:44:00,1,235.56,235.56,185,0,1,1,1,3,Other,0
14377,2011-03-22 13:38:00,2011-06-01 13:32:00,2,617.05,308.525,191,70,1,2,2,5,Other,0
14379,2011-02-17 15:03:00,2011-10-26 16:43:00,2,348.1,174.05,44,251,3,2,2,7,New / Promising,0
14381,2011-10-18 17:10:00,2011-10-18 17:10:00,1,202.68,202.68,52,0,2,1,1,4,Other,0
14382,2011-11-13 16:18:00,2011-11-13 16:18:00,1,615.49,615.49,26,0,3,1,2,6,New / Promising,0
14383,2011-06-29 10:18:00,2011-11-01 15:53:00,3,1247.69,415.8966666666667,38,125,3,3,3,9,Loyal Customers,1
14385,2011-11-16 11:55:00,2011-11-30 15:36:00,3,202.10999999999999,67.36999999999999,9,14,4,3,1,8,Loyal Customers,0
14386,2011-02-16 09:45:00,2011-02-16 09:45:00,1,142.4,142.4,297,0,1,1,1,3,Other,0
14387,2011-08-22 14:13:00,2011-11-07 12:29:00,3,1727.6,575.8666666666667,33,76,3,3,4,10,Loyal Customers,1
14388,2010-12-02 11:02:00,2011-11-29 13:32:00,8,3212.84,401.605,10,362,4,4,4,12,Champions,1
14389,2011-06-02 12:04:00,2011-10-05 15:17:00,2,1043.46,521.73,65,125,2,2,3,7,Other,0
14390,2010-12-02 11:57:00,2011-11-29 13:49:00,9,4642.570000000001,515.8411111111112,10,362,4,4,4,12,Champions,1
14393,2011-05-05 18:16:00,2011-05-05 18:16:00,1,67.95,67.95,218,0,1,1,1,3,Other,0
14395,2010-12-02 18:15:00,2011-12-07 14:34:00,9,3479.91,386.65666666666664,2,369,4,4,4,12,Champions,1
14396,2010-12-03 15:19:00,2011-10-05 16:09:00,2,487.99,243.995,65,306,2,2,2,6,Other,0
14397,2011-05-10 12:25:00,2011-12-07 09:22:00,19,2612.96,137.52421052631578,3,210,4,4,4,12,Champions,1
14400,2011-07-13 15:50:00,2011-07-13 15:50:00,1,574.7,574.7,149,0,1,1,2,4,Other,0
14401,2010-12-15 09:07:00,2011-12-05 13:30:00,13,4051.48,311.6523076923077,4,355,4,4,4,12,Champions,1
14403,2011-04-06 14:23:00,2011-08-01 12:57:00,4,1475.81,368.9525,130,116,2,3,3,8,At Risk,0
14404,2010-12-05 16:00:00,2011-11-06 12:30:00,6,1449.32,241.5533333333333,34,335,3,4,3,10,Loyal Customers,1
14406,2011-08-12 16:54:00,2011-08-12 16:54:00,1,156.75,156.75,119,0,2,1,1,4,Other,0
14407,2011-03-08 11:59:00,2011-08-24 14:02:00,6,2157.73,359.62166666666667,107,169,2,4,4,10,At Risk,1
14408,2011-03-20 14:41:00,2011-11-29 11:41:00,7,2599.03,371.29,11,253,4,4,4,12,Champions,1
14409,2010-12-06 15:03:00,2011-09-29 18:18:00,6,2059.4500000000003,343.24166666666673,71,297,2,4,4,10,At Risk,1
14410,2011-02-07 09:36:00,2011-09-08 15:08:00,9,1100.27,122.25222222222222,92,213,2,4,3,9,At Risk,1
14411,2011-02-02 10:56:00,2011-02-02 10:56:00,1,1063.0,1063.0,311,0,1,1,3,5,Other,0
14412,2011-09-28 08:48:00,2011-10-28 10:45:00,2,770.03,385.015,43,30,3,2,3,8,New / Promising,0
14413,2010-12-12 13:37:00,2010-12-12 13:37:00,1,121.05,121.05,362,0,1,1,1,3,Other,0
14414,2010-12-16 11:11:00,2011-09-09 12:09:00,7,1496.98,213.8542857142857,92,267,2,4,3,9,At Risk,1
14415,2010-12-14 13:31:00,2011-12-08 14:38:00,13,5855.57,450.42846153846153,1,359,4,4,4,12,Champions,1
14416,2011-10-28 15:10:00,2011-11-17 15:22:00,2,490.22,245.11,22,20,3,2,2,7,New / Promising,0
14418,2011-08-23 17:18:00,2011-12-06 11:39:00,3,1937.25,645.75,4,104,4,3,4,11,Loyal Customers,1
14419,2010-12-10 10:56:00,2011-11-29 11:22:00,6,1051.79,175.29833333333332,11,354,4,4,3,11,Champions,1
14420,2011-09-01 18:07:00,2011-09-01 18:07:00,1,387.52,387.52,99,0,2,1,2,5,Other,0
14421,2011-05-12 10:49:00,2011-10-13 13:24:00,2,813.11,406.555,57,154,2,2,3,7,Other,0
14422,2011-03-17 17:26:00,2011-12-09 11:26:00,6,4263.64,710.6066666666667,1,266,4,4,4,12,Champions,1
14423,2011-05-05 15:12:00,2011-05-05 15:12:00,1,265.2,265.2,218,0,1,1,1,3,Other,0
14424,2011-11-22 11:48:00,2011-11-22 11:48:00,1,322.08,322.08,18,0,4,1,2,7,New / Promising,0
14426,2011-01-31 09:51:00,2011-11-16 12:25:00,10,4481.67,448.16700000000003,24,289,3,4,4,11,Loyal Customers,1
14427,2011-10-07 09:10:00,2011-10-20 14:23:00,2,363.34000000000003,181.67000000000002,50,13,3,2,2,7,New / Promising,0
14428,2011-01-18 16:39:00,2011-12-02 13:17:00,5,1224.06,244.81199999999998,7,317,4,4,3,11,Champions,1
14431,2011-02-10 10:40:00,2011-02-10 10:40:00,1,470.36,470.36,303,0,1,1,2,4,Other,0
14432,2011-09-11 14:09:00,2011-11-30 08:04:00,6,2248.5,374.75,10,79,4,4,4,12,Champions,1
14434,2011-09-28 15:31:00,2011-11-18 08:56:00,6,1372.8,228.79999999999998,22,50,3,4,3,10,Loyal Customers,1
14436,2011-09-02 10:13:00,2011-09-02 10:13:00,1,89.06,89.06,99,0,2,1,1,4,Other,0
14437,2010-12-09 09:27:00,2010-12-09 09:27:00,1,63.0,63.0,366,0,1,1,1,3,Other,0
14438,2011-02-06 14:56:00,2011-02-06 14:56:00,1,131.9,131.9,306,0,1,1,1,3,Other,0
14439,2011-01-24 11:39:00,2011-01-24 11:39:00,1,2661.24,2661.24,320,0,1,1,4,6,High Value,0
14440,2010-12-09 12:49:00,2011-12-01 15:42:00,5,2357.6800000000003,471.53600000000006,8,357,4,4,4,12,Champions,1
14441,2011-03-29 12:01:00,2011-12-09 09:07:00,4,1712.89,428.2225,1,254,4,3,4,11,Loyal Customers,1
14442,2011-01-27 09:33:00,2011-05-19 11:36:00,2,1589.8200000000002,794.9100000000001,205,112,1,2,3,6,Other,0
14443,2010-12-06 11:03:00,2011-10-17 10:10:00,4,1420.2,355.05,54,314,2,3,3,8,At Risk,1
14446,2011-04-07 12:10:00,2011-12-09 11:34:00,4,1010.35,252.5875,1,245,4,3,3,10,Loyal Customers,1
14447,2011-03-04 10:49:00,2011-11-21 08:28:00,5,1163.23,232.64600000000002,19,261,3,4,3,10,Loyal Customers,1
14448,2010-12-10 17:26:00,2011-11-30 13:50:00,2,375.35,187.675,9,354,4,2,2,8,New / Promising,0
14449,2010-12-02 14:09:00,2011-11-21 12:06:00,4,885.8000000000001,221.45000000000002,19,353,3,3,3,9,Loyal Customers,1
14450,2011-01-23 11:53:00,2011-06-12 10:46:00,3,483.25,161.08333333333334,181,139,1,3,2,6,At Risk,0
14451,2011-05-29 12:35:00,2011-10-10 13:38:00,2,643.9,321.95,60,134,2,2,2,6,Other,0
14452,2011-09-07 11:32:00,2011-11-29 12:06:00,2,259.05,129.525,11,83,4,2,1,7,New / Promising,0
14453,2011-06-02 14:15:00,2011-06-02 14:15:00,1,119.93,119.93,190,0,1,1,1,3,Other,0
14456,2011-07-20 13:06:00,2011-12-04 13:59:00,9,3017.2799999999997,335.25333333333333,5,137,4,4,4,12,Champions,1
14457,2011-02-02 09:39:00,2011-02-02 09:39:00,1,113.64,113.64,311,0,1,1,1,3,Other,0
14459,2011-07-07 13:35:00,2011-07-07 13:35:00,1,1837.92,1837.92,155,0,1,1,4,6,High Value,0
14460,2011-02-02 11:55:00,2011-08-21 14:19:00,3,434.34000000000003,144.78,110,200,2,3,2,7,At Risk,0
14461,2011-03-23 12:15:00,2011-07-14 17:11:00,3,2103.06,701.02,148,113,1,3,4,8,At Risk,0
14462,2011-01-04 12:45:00,2011-10-04 15:55:00,11,1980.5700000000002,180.0518181818182,66,273,2,4,4,10,At Risk,1
14463,2011-05-18 14:42:00,2011-09-02 15:20:00,3,529.62,176.54,98,107,2,3,2,7,At Risk,0
14465,2011-02-10 12:13:00,2011-04-07 12:38:00,3,1038.44,346.1466666666667,247,56,1,3,3,7,At Risk,0
14466,2010-12-02 13:36:00,2011-11-10 14:07:00,7,2272.4,324.62857142857143,29,343,3,4,4,11,Loyal Customers,1
14467,2011-01-31 12:35:00,2011-11-22 12:48:00,4,596.26,149.065,18,295,4,3,2,9,Loyal Customers,1
14470,2011-02-25 11:56:00,2011-11-28 10:31:00,2,461.19,230.595,12,275,4,2,2,8,New / Promising,0
14472,2010-12-19 14:03:00,2011-08-28 11:01:00,8,1852.67,231.58375,104,251,2,4,4,10,At Risk,1
14473,2011-03-02 13:56:00,2011-09-26 15:10:00,2,234.34000000000003,117.17000000000002,74,208,2,2,1,5,Other,0
14474,2011-10-24 13:26:00,2011-10-24 13:26:00,1,547.66,547.66,46,0,3,1,2,6,New / Promising,0
14475,2011-02-08 10:12:00,2011-09-29 10:46:00,3,925.85,308.6166666666667,72,233,2,3,3,8,At Risk,0
14476,2011-03-27 15:39:00,2011-03-27 15:39:00,1,193.0,193.0,257,0,1,1,1,3,Other,0
14477,2011-02-15 15:44:00,2011-11-20 11:11:00,4,1309.6,327.4,20,277,3,3,3,9,Loyal Customers,1
14479,2010-12-09 12:59:00,2011-03-31 09:07:00,2,316.25,158.125,254,111,1,2,2,5,Other,0
14480,2011-11-28 16:35:00,2011-11-28 16:35:00,1,279.05,279.05,11,0,4,1,1,6,New / Promising,0
14481,2011-02-25 13:53:00,2011-06-28 10:38:00,2,636.51,318.255,165,122,1,2,2,5,Other,0
14482,2011-04-14 16:41:00,2011-11-21 13:14:00,6,2022.81,337.135,18,220,4,4,4,12,Champions,1
14483,2011-03-03 10:26:00,2011-03-03 10:26:00,1,137.1,137.1,282,0,1,1,1,3,Other,0
14484,2011-10-20 14:11:00,2011-10-20 14:11:00,1,321.92,321.92,50,0,3,1,2,6,New / Promising,0
14485,2011-11-01 12:25:00,2011-11-01 12:25:00,1,162.8,162.8,39,0,3,1,1,5,New / Promising,0
14487,2010-12-06 13:22:00,2011-11-13 12:17:00,6,1165.48,194.24666666666667,27,341,3,4,3,10,Loyal Customers,1
14488,2011-10-03 09:30:00,2011-10-03 09:30:00,1,1064.28,1064.28,68,0,2,1,3,6,Other,0
14489,2011-05-16 14:51:00,2011-05-16 14:51:00,1,463.38,463.38,207,0,1,1,2,4,Other,0
14491,2010-12-02 12:10:00,2011-06-17 15:22:00,2,340.93,170.465,175,197,1,2,2,5,Other,0
14493,2011-07-07 16:59:00,2011-12-02 16:14:00,5,2383.24,476.64799999999997,7,147,4,4,4,12,Champions,1
14494,2011-11-14 09:21:00,2011-11-14 09:21:00,1,139.56,139.56,26,0,3,1,1,5,New / Promising,0
14495,2011-08-10 14:13:00,2011-10-20 12:28:00,2,123.8,61.9,51,70,3,2,1,6,New / Promising,0
14496,2010-12-01 15:35:00,2011-02-01 09:01:00,2,538.8100000000001,269.40500000000003,312,61,1,2,2,5,Other,0
14497,2011-02-03 17:01:00,2011-02-03 17:01:00,1,475.37,475.37,309,0,1,1,2,4,Other,0
14498,2010-12-13 11:29:00,2011-10-28 12:09:00,5,1957.32,391.464,43,319,3,4,4,11,Loyal Customers,1
14499,2011-03-06 11:55:00,2011-11-13 13:01:00,3,808.44,269.48,26,252,3,3,3,9,Loyal Customers,1
14500,2011-06-03 10:08:00,2011-09-12 16:45:00,3,356.85,118.95,88,101,2,3,2,7,At Risk,0
14501,2011-01-24 10:43:00,2011-06-09 12:02:00,2,251.21,125.605,184,136,1,2,1,4,Other,0
14502,2011-01-30 15:52:00,2011-11-20 11:50:00,11,2429.83,220.89363636363635,20,293,3,4,4,11,Loyal Customers,1
14503,2011-06-14 10:00:00,2011-12-06 13:30:00,6,3543.26,590.5433333333334,3,175,4,4,4,12,Champions,1
14504,2011-03-06 14:38:00,2011-10-23 16:00:00,4,673.26,168.315,47,231,3,3,3,9,Loyal Customers,0
14505,2010-12-12 16:14:00,2011-11-22 15:45:00,8,5859.43,732.42875,17,344,4,4,4,12,Champions,1
14506,2010-12-05 14:25:00,2011-11-22 13:02:00,5,1960.65,392.13,17,351,4,4,4,12,Champions,1
14507,2011-03-08 17:23:00,2011-11-16 12:21:00,6,1367.88,227.98000000000002,24,252,3,4,3,10,Loyal Customers,1
14508,2011-09-11 11:29:00,2011-11-17 19:48:00,2,268.05,134.025,22,67,3,2,1,6,New / Promising,0
14511,2011-07-29 12:13:00,2011-11-28 17:05:00,5,1314.81,262.962,11,122,4,4,3,11,Champions,1
14512,2011-04-21 19:05:00,2011-06-05 12:39:00,2,275.28,137.64,188,44,1,2,1,4,Other,0
14513,2011-02-24 09:36:00,2011-08-31 11:25:00,3,455.59000000000003,151.86333333333334,101,188,2,3,2,7,At Risk,0
14514,2011-01-12 15:22:00,2011-10-09 16:05:00,3,990.2,330.06666666666666,61,270,2,3,3,8,At Risk,0
14515,2011-05-05 12:13:00,2011-11-22 11:37:00,6,2076.89,346.1483333333333,18,200,3,4,4,11,Loyal Customers,1
14517,2011-07-21 11:42:00,2011-11-06 14:20:00,2,330.45,165.225,33,108,3,2,2,7,New / Promising,0
14518,2011-10-06 14:43:00,2011-10-06 14:43:00,1,174.37,174.37,64,0,2,1,1,4,Other,0
14520,2011-02-22 09:15:00,2011-12-08 09:46:00,2,270.6,135.3,2,289,4,2,1,7,New / Promising,1
14522,2011-05-25 16:01:00,2011-11-15 13:24:00,4,974.54,243.635,24,173,3,3,3,9,Loyal Customers,1
14523,2011-08-23 13:13:00,2011-08-23 13:13:00,1,241.09000000000003,241.09000000000003,108,0,2,1,1,4,Other,0
14524,2010-12-14 11:01:00,2011-11-08 12:29:00,9,1843.83,204.87,32,329,3,4,4,11,Loyal Customers,1
14525,2010-12-13 17:40:00,2011-11-20 11:37:00,9,4215.9,468.4333333333333,20,341,3,4,4,11,Loyal Customers,1
14527,2010-12-05 13:17:00,2011-12-07 12:19:00,55,8507.13,154.6750909090909,3,366,4,4,4,12,Champions,1
14528,2011-11-02 17:09:00,2011-11-02 17:09:00,1,364.22,364.22,37,0,3,1,2,6,New / Promising,0
14529,2011-08-21 14:10:00,2011-10-10 15:27:00,3,578.61,192.87,60,50,2,3,2,7,At Risk,0
14530,2011-02-16 10:47:00,2011-11-14 10:38:00,6,2862.11,477.0183333333334,26,270,3,4,4,11,Loyal Customers,1
14532,2010-12-22 13:48:00,2011-04-17 13:05:00,4,932.8500000000001,233.21250000000003,236,115,1,3,3,7,At Risk,0
14533,2010-12-22 11:07:00,2011-11-15 12:05:00,7,1949.72,278.5314285714286,25,328,3,4,4,11,Loyal Customers,1
14534,2011-01-25 12:33:00,2011-12-07 12:19:00,18,4397.3,244.29444444444445,3,315,4,4,4,12,Champions,1
14535,2011-04-05 12:50:00,2011-10-10 15:39:00,3,2854.84,951.6133333333333,60,188,2,3,4,9,At Risk,1
14536,2011-03-25 12:21:00,2011-03-25 12:21:00,1,170.95,170.95,260,0,1,1,1,3,Other,0
14537,2011-10-13 10:54:00,2011-10-13 10:54:00,1,355.56,355.56,58,0,2,1,2,5,Other,0
14538,2011-03-28 14:57:00,2011-10-06 10:31:00,2,388.25,194.125,65,191,2,2,2,6,Other,0
14539,2011-10-26 12:03:00,2011-11-24 09:50:00,2,537.48,268.74,16,28,4,2,2,8,New / Promising,0
14540,2011-02-03 15:02:00,2011-11-30 10:15:00,3,952.66,317.55333333333334,10,299,4,3,3,10,Loyal Customers,1
14541,2011-01-24 14:16:00,2011-10-12 10:08:00,8,1453.35,181.66875,59,260,2,4,3,9,At Risk,1
14542,2011-06-07 08:19:00,2011-06-07 08:19:00,1,103.25,103.25,186,0,1,1,1,3,Other,0
14543,2010-12-10 11:51:00,2011-11-11 12:45:00,16,3599.73,224.983125,29,336,3,4,4,11,Loyal Customers,1
14544,2010-12-13 12:50:00,2011-11-15 15:06:00,2,2004.3,1002.15,24,337,3,2,4,9,New / Promising,1
14546,2011-04-05 12:37:00,2011-12-04 13:00:00,5,2573.93,514.786,5,243,4,4,4,12,Champions,1
14547,2011-10-16 14:35:00,2011-12-06 11:06:00,8,3974.75,496.84375,4,50,4,4,4,12,Champions,1
14548,2011-01-26 08:38:00,2011-07-12 12:19:00,2,652.8,326.4,151,167,1,2,2,5,Other,0
14549,2011-02-01 13:47:00,2011-02-01 13:47:00,1,289.24,289.24,311,0,1,1,1,3,Other,0
14550,2011-10-26 12:14:00,2011-11-29 12:12:00,2,757.37,378.685,11,33,4,2,3,9,New / Promising,1
14551,2011-05-19 18:21:00,2011-11-21 13:36:00,2,186.23000000000002,93.11500000000001,18,185,3,2,1,6,New / Promising,0
14552,2011-07-11 12:49:00,2011-07-11 12:49:00,1,164.22,164.22,152,0,1,1,1,3,Other,0
14553,2011-01-04 15:40:00,2011-11-20 13:20:00,5,859.27,171.85399999999998,19,319,3,4,3,10,Loyal Customers,1
14554,2011-10-18 13:04:00,2011-11-29 16:44:00,4,2279.49,569.8725,10,42,4,3,4,11,Loyal Customers,1
14555,2011-02-10 17:19:00,2011-10-13 16:24:00,2,312.54,156.27,57,244,2,2,2,6,Other,0
14557,2011-09-15 15:48:00,2011-09-15 15:48:00,1,788.38,788.38,85,0,2,1,3,6,Other,0
14560,2010-12-17 09:22:00,2011-12-02 15:22:00,22,2237.77,101.71681818181818,7,350,4,4,4,12,Champions,1
14561,2011-06-08 13:26:00,2011-09-25 12:39:00,3,1080.76,360.25333333333333,76,108,2,3,3,8,At Risk,0
14562,2011-02-08 14:45:00,2011-12-06 11:05:00,18,5006.7699999999995,278.15388888888884,4,300,4,4,4,12,Champions,1
14565,2010-12-13 13:25:00,2011-09-05 09:07:00,4,3099.12,774.78,96,265,2,3,4,9,At Risk,1
14566,2011-08-21 11:05:00,2011-08-21 11:05:00,1,1432.0,1432.0,111,0,2,1,3,6,Other,0
14567,2011-08-01 13:48:00,2011-10-14 10:21:00,2,1530.3600000000001,765.1800000000001,57,73,2,2,3,7,Other,0
14569,2011-12-08 14:58:00,2011-12-08 14:58:00,1,227.39,227.39,1,0,4,1,1,6,New / Promising,0
14570,2011-03-04 10:39:00,2011-03-04 10:58:00,2,218.06000000000003,109.03000000000002,281,0,1,2,1,4,Other,0
14572,2011-01-19 17:23:00,2011-12-06 14:40:00,7,2804.54,400.6485714285714,3,320,4,4,4,12,Champions,1
14573,2010-12-02 19:59:00,2011-06-13 11:15:00,9,1639.82,182.20222222222222,180,192,1,4,3,8,At Risk,1
14576,2010-12-02 17:51:00,2010-12-02 17:51:00,1,35.400000000000006,35.400000000000006,372,0,1,1,1,3,Other,0
14577,2010-12-12 11:26:00,2011-11-27 12:47:00,4,859.71,214.9275,13,350,4,3,3,10,Loyal Customers,1
14578,2011-12-06 17:18:00,2011-12-06 17:18:00,1,168.63,168.63,3,0,4,1,1,6,New / Promising,0
14581,2011-11-23 12:39:00,2011-11-23 12:39:00,1,138.6,138.6,17,0,4,1,1,6,New / Promising,0
14582,2011-10-30 11:56:00,2011-10-30 11:56:00,1,114.11000000000001,114.11000000000001,41,0,3,1,1,5,New / Promising,0
14583,2011-05-18 11:28:00,2011-12-04 12:32:00,5,986.96,197.392,6,200,4,4,3,11,Champions,1
14584,2011-05-25 17:31:00,2011-06-23 18:33:00,4,1033.06,258.265,169,29,1,3,3,7,At Risk,0
14585,2011-10-20 14:33:00,2011-10-20 14:33:00,1,157.05,157.05,50,0,3,1,1,5,New / Promising,0
14586,2011-03-08 10:04:00,2011-03-08 10:04:00,1,237.36,237.36,277,0,1,1,1,3,Other,0
14587,2011-01-12 13:16:00,2011-11-21 11:34:00,9,1580.29,175.58777777777777,19,312,3,4,3,10,Loyal Customers,1
14589,2010-12-03 11:42:00,2010-12-03 11:42:00,1,39.75,39.75,372,0,1,1,1,3,Other,0
14591,2011-05-10 14:09:00,2011-11-24 13:57:00,4,1320.21,330.0525,15,197,4,3,3,10,Loyal Customers,1
14592,2011-10-06 18:08:00,2011-11-04 16:35:00,3,557.9399999999999,185.98,35,28,3,3,2,8,Loyal Customers,0
14593,2011-05-25 11:14:00,2011-11-18 12:48:00,3,617.15,205.71666666666667,22,177,3,3,2,8,Loyal Customers,0
14594,2010-12-01 13:54:00,2011-12-02 13:28:00,2,363.33,181.665,7,365,4,2,2,8,New / Promising,0
14595,2011-01-30 13:36:00,2011-11-20 12:12:00,6,1740.6,290.09999999999997,20,293,3,4,4,11,Loyal Customers,1
14597,2011-06-01 12:33:00,2011-11-28 13:13:00,2,866.24,433.12,11,180,4,2,3,9,New / Promising,1
14598,2011-10-26 13:19:00,2011-10-26 13:19:00,1,221.97,221.97,44,0,3,1,1,5,New / Promising,0
14600,2011-02-07 09:48:00,2011-02-07 09:48:00,1,393.33000000000004,393.33000000000004,306,0,1,1,2,4,Other,0
14601,2011-11-29 09:48:00,2011-11-29 09:48:00,1,213.96,213.96,11,0,4,1,1,6,New / Promising,0
14603,2011-03-10 10:27:00,2011-03-10 10:27:00,1,660.0,660.0,275,0,1,1,2,4,Other,0
14606,2010-12-01 16:57:00,2011-12-08 19:28:00,93,12076.15,129.8510752688172,1,372,4,4,4,12,Champions,1
14607,2011-03-23 15:22:00,2011-11-24 10:35:00,14,16209.5,1157.8214285714287,16,245,4,4,4,12,Champions,1
14608,2010-12-12 14:49:00,2011-12-05 16:52:00,4,1785.15,446.2875,4,358,4,3,4,11,Loyal Customers,1
14609,2011-02-16 12:10:00,2011-09-28 12:54:00,4,601.56,150.39,72,224,2,3,2,7,At Risk,0
14616,2011-01-26 12:42:00,2011-04-11 09:54:00,3,406.08000000000004,135.36,243,74,1,3,2,6,At Risk,0
14618,2011-01-06 11:59:00,2011-11-30 13:45:00,3,553.44,184.48000000000002,9,328,4,3,2,9,Loyal Customers,1
14619,2011-04-08 07:37:00,2011-04-08 07:37:00,1,394.44,394.44,246,0,1,1,2,4,Other,0
14620,2011-03-01 08:30:00,2011-05-18 11:58:00,2,412.78,206.39,206,78,1,2,2,5,Other,0
14621,2010-12-16 13:00:00,2011-12-08 16:22:00,5,1788.3600000000001,357.672,1,357,4,4,4,12,Champions,1
14622,2011-06-08 12:42:00,2011-06-08 12:42:00,1,320.58000000000004,320.58000000000004,185,0,1,1,2,4,Other,0
14623,2011-04-18 13:54:00,2011-11-07 13:56:00,5,886.7,177.34,32,203,3,4,3,10,Loyal Customers,1
14624,2011-10-11 14:39:00,2011-10-13 13:44:00,2,225.85,112.925,57,1,2,2,1,5,Other,0
14625,2010-12-13 15:36:00,2011-05-27 15:32:00,2,899.63,449.815,196,164,1,2,3,6,Other,0
14626,2011-04-20 13:18:00,2011-11-16 10:37:00,4,2791.27,697.8175,24,209,3,3,4,10,Loyal Customers,1
14628,2011-04-11 14:43:00,2011-09-09 14:58:00,2,671.96,335.98,91,151,2,2,3,7,Other,0
14629,2011-10-23 16:13:00,2011-12-05 16:55:00,2,955.26,477.63,4,43,4,2,3,9,New / Promising,1
14631,2011-02-14 09:31:00,2011-10-20 11:17:00,3,1006.98,335.66,51,248,3,3,3,9,Loyal Customers,0
14632,2011-03-22 08:49:00,2011-03-22 08:49:00,1,114.56,114.56,263,0,1,1,1,3,Other,0
14633,2011-03-18 17:07:00,2011-03-18 17:07:00,1,344.90000000000003,344.90000000000003,266,0,1,1,2,4,Other,0
14636,2011-03-16 09:52:00,2011-11-03 16:12:00,2,609.85,304.925,36,232,3,2,2,7,New / Promising,0
14638,2011-10-20 10:10:00,2011-10-20 10:10:00,1,443.6,443.6,51,0,3,1,2,6,New / Promising,0
14639,2010-12-13 13:50:00,2011-10-18 15:06:00,6,2984.49,497.41499999999996,52,309,2,4,4,10,At Risk,1
14640,2011-04-26 12:31:00,2011-11-15 13:07:00,6,2107.38,351.23,24,203,3,4,4,11,Loyal Customers,1
14641,2011-11-18 10:42:00,2011-11-18 10:42:00,1,110.46,110.46,22,0,3,1,1,5,New / Promising,0
14642,2011-10-12 11:08:00,2011-10-12 11:08:00,1,96.12,96.12,59,0,2,1,1,4,Other,0
14643,2010-12-16 17:53:00,2011-06-22 14:41:00,2,693.81,346.905,170,187,1,2,3,6,Other,0
14644,2011-02-14 14:14:00,2011-10-03 08:30:00,2,830.76,415.38,68,230,2,2,3,7,Other,0
14645,2011-03-09 09:52:00,2011-07-06 09:15:00,2,597.09,298.545,157,118,1,2,2,5,Other,0
14646,2010-12-20 10:09:00,2011-12-08 12:12:00,73,280206.02,3838.4386301369864,2,353,4,4,4,12,Champions,1
14647,2011-05-22 13:40:00,2011-05-22 13:40:00,1,236.04000000000002,236.04000000000002,201,0,1,1,1,3,Other,0
14649,2011-05-11 14:37:00,2011-12-05 12:30:00,4,1402.5900000000001,350.64750000000004,5,207,4,3,3,10,Loyal Customers,1
14651,2011-05-12 16:29:00,2011-10-03 15:52:00,2,653.75,326.875,67,143,2,2,2,6,Other,0
14652,2011-09-23 14:21:00,2011-09-23 14:21:00,1,114.18,114.18,77,0,2,1,1,4,Other,0
14653,2011-01-05 13:40:00,2011-12-08 13:45:00,7,1926.6499999999999,275.23571428571427,1,337,4,4,4,12,Champions,1
14655,2011-05-01 14:59:00,2011-12-01 16:28:00,4,1932.23,483.0575,8,214,4,3,4,11,Loyal Customers,1
14656,2011-03-01 13:19:00,2011-06-23 13:51:00,2,291.05,145.525,169,114,1,2,1,4,Other,0
14657,2011-01-17 15:19:00,2011-11-22 12:47:00,4,848.22,212.055,18,308,3,3,3,9,Loyal Customers,1
14658,2011-08-14 15:42:00,2011-12-04 15:35:00,2,247.14999999999998,123.57499999999999,5,111,4,2,1,7,New / Promising,0
14659,2011-01-28 12:43:00,2011-12-01 12:17:00,9,2529.93,281.1033333333333,9,306,4,4,4,12,Champions,1
14660,2011-08-31 10:40:00,2011-09-14 11:34:00,2,285.74,142.87,87,14,2,2,1,5,Other,0
14661,2011-11-13 11:51:00,2011-11-13 11:51:00,1,107.95,107.95,27,0,3,1,1,5,New / Promising,0
14662,2011-01-27 17:41:00,2011-11-11 12:13:00,4,741.37,185.3425,29,287,3,3,3,9,Loyal Customers,1
14664,2011-11-06 14:56:00,2011-11-20 10:59:00,2,636.24,318.12,20,13,3,2,2,7,New / Promising,0
14665,2011-02-02 09:08:00,2011-10-10 09:14:00,5,1835.6999999999998,367.14,61,250,2,4,4,10,At Risk,1
14666,2011-11-15 12:57:00,2011-11-15 12:57:00,1,195.25,195.25,24,0,3,1,1,5,New / Promising,0
14667,2010-12-06 13:13:00,2011-11-29 11:30:00,25,9175.039999999999,367.00159999999994,11,357,4,4,4,12,Champions,1
14669,2011-01-11 12:30:00,2011-04-12 11:43:00,3,1259.24,419.74666666666667,242,90,1,3,3,7,At Risk,0
14670,2011-03-04 13:58:00,2011-03-04 14:13:00,2,392.86,196.43,280,0,1,2,2,5,Other,0
14672,2011-01-07 15:48:00,2011-04-19 10:19:00,2,765.55,382.775,235,101,1,2,3,6,Other,0
14673,2010-12-07 12:49:00,2011-12-06 14:31:00,5,1736.4,347.28000000000003,3,364,4,4,4,12,Champions,1
14675,2011-11-23 12:58:00,2011-11-23 12:58:00,1,596.36,596.36,16,0,4,1,2,7,New / Promising,0
14676,2011-03-01 14:26:00,2011-11-08 13:29:00,6,2548.24,424.70666666666665,31,251,3,4,4,11,Loyal Customers,1
14680,2010-12-03 12:05:00,2011-11-14 16:59:00,16,28754.11,1797.131875,25,346,3,4,4,11,Loyal Customers,1
14681,2011-05-12 10:45:00,2011-09-29 15:52:00,3,498.95,166.31666666666666,71,140,2,3,2,7,At Risk,0
14682,2011-05-22 12:51:00,2011-06-05 12:12:00,2,52.0,26.0,188,13,1,2,1,4,Other,0
14684,2010-12-12 12:44:00,2011-11-14 11:33:00,5,1201.51,240.302,26,336,3,4,3,10,Loyal Customers,1
14687,2011-08-25 11:59:00,2011-08-25 11:59:00,1,628.38,628.38,107,0,2,1,2,5,Other,0
14688,2010-12-01 09:37:00,2011-12-02 12:26:00,21,5579.1,265.6714285714286,8,366,4,4,4,12,Champions,1
14689,2011-05-15 11:22:00,2011-05-15 11:22:00,1,112.8,112.8,209,0,1,1,1,3,Other,0
14690,2011-07-11 11:58:00,2011-10-26 15:39:00,2,355.05,177.525,44,107,3,2,2,7,New / Promising,0
14691,2011-05-11 09:55:00,2011-11-09 12:30:00,5,2114.33,422.866,31,182,3,4,4,11,Loyal Customers,1
14692,2011-01-21 13:47:00,2011-07-25 15:08:00,4,591.5500000000001,147.88750000000002,137,185,2,3,2,7,At Risk,0
14693,2011-03-20 12:50:00,2011-03-20 12:50:00,1,172.9,172.9,265,0,1,1,1,3,Other,0
14696,2010-12-01 15:37:00,2011-12-05 13:43:00,7,2078.95,296.99285714285713,4,368,4,4,4,12,Champions,1
14697,2011-05-05 15:29:00,2011-05-05 15:39:00,2,188.60999999999999,94.30499999999999,218,0,1,2,1,4,Other,0
14698,2011-10-19 12:54:00,2011-12-08 12:26:00,5,1217.27,243.454,2,49,4,4,3,11,Champions,1
14699,2011-05-09 14:54:00,2011-05-09 14:54:00,1,109.13000000000001,109.13000000000001,214,0,1,1,1,3,Other,0
14700,2011-04-15 13:16:00,2011-11-07 14:40:00,3,2195.1,731.6999999999999,32,206,3,3,4,10,Loyal Customers,1
14701,2011-01-27 12:40:00,2011-11-29 12:38:00,9,2526.09,280.6766666666667,11,305,4,4,4,12,Champions,1
14702,2010-12-09 19:23:00,2011-12-08 19:29:00,17,3251.79,191.28176470588235,1,364,4,4,4,12,Champions,1
14703,2011-11-25 09:23:00,2011-11-25 09:23:00,1,318.17,318.17,15,0,4,1,2,7,New / Promising,0
14704,2011-06-12 13:59:00,2011-11-28 12:51:00,9,1493.96,165.99555555555557,11,168,4,4,3,11,Champions,1
14705,2011-05-25 12:39:00,2011-05-25 12:39:00,1,179.0,179.0,199,0,1,1,1,3,Other,0
14708,2010-12-06 12:23:00,2011-12-07 08:21:00,3,1126.37,375.45666666666665,3,365,4,3,3,10,Loyal Customers,1
14709,2010-12-16 13:43:00,2011-11-24 15:41:00,13,4921.04,378.54153846153844,15,343,4,4,4,12,Champions,1
14710,2011-10-11 13:49:00,2011-11-25 14:53:00,4,599.48,149.87,14,45,4,3,2,9,Loyal Customers,1
14711,2011-03-22 13:32:00,2011-11-29 14:58:00,11,2839.62,258.1472727272727,10,252,4,4,4,12,Champions,1
14712,2011-08-19 13:33:00,2011-11-10 12:59:00,3,917.07,305.69,29,82,3,3,3,9,Loyal Customers,1
14713,2010-12-09 18:58:00,2011-11-30 16:26:00,11,2662.2,242.0181818181818,9,355,4,4,4,12,Champions,1
14714,2011-11-15 13:07:00,2011-11-15 13:07:00,1,160.19,160.19,24,0,3,1,1,5,New / Promising,0
14715,2011-01-12 13:27:00,2011-11-15 12:10:00,4,867.38,216.845,25,306,3,3,3,9,Loyal Customers,1
14716,2011-07-14 12:42:00,2011-10-27 17:29:00,2,307.51,153.755,43,105,3,2,2,7,New / Promising,0
14719,2011-04-04 14:17:00,2011-12-08 12:43:00,5,1581.8400000000001,316.36800000000005,2,247,4,4,3,11,Champions,1
14720,2011-08-05 12:06:00,2011-12-04 12:02:00,3,663.8100000000001,221.27,6,120,4,3,2,9,Loyal Customers,1
14722,2011-07-15 14:58:00,2011-07-15 14:58:00,1,180.42000000000002,180.42000000000002,147,0,1,1,1,3,Other,0
14723,2010-12-03 14:18:00,2011-11-29 15:23:00,6,1122.3600000000001,187.06000000000003,10,361,4,4,3,11,Champions,1
14725,2011-11-15 12:42:00,2011-11-15 12:42:00,1,655.58,655.58,25,0,3,1,2,6,New / Promising,0
14727,2011-03-10 14:45:00,2011-03-10 14:45:00,1,268.58,268.58,274,0,1,1,1,3,Other,0
14729,2010-12-01 12:43:00,2010-12-01 12:43:00,1,313.49,313.49,374,0,1,1,2,4,Other,0
14730,2011-03-08 12:49:00,2011-12-08 14:39:00,8,1897.57,237.19625,1,275,4,4,4,12,Champions,1
14731,2011-05-11 13:06:00,2011-10-23 15:54:00,3,380.02,126.67333333333333,47,165,3,3,2,8,Loyal Customers,0
14732,2011-01-04 14:40:00,2011-12-01 14:34:00,8,2702.49,337.81125,8,330,4,4,4,12,Champions,1
14733,2010-12-07 11:30:00,2011-11-23 15:39:00,12,9585.91,798.8258333333333,16,351,4,4,4,12,Champions,1
14735,2010-12-16 16:05:00,2011-12-06 12:09:00,32,6065.6900000000005,189.55281250000002,4,354,4,4,4,12,Champions,1
14737,2010-12-21 13:49:00,2011-12-06 10:16:00,3,1164.55,388.18333333333334,4,349,4,3,3,10,Loyal Customers,1
14738,2011-01-27 14:10:00,2011-10-28 08:56:00,7,1314.45,187.77857142857144,43,273,3,4,3,10,Loyal Customers,1
14739,2010-12-07 14:58:00,2011-12-05 16:54:00,7,3902.2799999999997,557.4685714285714,4,363,4,4,4,12,Champions,1
14740,2011-03-01 08:35:00,2011-05-26 18:17:00,3,1448.21,482.7366666666667,197,86,1,3,3,7,At Risk,0
14741,2010-12-02 08:43:00,2011-11-28 08:48:00,6,1400.3400000000001,233.39000000000001,12,361,4,4,3,11,Champions,1
14744,2010-12-08 10:21:00,2011-11-23 12:51:00,7,1099.98,157.14000000000001,16,350,4,4,3,11,Champions,1
14745,2011-02-27 15:25:00,2011-08-19 10:05:00,5,1220.26,244.052,113,172,2,4,3,9,At Risk,1
14747,2011-04-04 14:09:00,2011-04-04 14:09:00,1,328.2,328.2,249,0,1,1,2,4,Other,0
14748,2010-12-06 10:19:00,2011-11-10 18:33:00,5,1415.75,283.15,29,339,3,4,3,10,Loyal Customers,1
14752,2011-10-27 11:55:00,2011-10-27 11:55:00,1,389.64,389.64,44,0,3,1,2,6,New / Promising,0
14753,2011-09-13 14:50:00,2011-09-13 14:50:00,1,563.15,563.15,87,0,2,1,2,5,Other,0
14754,2011-02-17 12:21:00,2011-10-26 12:01:00,2,638.0500000000001,319.02500000000003,45,250,3,2,2,7,New / Promising,0
14755,2011-01-09 14:02:00,2011-11-30 11:24:00,11,5010.28,455.47999999999996,10,324,4,4,4,12,Champions,1
14756,2011-11-24 18:13:00,2011-11-24 18:13:00,1,738.96,738.96,15,0,4,1,3,8,New / Promising,0
14757,2011-09-25 14:36:00,2011-09-25 14:36:00,1,420.5,420.5,75,0,2,1,2,5,Other,0
14758,2011-03-25 12:10:00,2011-07-18 08:21:00,4,1484.06,371.015,145,114,1,3,3,7,At Risk,0
14759,2011-04-21 10:55:00,2011-12-05 12:03:00,3,1625.97,541.99,5,228,4,3,3,10,Loyal Customers,1
14760,2011-02-15 16:27:00,2011-02-15 16:27:00,1,89.2,89.2,297,0,1,1,1,3,Other,0
14761,2011-01-09 12:03:00,2011-10-12 12:10:00,2,255.9,127.95,59,276,2,2,1,5,Other,0
14762,2011-03-21 08:20:00,2011-03-21 08:20:00,1,300.52,300.52,264,0,1,1,1,3,Other,0
14764,2011-10-24 11:54:00,2011-10-24 11:54:00,1,278.3,278.3,47,0,3,1,1,5,New / Promising,0
14765,2011-06-16 19:49:00,2011-11-10 19:53:00,3,254.11,84.70333333333333,29,147,3,3,1,7,Loyal Customers,0
14766,2010-12-08 15:33:00,2011-12-01 16:05:00,6,2473.37,412.2283333333333,8,358,4,4,4,12,Champions,1
14768,2011-08-04 13:25:00,2011-11-22 12:54:00,2,192.60000000000002,96.30000000000001,17,109,4,2,1,7,New / Promising,0
14769,2010-12-17 11:40:00,2011-12-07 10:24:00,8,10416.98,1302.1225,3,354,4,4,4,12,Champions,1
14770,2011-01-20 15:00:00,2011-04-21 14:21:00,2,876.4200000000001,438.21000000000004,232,90,1,2,3,6,Other,0
14772,2011-08-19 15:04:00,2011-08-19 15:04:00,1,139.26,139.26,112,0,2,1,1,4,Other,0
14775,2010-12-02 16:38:00,2011-10-12 15:27:00,3,1011.9,337.3,58,313,2,3,3,8,At Risk,0
14776,2011-01-31 13:17:00,2011-10-19 15:34:00,11,2538.3,230.75454545454548,51,261,3,4,4,11,Loyal Customers,1
14778,2011-02-04 11:43:00,2011-08-04 15:23:00,2,730.86,365.43,127,181,2,2,3,7,Other,0
14779,2011-01-20 12:04:00,2011-03-04 12:42:00,3,386.15,128.71666666666667,281,43,1,3,2,6,At Risk,0
14780,2011-09-21 15:15:00,2011-10-16 12:46:00,2,447.68,223.84,55,24,2,2,2,6,Other,0
14782,2011-01-24 11:12:00,2011-01-24 11:12:00,1,200.10000000000002,200.10000000000002,320,0,1,1,1,3,Other,0
14784,2011-01-20 09:25:00,2011-11-13 13:30:00,2,289.99,144.995,26,297,3,2,1,6,New / Promising,0
14785,2011-11-24 13:40:00,2011-11-29 13:21:00,2,77.4,38.7,10,4,4,2,1,7,New / Promising,0
14788,2011-11-13 15:52:00,2011-12-02 17:06:00,2,679.44,339.72,7,19,4,2,3,9,New / Promising,1
14789,2011-11-11 08:59:00,2011-11-11 08:59:00,1,197.64,197.64,29,0,3,1,1,5,New / Promising,0
14790,2011-03-31 11:49:00,2011-11-23 09:28:00,4,745.06,186.265,17,236,4,3,3,10,Loyal Customers,1
14792,2011-10-07 09:19:00,2011-10-07 09:19:00,1,6.2,6.2,64,0,2,1,1,4,Other,0
14793,2011-11-18 14:50:00,2011-11-18 14:50:00,1,228.99,228.99,21,0,3,1,1,5,New / Promising,0
14794,2011-01-09 16:11:00,2011-12-07 10:11:00,7,1319.9099999999999,188.5585714285714,3,331,4,4,3,11,Champions,1
14795,2011-06-26 13:04:00,2011-06-26 13:04:00,1,131.45000000000002,131.45000000000002,166,0,1,1,1,3,Other,0
14796,2010-12-08 10:40:00,2011-12-08 15:31:00,17,7975.49,469.1464705882353,1,365,4,4,4,12,Champions,1
14798,2011-02-02 15:26:00,2011-10-18 10:58:00,3,173.74,57.913333333333334,53,257,2,3,1,6,At Risk,0
14799,2011-10-19 16:16:00,2011-10-19 16:16:00,1,157.70000000000002,157.70000000000002,51,0,2,1,1,4,Other,0
14800,2010-12-05 11:10:00,2011-10-23 12:46:00,12,4331.79,360.9825,48,322,3,4,4,11,Loyal Customers,1
14801,2011-10-09 15:24:00,2011-10-09 15:24:00,1,189.34,189.34,61,0,2,1,1,4,Other,0
14803,2011-02-20 13:21:00,2011-06-30 13:58:00,3,845.55,281.84999999999997,162,130,1,3,3,7,At Risk,0
14804,2011-12-01 11:20:00,2011-12-01 11:20:00,1,353.27,353.27,9,0,4,1,2,7,New / Promising,0
14805,2011-01-30 10:43:00,2011-11-24 16:20:00,4,546.4000000000001,136.60000000000002,15,298,4,3,2,9,Loyal Customers,1
14806,2011-09-25 15:32:00,2011-09-25 15:32:00,1,193.39,193.39,75,0,2,1,1,4,Other,0
14808,2011-06-20 12:53:00,2011-10-31 12:21:00,8,2718.6,339.825,40,132,3,4,4,11,Loyal Customers,1
14810,2010-12-05 12:08:00,2011-10-30 11:19:00,11,2085.33,189.57545454545453,41,328,3,4,4,11,Loyal Customers,1
14813,2010-12-05 11:54:00,2010-12-05 11:57:00,2,152.88,76.44,370,0,1,2,1,4,Other,0
14815,2011-10-03 11:36:00,2011-11-03 11:36:00,2,778.5,389.25,37,31,3,2,3,8,New / Promising,0
14816,2011-05-26 13:16:00,2011-05-26 13:16:00,1,271.85,271.85,197,0,1,1,1,3,Other,0
14817,2011-03-07 13:51:00,2011-05-23 13:35:00,2,1110.34,555.17,200,76,1,2,3,6,Other,0
14818,2011-03-31 12:28:00,2011-09-27 11:01:00,3,657.8,219.26666666666665,74,179,2,3,2,7,At Risk,0
14819,2011-05-31 13:50:00,2011-10-06 13:41:00,2,272.07,136.035,64,127,2,2,1,5,Other,0
14820,2011-06-19 14:56:00,2011-11-18 15:41:00,4,507.29,126.8225,21,152,3,3,2,8,Loyal Customers,1
14821,2010-12-08 08:43:00,2010-12-08 08:43:00,1,48.800000000000004,48.800000000000004,367,0,1,1,1,3,Other,0
14823,2011-05-29 12:48:00,2011-06-12 13:12:00,3,321.43,107.14333333333333,180,14,1,3,2,6,At Risk,0
14824,2011-09-09 14:12:00,2011-11-29 14:20:00,4,1127.71,281.9275,10,81,4,3,3,10,Loyal Customers,1
14825,2010-12-06 12:30:00,2011-12-06 11:38:00,12,2221.01,185.08416666666668,4,364,4,4,4,12,Champions,1
14828,2011-01-07 09:50:00,2011-05-27 10:16:00,3,2139.76,713.2533333333334,197,140,1,3,4,8,At Risk,0
14829,2010-12-02 16:12:00,2011-11-10 16:16:00,4,697.55,174.3875,29,343,3,3,3,9,Loyal Customers,1
14830,2011-10-17 14:29:00,2011-10-17 14:29:00,1,188.88,188.88,53,0,2,1,1,4,Other,0
14834,2011-04-13 15:00:00,2011-11-22 10:30:00,6,1720.3,286.71666666666664,18,222,3,4,4,11,Loyal Customers,1
14836,2011-11-09 13:26:00,2011-11-29 16:45:00,3,102.44999999999999,34.15,10,20,4,3,1,8,Loyal Customers,0
14837,2011-05-22 12:49:00,2011-09-11 10:58:00,4,1649.5,412.375,90,111,2,3,3,8,At Risk,1
14840,2011-03-17 12:00:00,2011-03-17 12:00:00,1,62.85,62.85,268,0,1,1,1,3,Other,0
14841,2010-12-16 10:28:00,2011-10-17 15:03:00,6,3295.76,549.2933333333334,53,305,2,4,4,10,At Risk,1
14842,2011-02-04 15:32:00,2011-10-27 12:37:00,4,2824.69,706.1725,44,264,3,3,4,10,Loyal Customers,1
14844,2011-04-12 13:10:00,2011-10-07 10:41:00,4,3189.81,797.4525,64,177,2,3,4,9,At Risk,1
14847,2011-07-14 10:52:00,2011-07-14 10:52:00,1,309.4,309.4,149,0,1,1,2,4,Other,0
14849,2010-12-01 12:22:00,2011-11-18 10:58:00,25,7930.54,317.2216,22,351,3,4,4,11,Loyal Customers,1
14850,2011-02-01 11:21:00,2011-02-01 11:21:00,1,325.75,325.75,312,0,1,1,2,4,Other,0
14851,2011-03-28 14:59:00,2011-11-16 14:20:00,2,511.35,255.675,23,232,3,2,2,7,New / Promising,0
14852,2011-04-01 13:22:00,2011-10-12 13:20:00,6,2836.69,472.7816666666667,58,193,2,4,4,10,At Risk,1
14853,2011-05-12 15:17:00,2011-11-15 16:56:00,2,475.79999999999995,237.89999999999998,24,187,3,2,2,7,New / Promising,0
14854,2011-03-10 12:22:00,2011-09-22 17:00:00,7,2740.03,391.4328571428572,78,196,2,4,4,10,At Risk,1
14855,2011-07-28 12:06:00,2011-08-12 14:02:00,2,645.6500000000001,322.82500000000005,119,15,2,2,2,6,Other,0
14856,2011-10-14 09:35:00,2011-11-03 14:53:00,3,1290.53,430.1766666666667,36,20,3,3,3,9,Loyal Customers,1
14857,2011-07-14 15:03:00,2011-10-11 09:23:00,2,1173.12,586.56,60,88,2,2,3,7,Other,0
14859,2011-05-19 14:42:00,2011-11-27 11:18:00,4,1353.74,338.435,13,191,4,3,3,10,Loyal Customers,1
14860,2011-11-20 14:17:00,2011-11-20 14:17:00,1,170.32,170.32,19,0,3,1,1,5,New / Promising,0
14861,2011-10-18 12:54:00,2011-10-18 12:54:00,1,125.79,125.79,52,0,2,1,1,4,Other,0
14862,2011-07-14 11:20:00,2011-11-14 10:01:00,2,841.2,420.6,26,122,3,2,3,8,New / Promising,0
14863,2011-11-10 15:04:00,2011-11-10 15:04:00,1,266.76,266.76,29,0,3,1,1,5,New / Promising,0
14865,2010-12-02 18:23:00,2011-12-02 16:25:00,2,52.2,26.1,7,364,4,2,1,7,New / Promising,0
14866,2010-12-08 14:58:00,2011-11-29 11:45:00,12,14389.9,1199.1583333333333,11,355,4,4,4,12,Champions,1
14867,2011-01-07 16:34:00,2011-06-07 11:39:00,3,710.2800000000001,236.76000000000002,186,150,1,3,3,7,At Risk,0
14868,2011-04-20 13:36:00,2011-12-06 14:49:00,8,2953.59,369.19875,3,230,4,4,4,12,Champions,1
14869,2011-08-28 16:09:00,2011-12-01 12:36:00,2,721.45,360.725,9,94,4,2,3,9,New / Promising,1
14870,2011-03-23 10:51:00,2011-03-23 10:51:00,1,327.25,327.25,262,0,1,1,2,4,Other,0
14871,2010-12-14 12:18:00,2011-12-06 13:42:00,4,501.28000000000003,125.32000000000001,3,357,4,3,2,9,Loyal Customers,1
14873,2011-05-13 13:52:00,2011-05-13 13:52:00,1,519.68,519.68,210,0,1,1,2,4,Other,0
14875,2011-03-22 11:53:00,2011-08-24 12:20:00,2,1465.32,732.66,108,155,2,2,3,7,Other,0
14878,2010-12-16 12:11:00,2011-11-27 11:15:00,9,1476.09,164.01,13,345,4,4,3,11,Champions,1
14880,2011-02-24 12:27:00,2011-09-23 13:42:00,3,690.59,230.1966666666667,77,211,2,3,3,8,At Risk,0
14881,2011-11-20 11:06:00,2011-11-20 11:06:00,1,255.4,255.4,20,0,3,1,1,5,New / Promising,0
14882,2011-11-06 10:15:00,2011-11-13 12:47:00,2,589.7,294.85,27,7,3,2,2,7,New / Promising,0
14883,2011-05-12 09:49:00,2011-11-21 10:23:00,6,761.5899999999999,126.93166666666666,19,193,3,4,3,10,Loyal Customers,1
14885,2011-07-31 12:05:00,2011-07-31 12:05:00,1,765.3199999999999,765.3199999999999,132,0,2,1,3,6,Other,0
14886,2011-04-01 08:56:00,2011-04-01 08:56:00,1,364.8,364.8,253,0,1,1,2,4,Other,0
14887,2011-09-21 15:32:00,2011-09-21 15:32:00,1,1862.0,1862.0,79,0,2,1,4,7,High Value,0
14888,2011-05-16 14:58:00,2011-05-16 14:58:00,1,369.2,369.2,207,0,1,1,2,4,Other,0
14889,2011-01-07 15:19:00,2011-01-07 15:19:00,1,135.9,135.9,336,0,1,1,1,3,Other,0
14890,2011-03-31 11:57:00,2011-03-31 11:57:00,1,125.65,125.65,254,0,1,1,1,3,Other,0
14891,2011-06-05 10:58:00,2011-07-14 18:08:00,2,554.38,277.19,148,39,1,2,2,5,Other,0
14893,2011-11-28 10:49:00,2011-11-30 12:31:00,2,1237.85,618.925,10,2,4,2,3,9,New / Promising,1
14894,2011-09-15 13:51:00,2011-09-15 13:51:00,1,655.75,655.75,85,0,2,1,2,5,Other,0
14895,2011-02-22 13:08:00,2011-12-02 09:23:00,20,11138.710000000001,556.9355,8,282,4,4,4,12,Champions,1
14896,2010-12-09 12:24:00,2011-05-19 10:20:00,2,468.77000000000004,234.38500000000002,205,160,1,2,2,5,Other,0
14897,2011-02-16 08:37:00,2011-12-02 10:32:00,4,1366.38,341.595,8,289,4,3,3,10,Loyal Customers,1
14898,2010-12-03 15:25:00,2011-11-16 14:54:00,6,1269.31,211.55166666666665,23,347,3,4,3,10,Loyal Customers,1
14901,2010-12-02 11:20:00,2011-11-28 17:09:00,9,1421.29,157.92111111111112,11,361,4,4,3,11,Champions,1
14902,2011-11-14 10:34:00,2011-11-14 10:34:00,1,332.66,332.66,26,0,3,1,2,6,New / Promising,0
14903,2011-03-06 11:50:00,2011-11-18 16:07:00,5,2795.33,559.066,21,257,3,4,4,11,Loyal Customers,1
14904,2011-11-14 09:13:00,2011-12-07 12:55:00,2,1025.44,512.72,2,23,4,2,3,9,New / Promising,1
14905,2011-04-20 10:48:00,2011-07-05 12:41:00,2,616.1500000000001,308.07500000000005,158,76,1,2,2,5,Other,0
14907,2010-12-07 10:14:00,2011-12-06 14:14:00,7,3501.1000000000004,500.1571428571429,3,364,4,4,4,12,Champions,1
14908,2011-09-26 12:56:00,2011-09-26 12:56:00,1,277.8,277.8,74,0,2,1,1,4,Other,0
14910,2011-10-16 11:06:00,2011-12-07 10:06:00,4,434.35,108.5875,3,51,4,3,2,9,Loyal Customers,1
14911,2010-12-01 14:05:00,2011-12-08 15:54:00,201,143711.17,714.980945273632,1,372,4,4,4,12,Champions,1
14912,2011-04-07 11:06:00,2011-11-23 09:20:00,2,867.8499999999999,433.92499999999995,17,229,4,2,3,9,New / Promising,0
14913,2010-12-15 14:35:00,2011-11-04 08:29:00,4,1227.43,306.8575,36,323,3,3,3,9,Loyal Customers,1
14915,2011-03-07 09:39:00,2011-09-09 13:34:00,2,307.48,153.74,91,186,2,2,2,6,Other,0
14916,2011-01-19 15:30:00,2011-09-30 09:20:00,4,1268.98,317.245,71,253,2,3,3,8,At Risk,1
14918,2011-07-08 12:50:00,2011-08-16 11:50:00,2,1610.15,805.075,116,38,2,2,3,7,Other,0
14920,2011-05-11 10:31:00,2011-05-11 10:32:00,2,977.77,488.885,213,0,1,2,3,6,Other,0
14921,2011-05-22 12:51:00,2011-11-09 13:17:00,2,1316.07,658.035,30,171,3,2,3,8,New / Promising,0
14923,2011-10-20 11:51:00,2011-10-20 11:51:00,1,749.1,749.1,51,0,2,1,3,6,Other,0
14924,2011-04-08 09:25:00,2011-04-08 09:25:00,1,310.05,310.05,246,0,1,1,2,4,Other,0
14929,2011-11-07 17:21:00,2011-11-07 17:21:00,1,223.88,223.88,32,0,3,1,1,5,New / Promising,0
14930,2011-03-10 14:42:00,2011-08-23 10:31:00,3,2362.96,787.6533333333333,109,165,2,3,4,9,At Risk,0
14931,2011-04-13 09:32:00,2011-12-05 10:19:00,5,1257.68,251.536,5,236,4,4,3,11,Champions,1
14932,2010-12-09 11:48:00,2010-12-09 11:48:00,1,363.53,363.53,366,0,1,1,2,4,Other,0
14934,2011-03-02 11:48:00,2011-09-19 10:10:00,2,1890.94,945.47,82,200,2,2,4,8,High Value,0
14935,2011-02-15 14:44:00,2011-02-15 14:44:00,1,1784.71,1784.71,297,0,1,1,4,6,High Value,0
14936,2011-03-09 11:53:00,2011-11-06 10:30:00,8,8137.0199999999995,1017.1274999999999,34,241,3,4,4,11,Loyal Customers,1
14937,2011-08-01 14:16:00,2011-10-14 12:29:00,3,1621.8799999999999,540.6266666666667,57,73,2,3,3,8,At Risk,1
14944,2011-02-16 12:47:00,2011-11-10 09:10:00,12,5900.250000000001,491.68750000000006,30,266,3,4,4,11,Loyal Customers,1
14946,2011-11-25 13:33:00,2011-11-25 13:33:00,1,100.9,100.9,14,0,4,1,1,6,New / Promising,0
14947,2011-08-01 09:31:00,2011-09-28 15:48:00,2,290.82,145.41,72,58,2,2,1,5,Other,0
14948,2011-05-04 14:52:00,2011-11-16 17:16:00,6,1101.97,183.66166666666666,23,196,3,4,3,10,Loyal Customers,1
14950,2011-11-20 13:48:00,2011-11-20 13:48:00,1,371.2,371.2,19,0,3,1,2,6,New / Promising,0
14951,2011-09-21 15:15:00,2011-09-21 15:15:00,1,311.69,311.69,79,0,2,1,2,5,Other,0
14952,2010-12-10 12:48:00,2011-10-11 10:33:00,11,8099.49,736.3172727272727,60,304,2,4,4,10,At Risk,1
14953,2011-11-14 14:59:00,2011-11-14 14:59:00,1,285.67,285.67,25,0,3,1,1,5,New / Promising,0
14954,2011-11-27 14:30:00,2011-11-27 14:30:00,1,294.85,294.85,12,0,4,1,1,6,New / Promising,0
14957,2011-03-31 17:59:00,2011-03-31 17:59:00,1,58.49,58.49,253,0,1,1,1,3,Other,0
14958,2011-04-08 11:28:00,2011-07-15 14:20:00,3,483.73,161.24333333333334,147,98,1,3,2,6,At Risk,0
14959,2011-02-16 13:00:00,2011-10-06 18:23:00,4,695.42,173.855,64,232,2,3,3,8,At Risk,0
14960,2011-06-21 13:38:00,2011-12-01 12:54:00,2,221.26999999999998,110.63499999999999,8,162,4,2,1,7,New / Promising,0
14961,2010-12-14 11:38:00,2011-11-29 09:42:00,9,7044.68,782.7422222222223,11,349,4,4,4,12,Champions,1
14962,2011-03-14 09:42:00,2011-03-14 09:42:00,1,126.7,126.7,271,0,1,1,1,3,Other,0
14963,2011-06-09 12:30:00,2011-11-30 12:16:00,5,1472.34,294.46799999999996,10,173,4,4,3,11,Champions,1
14964,2011-04-06 14:13:00,2011-04-06 14:13:00,1,206.21,206.21,247,0,1,1,1,3,Other,0
14965,2011-09-04 13:15:00,2011-09-04 13:20:00,2,596.0899999999999,298.04499999999996,96,0,2,2,2,6,Other,0
14966,2011-11-25 12:20:00,2011-11-25 12:20:00,1,183.02,183.02,15,0,4,1,1,6,New / Promising,0
14967,2011-10-21 11:06:00,2011-10-21 11:06:00,1,463.8,463.8,50,0,3,1,2,6,New / Promising,0
14968,2011-11-09 13:58:00,2011-11-09 13:58:00,1,147.59,147.59,30,0,3,1,1,5,New / Promising,0
14970,2011-01-27 12:23:00,2011-10-02 13:44:00,4,1592.06,398.015,68,248,2,3,3,8,At Risk,1
14971,2011-10-27 13:33:00,2011-11-04 17:07:00,3,1097.98,365.99333333333334,35,8,3,3,3,9,Loyal Customers,1
14972,2011-08-03 14:54:00,2011-08-03 14:54:00,1,114.77,114.77,128,0,2,1,1,4,Other,0
14973,2011-04-28 12:22:00,2011-08-24 15:51:00,3,1314.45,438.15000000000003,107,118,2,3,3,8,At Risk,0
14974,2011-11-02 13:01:00,2011-11-02 13:01:00,1,89.94,89.94,37,0,3,1,1,5,New / Promising,0
14975,2011-10-13 14:08:00,2011-10-13 14:08:00,1,279.94,279.94,57,0,2,1,1,4,Other,0
14976,2011-01-17 11:09:00,2011-10-13 16:37:00,7,790.86,112.98,57,269,2,4,3,9,At Risk,1
14978,2011-01-13 12:03:00,2011-09-28 13:07:00,5,1921.3700000000001,384.274,72,258,2,4,4,10,At Risk,1
14981,2011-04-07 13:45:00,2011-04-07 13:45:00,1,102.12,102.12,246,0,1,1,1,3,Other,0
14984,2011-06-12 11:04:00,2011-11-20 14:28:00,2,202.37,101.185,19,161,3,2,1,6,New / Promising,0
14985,2010-12-16 19:51:00,2011-05-25 14:29:00,2,292.01,146.005,198,159,1,2,1,4,Other,0
14987,2010-12-09 12:13:00,2011-11-24 09:59:00,2,326.4,163.2,16,349,4,2,2,8,New / Promising,0
14988,2011-05-12 12:05:00,2011-05-12 12:05:00,1,334.54,334.54,212,0,1,1,2,4,Other,0
14995,2011-03-04 13:14:00,2011-11-01 11:39:00,2,231.98000000000002,115.99000000000001,39,241,3,2,1,6,New / Promising,0
14997,2011-06-14 16:52:00,2011-10-24 13:28:00,3,546.1999999999999,182.06666666666663,46,131,3,3,2,8,Loyal Customers,0
14998,2011-04-12 16:28:00,2011-06-22 17:30:00,2,414.87,207.435,170,71,1,2,2,5,Other,0
15000,2011-10-23 11:42:00,2011-10-23 11:42:00,1,490.52,490.52,48,0,3,1,2,6,New / Promising,0
15002,2010-12-07 13:16:00,2011-08-16 10:44:00,4,1641.76,410.44,116,251,2,3,3,8,At Risk,0
15004,2011-07-15 14:05:00,2011-07-15 14:05:00,1,1220.77,1220.77,147,0,1,1,3,5,Other,0
15005,2010-12-08 14:36:00,2011-11-24 12:25:00,28,6295.37,224.83464285714285,16,350,4,4,4,12,Champions,1
15006,2011-10-19 15:08:00,2011-10-19 15:08:00,1,480.38,480.38,51,0,2,1,2,5,Other,0
15007,2011-07-03 16:00:00,2011-07-03 16:00:00,1,156.91,156.91,159,0,1,1,1,3,Other,0
15009,2011-11-14 17:40:00,2011-11-27 13:35:00,3,1259.4299999999998,419.80999999999995,12,12,4,3,3,10,Loyal Customers,1
15010,2011-11-04 12:42:00,2011-11-04 12:42:00,1,308.94,308.94,36,0,3,1,2,6,New / Promising,0
15012,2010-12-01 12:49:00,2011-10-17 12:22:00,2,405.03999999999996,202.51999999999998,54,319,2,2,2,6,Other,0
15014,2011-06-16 19:40:00,2011-10-27 20:07:00,2,257.66999999999996,128.83499999999998,43,133,3,2,1,6,New / Promising,0
15016,2011-06-20 12:06:00,2011-06-20 12:06:00,1,170.04,170.04,173,0,1,1,1,3,Other,0
15017,2011-11-06 10:33:00,2011-11-06 10:33:00,1,125.58,125.58,34,0,3,1,1,5,New / Promising,0
15018,2010-12-07 10:47:00,2011-11-01 12:47:00,3,496.21000000000004,165.40333333333334,39,329,3,3,2,8,Loyal Customers,0
15019,2011-03-18 12:35:00,2011-03-18 12:35:00,1,252.81,252.81,267,0,1,1,1,3,Other,0
15021,2010-12-08 12:17:00,2011-12-01 11:53:00,9,1871.77,207.97444444444443,9,357,4,4,4,12,Champions,1
15022,2011-10-23 15:47:00,2011-11-28 12:35:00,4,852.39,213.0975,12,35,4,3,3,10,Loyal Customers,1
15023,2010-12-05 13:49:00,2011-12-06 17:23:00,11,6720.41,610.9463636363636,3,366,4,4,4,12,Champions,1
15024,2010-12-07 13:20:00,2011-11-30 12:06:00,10,1636.43,163.643,10,357,4,4,3,11,Champions,1
15025,2011-11-06 15:20:00,2011-11-06 15:20:00,1,361.96,361.96,33,0,3,1,2,6,New / Promising,0
15026,2011-03-07 13:45:00,2011-09-20 13:52:00,3,469.0,156.33333333333334,80,197,2,3,2,7,At Risk,0
15027,2011-04-15 14:14:00,2011-11-09 10:16:00,4,1066.15,266.5375,31,207,3,3,3,9,Loyal Customers,1
15028,2010-12-06 12:47:00,2011-12-01 14:06:00,4,627.13,156.7825,8,360,4,3,2,9,Loyal Customers,1
15030,2011-03-16 15:34:00,2011-09-29 10:50:00,2,518.28,259.14,72,196,2,2,2,6,Other,0
15031,2011-03-02 14:46:00,2011-12-05 14:19:00,4,653.19,163.2975,4,277,4,3,2,9,Loyal Customers,1
15032,2010-12-08 12:57:00,2011-03-28 15:03:00,3,4959.1,1653.0333333333335,256,110,1,3,4,8,At Risk,0
15033,2011-01-14 13:28:00,2011-12-05 12:40:00,10,2557.18,255.718,5,324,4,4,4,12,Champions,1
15034,2010-12-21 09:47:00,2011-11-24 12:11:00,8,4274.16,534.27,16,338,4,4,4,12,Champions,1
15035,2011-09-11 11:08:00,2011-09-11 11:08:00,1,252.73000000000002,252.73000000000002,90,0,2,1,1,4,Other,0
15036,2011-06-13 12:19:00,2011-09-28 15:42:00,3,429.56,143.18666666666667,72,107,2,3,2,7,At Risk,0
15038,2010-12-05 10:54:00,2011-10-12 11:33:00,6,685.74,114.29,59,311,2,4,3,9,At Risk,1
15039,2010-12-06 11:26:00,2011-11-30 11:31:00,47,19766.59,420.5657446808511,10,359,4,4,4,12,Champions,1
15041,2011-06-22 16:16:00,2011-06-22 16:16:00,1,179.93,179.93,170,0,1,1,1,3,Other,0
15042,2011-05-24 16:25:00,2011-05-24 16:25:00,1,135.93,135.93,199,0,1,1,1,3,Other,0
15043,2011-11-08 14:26:00,2011-11-08 14:26:00,1,537.0,537.0,31,0,3,1,2,6,New / Promising,0
15044,2010-12-12 14:27:00,2011-11-20 13:20:00,17,7634.7300000000005,449.1017647058824,19,342,3,4,4,11,Loyal Customers,1
15045,2011-03-27 11:44:00,2011-07-11 11:33:00,2,735.66,367.83,152,105,1,2,3,6,Other,0
15046,2011-01-05 15:30:00,2011-11-30 15:50:00,15,5090.42,339.36133333333333,9,329,4,4,4,12,Champions,1
15047,2011-03-15 10:49:00,2011-03-15 10:49:00,1,343.62,343.62,270,0,1,1,2,4,Other,0
15048,2010-12-06 12:15:00,2011-10-05 14:55:00,4,381.0,95.25,65,303,2,3,2,7,At Risk,0
15049,2011-03-11 12:13:00,2011-03-11 12:13:00,1,121.17000000000002,121.17000000000002,274,0,1,1,1,3,Other,0
15050,2011-09-29 13:22:00,2011-11-14 16:17:00,3,1737.69,579.23,25,46,3,3,4,10,Loyal Customers,1
15051,2011-07-12 15:29:00,2011-11-16 15:38:00,3,1383.36,461.11999999999995,23,127,3,3,3,9,Loyal Customers,1
15052,2011-01-24 15:52:00,2011-01-24 15:52:00,1,207.73000000000002,207.73000000000002,319,0,1,1,1,3,Other,0
15053,2011-03-03 12:06:00,2011-12-05 12:08:00,3,693.95,231.3166666666667,5,277,4,3,3,10,Loyal Customers,1
15054,2011-10-30 14:33:00,2011-11-27 15:02:00,2,302.1,151.05,12,28,4,2,1,7,New / Promising,0
15057,2011-01-28 09:09:00,2011-03-09 15:17:00,2,1489.5,744.75,275,40,1,2,3,6,Other,0
15058,2011-01-31 15:35:00,2011-11-14 14:57:00,11,2102.54,191.14,25,286,3,4,4,11,Loyal Customers,1
15059,2011-01-09 11:54:00,2011-10-30 11:35:00,9,1337.72,148.63555555555556,41,293,3,4,3,10,Loyal Customers,1
15060,2011-11-30 14:03:00,2011-12-01 13:47:00,4,294.25,73.5625,8,0,4,3,1,8,Loyal Customers,1
15061,2010-12-02 15:19:00,2011-12-06 12:06:00,48,54534.14,1136.1279166666666,4,368,4,4,4,12,Champions,1
15062,2010-12-15 15:37:00,2011-09-29 16:51:00,4,987.86,246.965,71,288,2,3,3,8,At Risk,0
15063,2011-05-10 13:25:00,2011-05-10 13:25:00,1,370.79999999999995,370.79999999999995,213,0,1,1,2,4,Other,0
15065,2011-02-21 12:54:00,2011-11-02 09:45:00,4,3158.13,789.5325,38,253,3,3,4,10,Loyal Customers,1
15066,2011-10-17 13:25:00,2011-10-17 13:25:00,1,893.59,893.59,53,0,2,1,3,6,Other,0
15067,2011-03-02 12:10:00,2011-09-22 13:20:00,3,1744.7599999999998,581.5866666666666,78,204,2,3,4,9,At Risk,0
15068,2011-03-28 14:27:00,2011-10-24 14:47:00,2,553.36,276.68,46,210,3,2,2,7,New / Promising,0
15069,2011-06-13 14:16:00,2011-06-13 14:16:00,1,1109.53,1109.53,179,0,1,1,3,5,Other,0
15070,2010-12-02 11:23:00,2010-12-02 11:23:00,1,106.2,106.2,373,0,1,1,1,3,Other,0
15071,2011-03-09 10:19:00,2011-09-07 11:43:00,2,982.0700000000002,491.0350000000001,94,182,2,2,3,7,Other,0
15073,2011-06-06 09:59:00,2011-11-30 10:44:00,3,1043.41,347.80333333333334,10,177,4,3,3,10,Loyal Customers,1
15074,2011-08-26 14:45:00,2011-08-26 14:45:00,1,735.67,735.67,105,0,2,1,3,6,Other,0
15075,2011-09-23 12:27:00,2011-09-23 12:27:00,1,773.03,773.03,78,0,2,1,3,6,Other,0
15076,2011-06-20 08:23:00,2011-06-20 08:23:00,1,880.85,880.85,173,0,1,1,3,5,Other,0
15078,2010-12-06 12:38:00,2011-12-02 15:41:00,32,9743.11,304.4721875,7,361,4,4,4,12,Champions,1
15079,2010-12-09 09:25:00,2011-05-11 12:45:00,4,895.61,223.9025,213,153,1,3,3,7,At Risk,0
15081,2010-12-07 16:20:00,2011-11-17 17:08:00,5,504.8,100.96000000000001,22,345,3,4,2,9,Loyal Customers,1
15083,2011-03-28 12:18:00,2011-03-28 12:18:00,1,88.2,88.2,257,0,1,1,1,3,Other,0
15087,2011-03-03 10:34:00,2011-03-03 10:34:00,1,306.94,306.94,282,0,1,1,2,4,Other,0
15088,2011-10-03 14:05:00,2011-11-18 13:14:00,2,1160.0700000000002,580.0350000000001,21,45,3,2,3,8,New / Promising,0
15089,2011-08-03 14:14:00,2011-11-29 16:31:00,6,2420.84,403.47333333333336,10,118,4,4,4,12,Champions,1
15090,2011-02-04 14:03:00,2011-02-04 14:03:00,1,381.32,381.32,308,0,1,1,2,4,Other,0
15091,2011-10-03 12:47:00,2011-10-03 12:47:00,1,480.71,480.71,68,0,2,1,2,5,Other,0
15092,2011-03-01 12:24:00,2011-05-08 14:10:00,2,457.81000000000006,228.90500000000003,215,68,1,2,2,5,Other,0
15093,2010-12-02 18:25:00,2011-11-21 13:09:00,6,4597.02,766.1700000000001,18,353,3,4,4,11,Loyal Customers,1
15095,2011-05-20 14:27:00,2011-08-28 12:01:00,4,1370.6,342.65,104,99,2,3,3,8,At Risk,0
15096,2011-10-28 10:27:00,2011-10-28 10:27:00,1,219.39,219.39,43,0,3,1,1,5,New / Promising,0
15097,2011-12-05 14:03:00,2011-12-05 14:03:00,1,248.08,248.08,4,0,4,1,1,6,New / Promising,0
15098,2011-06-10 15:22:00,2011-06-10 15:33:00,3,39916.5,13305.5,182,0,1,3,4,8,At Risk,1
15099,2011-09-16 13:13:00,2011-09-16 13:13:00,1,410.48,410.48,84,0,2,1,2,5,Other,0
15100,2010-12-01 09:09:00,2011-01-10 10:35:00,3,876.0,292.0,334,40,1,3,3,7,At Risk,0
15101,2010-12-15 12:54:00,2011-12-01 10:18:00,2,317.53,158.765,9,350,4,2,2,8,New / Promising,0
15103,2011-09-14 13:54:00,2011-11-08 14:53:00,2,703.36,351.68,31,55,3,2,3,8,New / Promising,0
15104,2011-03-02 14:16:00,2011-05-27 12:29:00,2,993.54,496.77,197,85,1,2,3,6,Other,0
15105,2011-07-28 10:09:00,2011-11-21 16:54:00,7,2298.93,328.4185714285714,18,116,3,4,4,11,Loyal Customers,1
15106,2011-03-15 12:52:00,2011-11-22 09:16:00,5,1422.52,284.504,18,251,3,4,3,10,Loyal Customers,1
15107,2010-12-02 13:45:00,2011-02-01 14:46:00,6,319.5,53.25,311,61,1,4,2,7,At Risk,0
15108,2011-04-26 10:54:00,2011-07-21 10:24:00,4,1300.25,325.0625,142,85,2,3,3,8,At Risk,0
15109,2011-04-08 09:58:00,2011-04-08 09:58:00,1,484.95,484.95,246,0,1,1,2,4,Other,0
15110,2011-01-25 11:41:00,2011-11-16 11:16:00,4,996.1,249.025,24,294,3,3,3,9,Loyal Customers,1
15111,2010-12-02 11:45:00,2011-11-10 16:58:00,3,1567.48,522.4933333333333,29,343,3,3,3,9,Loyal Customers,1
15113,2011-10-16 15:27:00,2011-11-30 08:23:00,3,3509.43,1169.81,10,44,4,3,4,11,Loyal Customers,1
15114,2011-02-11 08:45:00,2011-11-09 15:05:00,10,2760.56,276.056,30,271,3,4,4,11,Loyal Customers,1
15115,2011-11-21 14:59:00,2011-11-21 14:59:00,1,340.11,340.11,18,0,3,1,2,6,New / Promising,0
15116,2011-05-19 08:50:00,2011-11-22 12:25:00,4,1352.75,338.1875,18,187,3,3,3,9,Loyal Customers,1
15117,2011-05-08 12:38:00,2011-11-25 08:12:00,5,1551.78,310.356,15,200,4,4,3,11,Champions,1
15118,2011-07-28 14:54:00,2011-07-28 14:54:00,1,244.8,244.8,134,0,2,1,1,4,Other,0
15119,2011-04-08 09:08:00,2011-04-08 09:08:00,1,266.4,266.4,246,0,1,1,1,3,Other,0
15120,2011-07-29 09:48:00,2011-07-29 09:48:00,1,358.82,358.82,134,0,2,1,2,5,Other,0
15121,2011-02-24 12:41:00,2011-10-20 14:51:00,2,457.71999999999997,228.85999999999999,50,238,3,2,2,7,New / Promising,0
15122,2011-02-15 09:59:00,2011-08-17 16:48:00,3,1633.78,544.5933333333334,114,183,2,3,3,8,At Risk,0
15123,2011-05-17 14:57:00,2011-12-02 13:12:00,2,2199.31,1099.655,7,198,4,2,4,10,New / Promising,1
15124,2011-06-01 09:06:00,2011-11-17 10:09:00,2,184.19,92.095,23,169,3,2,1,6,New / Promising,0
15125,2011-03-14 09:59:00,2011-11-14 13:57:00,15,11528.48,768.5653333333333,25,245,3,4,4,11,Loyal Customers,1
15127,2011-10-05 10:30:00,2011-10-05 10:30:00,1,406.53,406.53,66,0,2,1,2,5,Other,0
15128,2011-05-04 12:32:00,2011-10-10 13:54:00,4,1471.0,367.75,60,159,2,3,3,8,At Risk,1
15129,2011-02-21 09:09:00,2011-10-20 14:40:00,11,3447.4,313.40000000000003,50,241,3,4,4,11,Loyal Customers,1
15130,2011-06-23 10:15:00,2011-06-23 10:15:00,1,330.11,330.11,170,0,1,1,2,4,Other,0
15132,2011-03-22 12:02:00,2011-11-21 17:10:00,5,977.9300000000001,195.586,18,244,3,4,3,10,Loyal Customers,1
15133,2011-02-11 10:38:00,2011-08-04 10:44:00,3,982.4200000000001,327.47333333333336,128,174,2,3,3,8,At Risk,0
15134,2011-04-13 11:05:00,2011-11-25 08:55:00,8,1387.99,173.49875,15,225,4,4,3,11,Champions,1
15135,2011-04-14 19:16:00,2011-04-14 19:16:00,1,139.05,139.05,239,0,1,1,1,3,Other,0
15136,2011-09-04 16:05:00,2011-12-07 12:26:00,4,1286.7,321.675,3,93,4,3,3,10,Loyal Customers,1
15139,2011-01-07 12:44:00,2011-04-14 11:39:00,2,178.96,89.48,240,96,1,2,1,4,Other,0
15140,2011-03-20 14:37:00,2011-10-18 14:07:00,7,2354.25,336.32142857142856,52,211,2,4,4,10,At Risk,1
15142,2011-10-24 12:51:00,2011-10-24 12:51:00,1,498.74,498.74,46,0,3,1,2,6,New / Promising,0
15143,2011-04-28 12:03:00,2011-04-28 12:03:00,1,259.45,259.45,226,0,1,1,1,3,Other,0
15144,2011-01-31 13:17:00,2011-12-01 15:12:00,17,6580.4400000000005,387.084705882353,8,304,4,4,4,12,Champions,1
15145,2011-04-05 15:20:00,2011-12-05 17:21:00,4,1194.73,298.6825,4,244,4,3,3,10,Loyal Customers,1
15146,2011-02-21 13:07:00,2011-06-28 12:09:00,2,1327.16,663.58,165,126,1,2,3,6,Other,0
15147,2011-04-13 15:57:00,2011-04-13 15:57:00,1,623.5,623.5,240,0,1,1,2,4,Other,0
15148,2011-11-29 08:21:00,2011-11-29 08:21:00,1,301.29,301.29,11,0,4,1,1,6,New / Promising,0
15149,2011-07-29 10:58:00,2011-07-29 10:58:00,1,520.8000000000001,520.8000000000001,134,0,2,1,2,5,Other,0
15150,2011-03-15 14:21:00,2011-11-22 12:52:00,10,5291.33,529.133,17,251,4,4,4,12,Champions,1
15152,2011-06-05 15:36:00,2011-11-30 12:32:00,13,4745.6900000000005,365.05307692307696,10,177,4,4,4,12,Champions,1
15153,2011-11-08 17:09:00,2011-11-08 17:09:00,1,329.25,329.25,31,0,3,1,2,6,New / Promising,0
15154,2011-09-25 16:05:00,2011-09-25 16:05:00,1,254.28,254.28,75,0,2,1,1,4,Other,0
15156,2011-11-06 12:41:00,2011-12-08 18:22:00,3,961.49,320.49666666666667,1,32,4,3,3,10,Loyal Customers,1
15157,2010-12-16 13:44:00,2011-12-06 11:28:00,3,1936.0700000000002,645.3566666666667,4,354,4,3,4,11,Loyal Customers,1
15158,2011-10-25 13:53:00,2011-10-25 13:53:00,1,401.40000000000003,401.40000000000003,45,0,3,1,2,6,New / Promising,0
15159,2010-12-13 15:44:00,2011-12-08 12:05:00,30,18641.01,621.367,2,359,4,4,4,12,Champions,1
15160,2010-12-17 14:15:00,2010-12-17 14:15:00,1,158.16,158.16,357,0,1,1,1,3,Other,0
15163,2011-05-31 15:22:00,2011-11-21 13:10:00,2,304.47,152.235,18,173,3,2,1,6,New / Promising,0
15164,2011-01-04 14:21:00,2011-10-02 12:05:00,3,824.58,274.86,69,270,2,3,3,8,At Risk,0
15165,2010-12-01 14:03:00,2010-12-01 14:03:00,1,487.75,487.75,373,0,1,1,2,4,Other,0
15167,2011-01-23 12:41:00,2011-01-23 12:41:00,1,158.8,158.8,321,0,1,1,1,3,Other,0
15168,2011-11-14 11:26:00,2011-11-14 11:26:00,1,106.56,106.56,26,0,3,1,1,5,New / Promising,0
15171,2011-01-12 15:36:00,2011-01-12 15:36:00,1,1289.5,1289.5,331,0,1,1,3,5,Other,0
15172,2011-04-17 11:56:00,2011-12-01 11:51:00,5,1624.05,324.81,9,227,4,4,3,11,Champions,1
15174,2011-01-21 09:06:00,2011-01-21 09:06:00,1,135.75,135.75,323,0,1,1,1,3,Other,0
15175,2011-09-29 11:31:00,2011-09-29 11:31:00,1,224.14,224.14,72,0,2,1,1,4,Other,0
15178,2011-03-24 15:12:00,2011-03-24 15:12:00,1,40.5,40.5,260,0,1,1,1,3,Other,0
15179,2011-01-24 13:48:00,2011-11-21 12:53:00,5,2206.95,441.39,18,300,3,4,4,11,Loyal Customers,1
15180,2010-12-07 14:57:00,2010-12-07 14:57:00,1,87.5,87.5,367,0,1,1,1,3,Other,0
15181,2011-03-15 12:03:00,2011-10-04 13:58:00,3,689.48,229.82666666666668,66,203,2,3,3,8,At Risk,0
15182,2011-03-16 12:42:00,2011-07-08 13:37:00,2,622.85,311.425,154,114,1,2,2,5,Other,0
15184,2011-06-02 12:06:00,2011-11-10 13:41:00,2,402.2,201.1,29,161,3,2,2,7,New / Promising,0
15185,2011-09-30 14:06:00,2011-09-30 14:06:00,1,310.62,310.62,70,0,2,1,2,5,Other,0
15186,2011-06-24 14:54:00,2011-11-25 14:58:00,2,411.40999999999997,205.70499999999998,14,154,4,2,2,8,New / Promising,0
15187,2011-05-11 13:49:00,2011-12-08 11:56:00,16,4777.18,298.57375,2,210,4,4,4,12,Champions,1
15189,2011-01-11 12:29:00,2011-12-08 13:22:00,41,16225.39,395.74121951219513,1,331,4,4,4,12,Champions,1
15192,2010-12-09 14:56:00,2011-08-12 11:41:00,3,1044.32,348.1066666666666,120,245,2,3,3,8,At Risk,0
15193,2011-10-10 08:23:00,2011-10-10 08:23:00,1,499.32,499.32,61,0,2,1,2,5,Other,0
15194,2010-12-06 15:00:00,2011-12-06 15:10:00,15,7616.53,507.76866666666666,3,365,4,4,4,12,Champions,1
15195,2011-12-07 12:20:00,2011-12-07 12:20:00,1,3861.0,3861.0,3,0,4,1,4,9,New / Promising,1
15197,2010-12-16 18:01:00,2011-11-29 10:00:00,3,1079.6100000000001,359.87000000000006,11,347,4,3,3,10,Loyal Customers,1
15198,2011-08-07 15:16:00,2011-09-08 14:42:00,2,193.64000000000001,96.82000000000001,92,31,2,2,1,5,Other,0
15199,2011-02-04 14:04:00,2011-10-11 15:12:00,4,1268.6999999999998,317.17499999999995,59,249,2,3,3,8,At Risk,1
15201,2011-04-06 14:02:00,2011-09-13 14:53:00,5,1236.54,247.308,87,160,2,4,3,9,At Risk,1
15203,2011-02-01 12:29:00,2011-11-14 08:16:00,6,1827.8,304.6333333333333,26,285,3,4,4,11,Loyal Customers,1
15204,2010-12-17 13:49:00,2010-12-17 13:49:00,1,316.58,316.58,357,0,1,1,2,4,Other,0
15205,2011-08-04 16:07:00,2011-09-15 19:36:00,2,653.24,326.62,85,42,2,2,2,6,Other,0
15206,2011-03-09 08:59:00,2011-11-29 13:41:00,4,420.3,105.075,10,265,4,3,2,9,Loyal Customers,1
15208,2010-12-21 13:03:00,2011-12-08 17:24:00,5,870.12,174.024,1,352,4,4,3,11,Champions,1
15210,2011-04-28 16:11:00,2011-04-28 16:11:00,1,331.18,331.18,225,0,1,1,2,4,Other,0
15211,2010-12-09 16:08:00,2011-10-10 13:31:00,2,894.4100000000001,447.20500000000004,60,304,2,2,3,7,Other,0
15212,2011-04-12 13:45:00,2011-04-12 13:45:00,1,101.79999999999998,101.79999999999998,241,0,1,1,1,3,Other,0
15213,2011-01-14 11:05:00,2011-01-25 12:21:00,2,328.34999999999997,164.17499999999998,319,11,1,2,2,5,Other,0
15214,2011-04-11 09:46:00,2011-12-08 12:07:00,8,1661.44,207.68,2,241,4,4,4,12,Champions,1
15215,2011-09-04 12:24:00,2011-10-24 11:41:00,3,734.94,244.98000000000002,47,49,3,3,3,9,Loyal Customers,0
15216,2011-09-13 11:41:00,2011-09-13 11:41:00,1,96.6,96.6,88,0,2,1,1,4,Other,0
15218,2011-01-25 11:20:00,2011-11-29 11:48:00,11,5756.889999999999,523.3536363636363,11,308,4,4,4,12,Champions,1
15219,2011-06-16 16:57:00,2011-06-16 16:57:00,1,305.75,305.75,176,0,1,1,1,3,Other,0
15220,2011-03-04 10:24:00,2011-10-19 12:39:00,6,1778.96,296.49333333333334,52,229,2,4,4,10,At Risk,1
15221,2010-12-08 13:08:00,2010-12-08 13:08:00,1,403.25,403.25,366,0,1,1,2,4,Other,0
15222,2011-01-25 08:03:00,2011-01-25 08:03:00,1,585.0,585.0,319,0,1,1,2,4,Other,0
15223,2011-04-04 12:17:00,2011-04-28 11:31:00,2,755.75,377.875,226,23,1,2,3,6,Other,0
15224,2010-12-12 12:34:00,2010-12-16 15:02:00,2,322.08000000000004,161.04000000000002,358,4,1,2,2,5,Other,0
15225,2011-04-19 14:51:00,2011-04-19 14:51:00,1,409.40000000000003,409.40000000000003,234,0,1,1,2,4,Other,0
15226,2011-02-02 11:41:00,2011-02-02 11:41:00,1,154.41,154.41,311,0,1,1,1,3,Other,0
15227,2011-01-26 15:31:00,2011-11-03 11:59:00,5,1219.4,243.88000000000002,37,280,3,4,3,10,Loyal Customers,1
15228,2011-02-18 09:04:00,2011-10-04 13:56:00,4,3386.71,846.6775,66,228,2,3,4,9,At Risk,1
15230,2011-04-13 11:04:00,2011-04-14 14:39:00,2,429.6,214.8,239,1,1,2,2,5,Other,0
15232,2011-07-22 12:21:00,2011-08-18 16:27:00,2,612.06,306.03,113,27,2,2,2,6,Other,0
15234,2011-03-08 08:53:00,2011-03-08 08:53:00,1,197.0,197.0,277,0,1,1,1,3,Other,0
15235,2010-12-01 17:22:00,2011-05-06 09:44:00,12,2247.51,187.29250000000002,218,155,1,4,4,9,At Risk,1
15236,2011-02-14 10:52:00,2011-02-14 10:52:00,1,321.05,321.05,299,0,1,1,2,4,Other,0
15237,2011-04-26 15:04:00,2011-12-08 09:46:00,4,1412.32,353.08,2,225,4,3,3,10,Loyal Customers,1
15238,2011-06-08 16:00:00,2011-11-10 14:28:00,3,1071.99,357.33,29,154,3,3,3,9,Loyal Customers,1
15239,2011-09-22 09:53:00,2011-11-29 14:14:00,2,780.5899999999999,390.29499999999996,10,68,4,2,3,9,New / Promising,1
15240,2011-02-01 08:23:00,2011-10-26 09:50:00,5,1706.57,341.31399999999996,45,267,3,4,4,11,Loyal Customers,1
15241,2011-03-01 11:02:00,2011-10-04 09:05:00,8,1756.44,219.555,67,216,2,4,4,10,At Risk,1
15243,2011-09-26 14:12:00,2011-09-26 14:12:00,1,316.68,316.68,74,0,2,1,2,5,Other,0
15244,2011-04-05 15:12:00,2011-10-05 13:19:00,2,631.5699999999999,315.78499999999997,65,182,2,2,2,6,Other,0
15245,2011-03-23 13:42:00,2011-07-28 18:56:00,3,2515.84,838.6133333333333,134,127,2,3,4,9,At Risk,0
15246,2010-12-16 09:46:00,2011-04-15 14:45:00,2,514.1500000000001,257.07500000000005,238,120,1,2,2,5,Other,0
15247,2011-08-09 12:52:00,2011-08-09 12:52:00,1,356.0,356.0,122,0,2,1,2,5,Other,0
15249,2011-03-28 12:49:00,2011-11-08 11:45:00,13,6688.46,514.496923076923,32,224,3,4,4,11,Loyal Customers,1
15251,2011-04-12 10:38:00,2011-11-30 15:02:00,11,10484.99,953.180909090909,9,232,4,4,4,12,Champions,1
15252,2011-06-09 14:15:00,2011-11-03 13:30:00,2,740.78,370.39,36,146,3,2,3,8,New / Promising,0
15253,2011-06-23 12:19:00,2011-11-23 16:22:00,5,918.2,183.64000000000001,16,153,4,4,3,11,Champions,1
15254,2011-08-04 15:04:00,2011-08-04 15:04:00,1,300.36,300.36,127,0,2,1,1,4,Other,0
15255,2011-10-04 12:43:00,2011-10-04 12:43:00,1,890.85,890.85,67,0,2,1,3,6,Other,0
15256,2011-07-14 11:47:00,2011-07-14 11:47:00,1,98.45,98.45,149,0,1,1,1,3,Other,0
15257,2011-03-01 12:58:00,2011-03-01 12:58:00,1,317.15,317.15,283,0,1,1,2,4,Other,0
15258,2011-05-06 14:16:00,2011-06-24 12:30:00,2,623.1600000000001,311.58000000000004,169,48,1,2,2,5,Other,0
15260,2010-12-02 12:09:00,2011-08-31 13:55:00,7,1810.77,258.68142857142857,100,272,2,4,4,10,At Risk,1
15261,2011-07-27 15:20:00,2011-07-27 15:20:00,1,254.82,254.82,135,0,2,1,1,4,Other,0
15262,2011-01-20 12:16:00,2011-01-20 12:16:00,1,178.95000000000002,178.95000000000002,324,0,1,1,1,3,Other,0
15263,2011-08-25 10:26:00,2011-08-25 10:26:00,1,156.51,156.51,107,0,2,1,1,4,Other,0
15264,2011-10-06 13:49:00,2011-10-06 13:49:00,1,393.74,393.74,64,0,2,1,2,5,Other,0
15265,2011-04-18 12:16:00,2011-07-11 14:46:00,2,1506.12,753.06,151,84,1,2,3,6,Other,0
15266,2011-01-05 13:40:00,2011-01-05 13:40:00,1,119.3,119.3,338,0,1,1,1,3,Other,0
15267,2011-06-10 10:24:00,2011-11-17 15:59:00,5,1717.36,343.472,22,160,3,4,4,11,Loyal Customers,1
15269,2011-11-16 09:32:00,2011-11-16 09:32:00,1,408.8,408.8,24,0,3,1,2,6,New / Promising,0
15270,2011-02-02 13:25:00,2011-11-24 09:24:00,7,2379.49,339.9271428571428,16,294,4,4,4,12,Champions,1
15271,2010-12-09 13:47:00,2011-12-02 14:11:00,15,2493.34,166.22266666666667,7,358,4,4,4,12,Champions,1
15272,2011-09-14 16:36:00,2011-10-13 12:59:00,2,721.94,360.97,57,28,2,2,3,7,Other,0
15274,2011-11-21 14:17:00,2011-12-05 16:57:00,2,716.5699999999999,358.28499999999997,4,14,4,2,3,9,New / Promising,1
15275,2011-11-02 11:20:00,2011-11-02 11:20:00,1,615.14,615.14,38,0,3,1,2,6,New / Promising,0
15276,2011-10-04 16:39:00,2011-10-04 16:39:00,1,128.63,128.63,66,0,2,1,1,4,Other,0
15277,2011-10-24 10:08:00,2011-10-24 10:08:00,1,255.89999999999998,255.89999999999998,47,0,3,1,1,5,New / Promising,0
15279,2010-12-20 10:48:00,2010-12-20 10:48:00,1,290.51,290.51,355,0,1,1,1,3,Other,0
15280,2011-06-20 17:14:00,2011-06-20 17:14:00,1,113.12,113.12,172,0,1,1,1,3,Other,0
15281,2011-01-10 15:51:00,2011-10-12 09:10:00,9,2332.15,259.1277777777778,59,274,2,4,4,10,At Risk,1
15286,2011-10-21 11:08:00,2011-10-21 11:08:00,1,240.55,240.55,50,0,3,1,1,5,New / Promising,0
15287,2011-09-30 12:30:00,2011-11-17 15:34:00,2,486.69000000000005,243.34500000000003,22,48,3,2,2,7,New / Promising,0
15288,2010-12-09 13:59:00,2011-10-27 16:58:00,5,2306.52,461.304,43,322,3,4,4,11,Loyal Customers,1
15289,2011-04-04 12:44:00,2011-11-10 13:49:00,3,939.78,313.26,29,220,3,3,3,9,Loyal Customers,1
15290,2010-12-15 16:03:00,2011-12-05 11:39:00,18,7943.22,441.29,5,354,4,4,4,12,Champions,1
15291,2010-12-01 09:32:00,2011-11-14 11:02:00,15,4668.3,311.22,26,348,3,4,4,11,Loyal Customers,1
15292,2011-05-22 15:00:00,2011-05-22 15:00:00,1,178.39,178.39,201,0,1,1,1,3,Other,0
15296,2011-01-17 11:57:00,2011-10-20 11:47:00,6,3672.8599999999997,612.1433333333333,51,275,2,4,4,10,At Risk,1
15297,2011-10-07 09:42:00,2011-11-29 16:32:00,3,641.94,213.98000000000002,10,53,4,3,2,9,Loyal Customers,1
15298,2010-12-08 13:55:00,2011-12-07 17:17:00,12,4799.9,399.9916666666666,2,364,4,4,4,12,Champions,1
15299,2010-12-02 16:48:00,2011-10-03 14:19:00,7,4507.01,643.8585714285715,67,304,2,4,4,10,At Risk,1
15300,2011-10-06 17:08:00,2011-10-06 17:08:00,1,496.44,496.44,64,0,2,1,2,5,Other,0
15301,2010-12-06 12:21:00,2011-10-20 09:57:00,12,5049.95,420.82916666666665,51,317,2,4,4,10,At Risk,1
15303,2011-02-22 13:59:00,2011-02-22 13:59:00,1,574.02,574.02,290,0,1,1,2,4,Other,0
15304,2010-12-06 11:42:00,2011-10-10 10:23:00,8,694.4,86.8,61,307,2,4,3,9,At Risk,1
15306,2011-07-14 15:22:00,2011-10-06 12:56:00,3,1174.35,391.45,64,83,2,3,3,8,At Risk,0
15307,2011-09-05 11:38:00,2011-09-05 11:38:00,1,205.3,205.3,96,0,2,1,1,4,Other,0
15308,2011-03-10 13:08:00,2011-03-10 13:08:00,1,310.46999999999997,310.46999999999997,274,0,1,1,2,4,Other,0
15311,2010-12-01 09:41:00,2011-12-09 12:00:00,91,60632.75,666.2939560439561,1,373,4,4,4,12,Champions,1
15312,2010-12-20 12:51:00,2011-09-25 13:10:00,4,924.85,231.2125,75,279,2,3,3,8,At Risk,0
15313,2011-08-21 16:02:00,2011-08-21 16:02:00,1,52.0,52.0,110,0,2,1,1,4,Other,0
15314,2011-05-24 14:39:00,2011-05-24 14:39:00,1,327.97,327.97,199,0,1,1,2,4,Other,0
15315,2011-08-15 15:17:00,2011-10-06 12:51:00,2,570.5,285.25,64,51,2,2,2,6,Other,0
15316,2011-01-17 11:34:00,2011-01-17 11:34:00,1,165.0,165.0,327,0,1,1,1,3,Other,0
15318,2011-12-06 11:30:00,2011-12-06 11:30:00,1,312.62,312.62,4,0,4,1,2,7,New / Promising,0
15319,2011-03-01 12:48:00,2011-03-01 12:48:00,1,204.5,204.5,284,0,1,1,1,3,Other,0
15320,2011-10-26 13:27:00,2011-10-26 13:27:00,1,267.13,267.13,44,0,3,1,1,5,New / Promising,0
15321,2011-02-21 11:10:00,2011-09-30 09:40:00,3,2748.31,916.1033333333334,71,220,2,3,4,9,At Risk,1
15322,2011-09-15 09:34:00,2011-09-15 09:34:00,1,679.68,679.68,86,0,2,1,3,6,Other,0
15325,2011-08-28 11:55:00,2011-08-28 11:55:00,1,161.74,161.74,104,0,2,1,1,4,Other,0
15326,2011-01-10 11:38:00,2011-01-10 11:38:00,1,311.71,311.71,334,0,1,1,2,4,Other,0
15327,2011-10-18 11:55:00,2011-10-18 11:55:00,1,208.75,208.75,53,0,2,1,1,4,Other,0
15329,2011-06-21 10:37:00,2011-10-31 15:36:00,3,1049.7,349.90000000000003,39,132,3,3,3,9,Loyal Customers,0
15330,2011-10-10 12:30:00,2011-11-07 17:50:00,2,714.96,357.48,32,28,3,2,3,8,New / Promising,0
15332,2010-12-05 12:00:00,2010-12-08 14:43:00,4,1661.06,415.265,366,3,1,3,4,8,At Risk,0
15333,2011-05-15 13:27:00,2011-05-15 13:27:00,1,1028.56,1028.56,208,0,1,1,3,5,Other,0
15334,2011-06-19 13:51:00,2011-07-06 11:22:00,3,350.82,116.94,157,16,1,3,2,6,At Risk,0
15335,2011-10-17 12:50:00,2011-10-17 12:50:00,1,170.22,170.22,54,0,2,1,1,4,Other,0
15339,2011-01-25 13:15:00,2011-10-04 12:51:00,2,574.0699999999999,287.03499999999997,66,251,2,2,2,6,Other,0
15341,2011-09-20 09:40:00,2011-09-20 09:40:00,1,2020.52,2020.52,81,0,2,1,4,7,High Value,0
15342,2011-08-02 10:19:00,2011-08-02 10:19:00,1,406.09,406.09,130,0,2,1,2,5,Other,0
15343,2011-09-13 13:55:00,2011-09-13 13:55:00,1,364.5,364.5,87,0,2,1,2,5,Other,0
15344,2011-09-26 14:48:00,2011-12-09 10:45:00,3,563.9399999999999,187.98,1,73,4,3,2,9,Loyal Customers,1
15345,2011-10-25 11:28:00,2011-10-25 11:28:00,1,393.54,393.54,46,0,3,1,2,6,New / Promising,0
15346,2011-01-11 11:18:00,2011-01-11 11:18:00,1,252.42000000000002,252.42000000000002,333,0,1,1,1,3,Other,0
15347,2010-12-08 15:25:00,2010-12-08 15:25:00,1,201.60000000000002,201.60000000000002,366,0,1,1,1,3,Other,0
15348,2011-09-28 13:17:00,2011-09-28 13:17:00,1,158.04,158.04,72,0,2,1,1,4,Other,0
15349,2011-06-05 15:46:00,2011-07-04 16:06:00,2,463.90999999999997,231.95499999999998,158,29,1,2,2,5,Other,0
15350,2010-12-01 13:33:00,2010-12-01 13:33:00,1,115.65,115.65,373,0,1,1,1,3,Other,0
15351,2010-12-05 11:49:00,2011-11-27 12:52:00,7,1934.6600000000003,276.38000000000005,12,357,4,4,4,12,Champions,1
15353,2010-12-07 11:49:00,2011-03-30 12:15:00,2,770.12,385.06,255,113,1,2,3,6,Other,0
15355,2011-10-17 15:22:00,2011-11-10 13:44:00,2,277.05,138.525,29,23,3,2,1,6,New / Promising,0
15356,2010-12-06 14:05:00,2011-11-08 13:11:00,10,2718.03,271.803,31,336,3,4,4,11,Loyal Customers,1
15358,2010-12-09 10:04:00,2011-12-05 09:04:00,22,8347.2,379.41818181818184,5,360,4,4,4,12,Champions,1
15360,2011-10-31 09:35:00,2011-10-31 09:35:00,1,427.93,427.93,40,0,3,1,2,6,New / Promising,0
15361,2010-12-13 09:52:00,2010-12-13 09:52:00,1,418.92,418.92,362,0,1,1,2,4,Other,0
15363,2010-12-02 12:28:00,2010-12-02 12:28:00,1,326.0,326.0,373,0,1,1,2,4,Other,0
15364,2011-03-30 13:39:00,2011-09-05 09:46:00,2,913.19,456.595,96,158,2,2,3,7,Other,0
15365,2011-01-28 13:08:00,2011-11-14 08:29:00,7,2314.32,330.6171428571429,26,289,3,4,4,11,Loyal Customers,1
15366,2010-12-16 15:59:00,2011-09-25 15:01:00,2,602.51,301.255,75,282,2,2,2,6,Other,0
15367,2011-03-09 13:53:00,2011-10-13 14:13:00,4,1877.5900000000001,469.39750000000004,57,218,2,3,4,9,At Risk,1
15368,2011-11-18 14:42:00,2011-11-18 14:42:00,1,446.94000000000005,446.94000000000005,21,0,3,1,2,6,New / Promising,0
15370,2011-01-11 11:32:00,2011-10-30 10:58:00,7,2386.05,340.86428571428576,41,291,3,4,4,11,Loyal Customers,1
15372,2011-07-25 16:39:00,2011-07-25 16:39:00,1,2007.3999999999999,2007.3999999999999,137,0,2,1,4,7,High Value,0
15373,2010-12-03 14:40:00,2011-12-01 15:05:00,12,2415.91,201.32583333333332,8,363,4,4,4,12,Champions,1
15374,2011-08-03 09:59:00,2011-08-03 09:59:00,1,168.0,168.0,129,0,2,1,1,4,Other,0
15376,2011-05-01 13:45:00,2011-10-30 15:04:00,3,1221.56,407.18666666666667,40,182,3,3,3,9,Loyal Customers,1
15379,2010-12-16 13:02:00,2011-06-23 13:13:00,7,3703.29,529.0414285714286,169,189,1,4,4,9,At Risk,1
15380,2010-12-09 15:01:00,2011-12-01 12:13:00,5,1690.2600000000002,338.052,9,356,4,4,4,12,Champions,1
15381,2011-03-16 13:44:00,2011-05-10 11:55:00,2,596.8499999999999,298.42499999999995,214,54,1,2,2,5,Other,0
15382,2011-02-17 12:01:00,2011-11-25 10:58:00,6,5955.71,992.6183333333333,15,280,4,4,4,12,Champions,1
15384,2010-12-15 11:34:00,2011-06-23 10:57:00,2,642.41,321.205,170,189,1,2,2,5,Other,0
15385,2011-10-30 15:11:00,2011-10-30 15:11:00,1,316.88,316.88,40,0,3,1,2,6,New / Promising,0
15386,2011-06-06 13:47:00,2011-06-06 13:47:00,1,394.14,394.14,186,0,1,1,2,4,Other,0
15388,2011-03-14 13:53:00,2011-03-14 13:53:00,1,140.54,140.54,270,0,1,1,1,3,Other,0
15389,2011-06-20 16:18:00,2011-06-20 16:18:00,1,500.0,500.0,172,0,1,1,2,4,Other,0
15392,2010-12-14 15:50:00,2011-12-05 11:01:00,4,1535.53,383.8825,5,355,4,3,3,10,Loyal Customers,1
15393,2011-03-03 16:58:00,2011-11-23 16:48:00,2,231.86,115.93,16,264,4,2,1,7,New / Promising,0
15394,2010-12-16 12:46:00,2011-11-30 11:49:00,4,2183.54,545.885,10,348,4,3,4,11,Loyal Customers,1
15395,2011-01-18 12:40:00,2011-01-18 12:40:00,1,107.45,107.45,326,0,1,1,1,3,Other,0
15396,2011-08-19 10:56:00,2011-08-19 10:56:00,1,288.18,288.18,113,0,2,1,1,4,Other,0
15397,2011-02-23 09:25:00,2011-02-23 09:25:00,1,94.0,94.0,290,0,1,1,1,3,Other,0
15398,2011-09-22 14:56:00,2011-11-23 16:47:00,2,1345.5300000000002,672.7650000000001,16,62,4,2,3,9,New / Promising,1
15399,2011-09-21 15:57:00,2011-12-08 13:04:00,3,815.77,271.92333333333335,1,77,4,3,3,10,Loyal Customers,1
15400,2011-03-06 11:27:00,2011-09-08 13:57:00,5,716.2,143.24,92,186,2,4,3,9,At Risk,0
15402,2011-05-27 13:32:00,2011-07-14 12:17:00,2,626.77,313.385,149,47,1,2,2,5,Other,0
15405,2011-06-03 14:44:00,2011-06-03 14:44:00,1,349.1,349.1,189,0,1,1,2,4,Other,0
15406,2011-02-11 16:19:00,2011-11-08 13:22:00,2,510.71000000000004,255.35500000000002,31,269,3,2,2,7,New / Promising,0
15407,2011-02-07 13:18:00,2011-11-06 11:55:00,4,1046.74,261.685,34,271,3,3,3,9,Loyal Customers,1
15408,2011-03-20 15:02:00,2011-03-20 15:02:00,1,267.18,267.18,264,0,1,1,1,3,Other,0
15410,2011-03-23 10:15:00,2011-09-16 14:47:00,8,3450.84,431.355,84,177,2,4,4,10,At Risk,1
15411,2011-06-10 12:30:00,2011-11-13 15:19:00,4,1348.93,337.2325,26,156,3,3,3,9,Loyal Customers,1
15412,2011-06-21 15:24:00,2011-06-21 15:24:00,1,190.53,190.53,171,0,1,1,1,3,Other,0
15414,2011-04-11 13:45:00,2011-11-30 09:50:00,3,774.9000000000001,258.3,10,232,4,3,3,10,Loyal Customers,1
15415,2011-01-30 14:13:00,2011-01-30 14:13:00,1,559.61,559.61,313,0,1,1,2,4,Other,0
15416,2011-03-02 08:41:00,2011-10-06 09:38:00,4,3984.32,996.08,65,218,2,3,4,9,At Risk,1
15417,2011-09-15 15:26:00,2011-09-15 15:26:00,1,508.8,508.8,85,0,2,1,2,5,Other,0
15419,2011-11-15 09:23:00,2011-11-15 09:23:00,1,135.85999999999999,135.85999999999999,25,0,3,1,1,5,New / Promising,0
15421,2011-02-02 14:36:00,2011-10-12 09:20:00,4,950.36,237.59,59,251,2,3,3,8,At Risk,0
15422,2011-01-20 14:17:00,2011-01-20 16:17:00,2,97.7,48.85,323,0,1,2,1,4,Other,0
15423,2011-11-01 14:01:00,2011-11-01 14:01:00,1,43.5,43.5,38,0,3,1,1,5,New / Promising,0
15424,2011-03-30 13:00:00,2011-03-30 13:02:00,2,383.34000000000003,191.67000000000002,254,0,1,2,2,5,Other,0
15426,2010-12-05 13:55:00,2011-11-20 15:36:00,5,1404.07,280.81399999999996,19,350,3,4,3,10,Loyal Customers,1
15427,2011-10-23 14:47:00,2011-11-06 14:29:00,3,1430.54,476.84666666666664,33,13,3,3,3,9,Loyal Customers,1
15428,2011-11-24 16:54:00,2011-11-24 16:54:00,1,93.78,93.78,15,0,4,1,1,6,New / Promising,0
15429,2011-09-25 13:42:00,2011-11-13 12:28:00,2,397.35,198.675,27,48,3,2,2,7,New / Promising,0
15432,2011-11-16 16:30:00,2011-11-16 16:30:00,1,171.19,171.19,23,0,3,1,1,5,New / Promising,0
15433,2011-03-17 14:12:00,2011-05-10 10:45:00,2,533.3,266.65,214,53,1,2,2,5,Other,0
15434,2011-05-23 14:18:00,2011-12-01 13:33:00,5,1041.48,208.296,8,191,4,4,3,11,Champions,1
15435,2011-11-17 16:39:00,2011-11-17 16:39:00,1,149.29,149.29,22,0,3,1,1,5,New / Promising,0
15436,2011-04-19 16:52:00,2011-11-27 16:05:00,3,1067.75,355.9166666666667,12,221,4,3,3,10,Loyal Customers,1
15437,2011-03-22 13:11:00,2011-03-22 13:11:00,1,200.16,200.16,262,0,1,1,1,3,Other,0
15438,2011-07-31 14:19:00,2011-07-31 14:19:00,1,156.58,156.58,131,0,2,1,1,4,Other,0
15440,2011-05-15 11:30:00,2011-10-16 12:16:00,3,383.68,127.89333333333333,55,154,2,3,2,7,At Risk,0
15442,2011-04-05 12:24:00,2011-04-05 12:24:00,1,594.0,594.0,249,0,1,1,2,4,Other,0
15443,2011-01-23 13:25:00,2011-12-08 10:40:00,7,3213.59,459.0842857142857,2,318,4,4,4,12,Champions,1
15444,2011-10-30 16:12:00,2011-11-30 17:37:00,2,1411.21,705.605,9,31,4,2,3,9,New / Promising,1
15445,2011-03-20 15:06:00,2011-03-20 15:06:00,1,113.5,113.5,264,0,1,1,1,3,Other,0
15447,2011-01-13 11:26:00,2011-01-13 11:26:00,1,155.17,155.17,331,0,1,1,1,3,Other,0
15448,2011-01-31 10:42:00,2011-01-31 10:42:00,1,494.64,494.64,313,0,1,1,2,4,Other,0
15449,2011-03-23 10:43:00,2011-11-13 15:02:00,3,974.52,324.84,26,235,3,3,3,9,Loyal Customers,1
15450,2011-11-09 17:11:00,2011-11-09 17:11:00,1,429.84,429.84,30,0,3,1,2,6,New / Promising,0
15452,2011-03-20 15:21:00,2011-11-10 12:13:00,3,528.48,176.16,30,234,3,3,2,8,Loyal Customers,0
15453,2011-06-05 12:37:00,2011-12-08 10:59:00,7,1371.77,195.96714285714285,2,185,4,4,3,11,Champions,1
15454,2010-12-12 14:21:00,2010-12-12 14:21:00,1,179.1,179.1,362,0,1,1,1,3,Other,0
15456,2010-12-15 15:34:00,2011-03-01 13:51:00,3,434.59,144.86333333333332,283,75,1,3,2,6,At Risk,0
15457,2011-03-22 15:31:00,2011-03-22 15:31:00,1,237.07,237.07,262,0,1,1,1,3,Other,0
15458,2011-11-14 13:08:00,2011-11-14 13:08:00,1,161.64,161.64,25,0,3,1,1,5,New / Promising,0
15460,2010-12-20 16:08:00,2010-12-20 16:08:00,1,214.26,214.26,354,0,1,1,1,3,Other,0
15462,2011-06-05 15:36:00,2011-09-06 13:11:00,3,234.6,78.2,94,92,2,3,1,6,At Risk,0
15463,2011-11-10 12:57:00,2011-11-10 12:57:00,1,126.14,126.14,29,0,3,1,1,5,New / Promising,0
15464,2011-01-05 15:56:00,2011-01-05 15:56:00,1,1044.65,1044.65,338,0,1,1,3,5,Other,0
15465,2010-12-05 10:12:00,2011-11-20 10:11:00,18,7354.62,408.59,20,349,3,4,4,11,Loyal Customers,1
15466,2011-09-15 14:08:00,2011-09-15 14:08:00,1,334.53,334.53,85,0,2,1,2,5,Other,0
15467,2011-07-10 14:42:00,2011-11-30 14:17:00,3,524.88,174.96,9,142,4,3,2,9,Loyal Customers,1
15468,2011-10-19 13:38:00,2011-10-19 13:49:00,2,467.51,233.755,51,0,2,2,2,6,Other,0
15469,2011-08-11 16:54:00,2011-10-20 16:21:00,2,538.55,269.275,50,69,3,2,2,7,New / Promising,0
15471,2011-12-07 14:12:00,2011-12-07 14:12:00,1,454.48,454.48,2,0,4,1,2,7,New / Promising,0
15472,2011-08-18 15:17:00,2011-08-18 15:17:00,1,371.56,371.56,113,0,2,1,2,5,Other,0
15473,2011-10-10 11:12:00,2011-11-25 15:15:00,7,1771.2,253.02857142857144,14,46,4,4,4,12,Champions,1
15475,2011-09-23 15:20:00,2011-09-23 15:20:00,1,454.11,454.11,77,0,2,1,2,5,Other,0
15478,2011-10-14 11:09:00,2011-10-30 14:19:00,2,1399.92,699.96,40,16,3,2,3,8,New / Promising,0
15480,2011-08-15 14:32:00,2011-08-15 14:32:00,1,905.5,905.5,116,0,2,1,3,6,Other,0
15482,2010-12-16 10:08:00,2011-11-24 10:46:00,12,10879.76,906.6466666666666,16,343,4,4,4,12,Champions,1
15483,2011-03-18 12:26:00,2011-07-01 13:07:00,4,225.26,56.315,161,105,1,3,1,5,At Risk,0
15484,2011-09-22 13:31:00,2011-12-08 15:03:00,4,3590.41,897.6025,1,77,4,3,4,11,Loyal Customers,1
15485,2010-12-01 13:23:00,2011-11-09 14:31:00,3,2564.5,854.8333333333334,30,343,3,3,4,10,Loyal Customers,1
15488,2011-09-08 10:11:00,2011-09-08 10:11:00,1,91.32000000000001,91.32000000000001,93,0,2,1,1,4,Other,0
15489,2011-05-12 12:54:00,2011-11-17 08:53:00,3,1134.28,378.0933333333333,23,188,3,3,3,9,Loyal Customers,1
15491,2011-04-18 10:04:00,2011-09-05 15:56:00,6,3100.09,516.6816666666667,95,140,2,4,4,10,At Risk,1
15492,2011-09-26 14:02:00,2011-11-11 14:53:00,2,659.46,329.73,28,46,3,2,2,7,New / Promising,0
15493,2011-03-14 11:44:00,2011-11-07 12:04:00,5,1953.4099999999999,390.68199999999996,33,238,3,4,4,11,Loyal Customers,1
15494,2011-08-10 15:29:00,2011-11-18 14:51:00,2,1280.5800000000002,640.2900000000001,21,99,3,2,3,8,New / Promising,1
15497,2011-01-24 10:01:00,2011-11-22 11:51:00,2,1262.2,631.1,18,302,3,2,3,8,New / Promising,1
15498,2010-12-08 12:29:00,2011-12-07 12:48:00,27,13316.4,493.2,3,364,4,4,4,12,Champions,1
15500,2011-09-19 13:47:00,2011-12-01 13:47:00,4,1131.56,282.89,8,73,4,3,3,10,Loyal Customers,1
15502,2010-12-05 15:40:00,2011-11-24 12:48:00,12,10384.93,865.4108333333334,16,353,4,4,4,12,Champions,1
15503,2010-12-12 10:57:00,2010-12-12 10:57:00,1,141.04,141.04,363,0,1,1,1,3,Other,0
15504,2011-09-19 13:45:00,2011-09-19 13:45:00,1,52.83,52.83,81,0,2,1,1,4,Other,0
15505,2011-07-07 13:33:00,2011-10-18 07:56:00,5,3610.96,722.192,53,102,2,4,4,10,At Risk,1
15506,2011-07-24 11:45:00,2011-11-17 12:11:00,3,972.0799999999999,324.02666666666664,23,116,3,3,3,9,Loyal Customers,1
15507,2011-06-21 11:19:00,2011-06-21 11:19:00,1,475.86,475.86,172,0,1,1,2,4,Other,0
15508,2011-04-18 15:31:00,2011-06-03 15:43:00,6,1000.27,166.71166666666667,189,46,1,4,3,8,At Risk,0
15510,2011-01-13 12:10:00,2011-01-13 12:10:00,1,250.0,250.0,331,0,1,1,1,3,Other,0
15511,2011-09-15 15:05:00,2011-11-28 09:43:00,5,900.53,180.106,12,73,4,4,3,11,Champions,1
15512,2010-12-15 12:01:00,2011-07-07 10:20:00,2,120.99999999999999,60.49999999999999,156,203,1,2,1,4,Other,0
15513,2010-12-01 11:22:00,2011-11-06 14:36:00,19,14758.220000000001,776.7484210526317,33,340,3,4,4,11,Loyal Customers,1
15514,2010-12-10 13:50:00,2011-11-27 14:40:00,11,4023.72,365.79272727272723,12,352,4,4,4,12,Champions,1
15516,2011-10-24 11:33:00,2011-10-26 10:51:00,3,62.43,20.81,45,1,3,3,1,7,Loyal Customers,0
15517,2011-04-20 14:02:00,2011-04-20 14:02:00,1,267.03,267.03,233,0,1,1,1,3,Other,0
15518,2011-01-11 12:55:00,2011-10-06 13:05:00,8,1921.55,240.19375,64,268,2,4,4,10,At Risk,1
15520,2011-12-08 10:58:00,2011-12-08 10:58:00,1,343.5,343.5,2,0,4,1,2,7,New / Promising,0
15521,2011-03-30 09:15:00,2011-10-30 13:42:00,8,3000.2,375.025,40,214,3,4,4,11,Loyal Customers,1
15522,2011-09-13 12:26:00,2011-11-07 11:26:00,2,397.99,198.995,33,54,3,2,2,7,New / Promising,0
15523,2011-09-16 16:29:00,2011-09-16 16:29:00,1,412.01,412.01,84,0,2,1,2,5,Other,0
15524,2011-11-15 12:09:00,2011-11-15 12:09:00,1,440.0,440.0,25,0,3,1,2,6,New / Promising,0
15525,2010-12-01 13:17:00,2011-12-07 14:43:00,3,734.37,244.79,2,371,4,3,3,10,Loyal Customers,1
15526,2011-11-06 15:01:00,2011-11-06 15:04:00,2,148.44,74.22,33,0,3,2,1,6,New / Promising,0
15527,2010-12-20 14:15:00,2011-11-21 12:17:00,8,2428.53,303.56625,19,335,3,4,4,11,Loyal Customers,1
15528,2011-03-30 16:14:00,2011-03-30 16:14:00,1,229.33,229.33,254,0,1,1,1,3,Other,0
15529,2010-12-08 12:24:00,2011-11-17 11:29:00,11,3962.6,360.23636363636365,23,343,3,4,4,11,Loyal Customers,1
15530,2011-04-07 11:16:00,2011-11-18 12:25:00,4,1497.31,374.3275,22,225,3,3,3,9,Loyal Customers,1
15531,2011-11-09 17:47:00,2011-12-01 18:43:00,2,1972.3899999999999,986.1949999999999,8,22,4,2,4,10,New / Promising,1
15532,2010-12-16 16:45:00,2011-11-14 14:51:00,4,1564.73,391.1825,25,332,3,3,3,9,Loyal Customers,1
15533,2011-09-11 15:41:00,2011-11-20 15:35:00,3,807.5699999999999,269.19,19,69,3,3,3,9,Loyal Customers,1
15535,2011-01-16 12:35:00,2011-06-19 16:02:00,4,502.9,125.725,173,154,1,3,2,6,At Risk,0
15537,2011-06-29 13:10:00,2011-06-29 13:10:00,1,110.92,110.92,163,0,1,1,1,3,Other,0
15539,2011-12-02 13:36:00,2011-12-02 13:36:00,1,538.46,538.46,7,0,4,1,2,7,New / Promising,0
15540,2011-11-28 13:51:00,2011-11-28 13:51:00,1,213.3,213.3,11,0,4,1,1,6,New / Promising,0
15541,2011-08-17 14:58:00,2011-08-17 14:58:00,1,85.13000000000001,85.13000000000001,114,0,2,1,1,4,Other,0
15543,2011-02-24 15:26:00,2011-02-24 15:26:00,1,127.86,127.86,288,0,1,1,1,3,Other,0
15544,2010-12-02 12:47:00,2011-11-30 16:43:00,9,3546.71,394.0788888888889,9,363,4,4,4,12,Champions,1
15545,2010-12-03 17:28:00,2011-10-16 13:24:00,2,288.96999999999997,144.48499999999999,54,316,2,2,1,5,Other,0
15547,2010-12-12 13:26:00,2011-12-02 12:52:00,14,4910.6,350.75714285714287,7,354,4,4,4,12,Champions,1
15549,2011-01-27 15:38:00,2011-09-23 16:22:00,3,1681.46,560.4866666666667,77,239,2,3,4,9,At Risk,0
15550,2011-02-11 12:49:00,2011-12-05 15:38:00,4,575.63,143.9075,4,297,4,3,2,9,Loyal Customers,1
15551,2011-11-03 12:37:00,2011-11-03 12:37:00,1,436.06,436.06,37,0,3,1,2,6,New / Promising,0
15552,2011-05-06 14:47:00,2011-05-06 14:47:00,1,90.12,90.12,217,0,1,1,1,3,Other,0
15553,2011-10-10 14:02:00,2011-10-10 14:02:00,1,428.93,428.93,60,0,2,1,2,5,Other,0
15554,2011-03-07 09:00:00,2011-03-07 09:00:00,1,217.2,217.2,278,0,1,1,1,3,Other,0
15555,2010-12-05 14:45:00,2011-11-27 16:19:00,16,4794.86,299.67875,12,357,4,4,4,12,Champions,1
15556,2011-11-15 16:08:00,2011-11-15 16:08:00,1,279.77,279.77,24,0,3,1,1,5,New / Promising,0
15557,2011-11-11 12:46:00,2011-11-11 12:46:00,1,468.91,468.91,29,0,3,1,2,6,New / Promising,0
15561,2011-05-08 11:38:00,2011-11-28 11:07:00,4,800.59,200.1475,12,203,4,3,3,10,Loyal Customers,1
15562,2010-12-23 09:55:00,2010-12-23 09:55:00,1,134.55,134.55,352,0,1,1,1,3,Other,0
15563,2010-12-16 11:27:00,2011-11-17 14:50:00,4,1400.44,350.11,22,336,3,3,3,9,Loyal Customers,1
15565,2011-09-30 10:44:00,2011-10-20 14:33:00,2,173.16000000000003,86.58000000000001,50,20,3,2,1,6,New / Promising,0
15567,2011-11-21 10:48:00,2011-11-21 10:48:00,1,186.01,186.01,19,0,3,1,1,5,New / Promising,0
15568,2011-09-27 14:37:00,2011-12-07 11:27:00,3,758.2900000000001,252.76333333333335,3,70,4,3,3,10,Loyal Customers,1
15569,2011-01-11 13:26:00,2011-08-28 10:15:00,5,1375.71,275.142,104,228,2,4,3,9,At Risk,1
15570,2010-12-05 12:57:00,2011-12-02 14:47:00,12,4148.82,345.73499999999996,7,362,4,4,4,12,Champions,1
15571,2011-09-22 13:15:00,2011-11-28 10:02:00,4,650.4300000000001,162.60750000000002,12,66,4,3,2,9,Loyal Customers,1
15572,2011-03-06 14:44:00,2011-12-05 10:09:00,7,2533.42,361.9171428571429,5,273,4,4,4,12,Champions,1
15573,2011-09-15 12:16:00,2011-11-08 11:38:00,2,591.1899999999999,295.59499999999997,32,53,3,2,2,7,New / Promising,0
15574,2010-12-02 15:46:00,2011-06-15 12:01:00,4,675.64,168.91,178,194,1,3,3,7,At Risk,0
15576,2011-11-02 12:03:00,2011-11-02 12:03:00,1,921.37,921.37,38,0,3,1,3,7,New / Promising,0
15577,2011-02-07 13:32:00,2011-07-11 17:03:00,3,258.88,86.29333333333334,151,154,1,3,1,5,At Risk,0
15578,2011-06-30 13:03:00,2011-06-30 13:03:00,1,127.1,127.1,162,0,1,1,1,3,Other,0
15579,2011-01-30 12:09:00,2011-10-02 12:45:00,2,327.6,163.8,69,245,2,2,2,6,Other,0
15581,2010-12-08 14:38:00,2011-08-11 09:38:00,13,3675.77,282.7515384615385,121,245,2,4,4,10,At Risk,1
15582,2011-05-03 13:36:00,2011-11-15 09:55:00,3,682.9100000000001,227.63666666666668,25,195,3,3,3,9,Loyal Customers,0
15584,2011-06-30 16:39:00,2011-11-16 10:55:00,4,720.86,180.215,24,138,3,3,3,9,Loyal Customers,1
15585,2011-06-16 08:38:00,2011-06-16 08:38:00,1,455.3,455.3,177,0,1,1,2,4,Other,0
15587,2010-12-23 09:59:00,2011-10-20 13:37:00,4,913.68,228.42,50,301,3,3,3,9,Loyal Customers,1
15589,2011-02-02 10:46:00,2011-03-29 09:54:00,3,478.53,159.51,256,54,1,3,2,6,At Risk,0
15592,2011-10-24 08:59:00,2011-10-24 08:59:00,1,388.58,388.58,47,0,3,1,2,6,New / Promising,0
15593,2011-09-30 11:46:00,2011-09-30 11:46:00,1,199.8,199.8,71,0,2,1,1,4,Other,0
15594,2011-04-19 10:08:00,2011-11-24 08:53:00,5,1771.78,354.356,16,218,4,4,4,12,Champions,1
15596,2010-12-09 16:10:00,2011-08-31 10:55:00,5,1406.59,281.318,101,264,2,4,3,9,At Risk,1
15597,2011-11-04 13:26:00,2011-11-04 13:26:00,1,324.57,324.57,35,0,3,1,2,6,New / Promising,0
15598,2011-10-17 16:04:00,2011-10-17 16:04:00,1,240.68,240.68,53,0,2,1,1,4,Other,0
15599,2011-05-19 13:05:00,2011-11-13 11:44:00,2,761.74,380.87,27,177,3,2,3,8,New / Promising,0
15601,2010-12-02 10:39:00,2011-11-28 15:15:00,14,6776.56,484.04,11,361,4,4,4,12,Champions,1
15602,2010-12-06 15:35:00,2011-12-01 14:14:00,9,1297.87,144.20777777777778,8,359,4,4,3,11,Champions,1
15603,2011-09-22 10:04:00,2011-09-22 10:04:00,1,48.480000000000004,48.480000000000004,79,0,2,1,1,4,Other,0
15604,2011-10-18 14:47:00,2011-10-18 14:47:00,1,216.39,216.39,52,0,2,1,1,4,Other,0
15605,2010-12-01 13:38:00,2011-11-03 14:17:00,5,1198.23,239.64600000000002,36,337,3,4,3,10,Loyal Customers,1
15606,2011-01-19 12:07:00,2011-10-09 15:47:00,9,2920.16,324.4622222222222,61,263,2,4,4,10,At Risk,1
15607,2011-01-07 12:44:00,2011-01-07 12:44:00,1,104.76,104.76,337,0,1,1,1,3,Other,0
15608,2011-08-11 09:56:00,2011-11-11 13:20:00,4,1093.68,273.42,28,92,3,3,3,9,Loyal Customers,1
15609,2011-06-08 13:00:00,2011-06-08 13:00:00,1,298.48,298.48,184,0,1,1,1,3,Other,0
15610,2011-10-19 10:36:00,2011-10-19 10:36:00,1,112.46000000000001,112.46000000000001,52,0,2,1,1,4,Other,0
15611,2011-01-09 11:32:00,2011-11-30 12:36:00,13,1591.45,122.41923076923078,10,325,4,4,3,11,Champions,1
15612,2011-10-09 12:49:00,2011-11-03 14:52:00,2,195.15,97.575,36,25,3,2,1,6,New / Promising,0
15615,2010-12-15 16:21:00,2011-11-29 14:42:00,23,10399.74,452.1626086956522,10,348,4,4,4,12,Champions,1
15618,2011-07-26 10:13:00,2011-11-07 08:34:00,4,776.851,194.21275,33,103,3,3,3,9,Loyal Customers,1
15619,2011-11-29 08:14:00,2011-11-29 08:14:00,1,336.40000000000003,336.40000000000003,11,0,4,1,2,7,New / Promising,0
15620,2010-12-16 14:34:00,2011-10-14 12:41:00,3,1553.1799999999998,517.7266666666666,57,301,2,3,3,8,At Risk,1
15621,2011-11-18 11:49:00,2011-12-05 14:01:00,4,1293.03,323.2575,4,17,4,3,3,10,Loyal Customers,1
15622,2011-03-02 13:42:00,2011-10-27 16:44:00,9,3709.56,412.17333333333335,43,239,3,4,4,11,Loyal Customers,1
15623,2011-07-21 17:26:00,2011-07-21 17:26:00,1,301.03,301.03,141,0,2,1,1,4,Other,0
15624,2011-03-28 13:32:00,2011-08-15 11:38:00,4,588.13,147.0325,117,139,2,3,2,7,At Risk,0
15625,2011-04-18 14:01:00,2011-08-28 10:21:00,4,1534.2599999999998,383.56499999999994,104,131,2,3,3,8,At Risk,0
15626,2011-01-14 10:10:00,2011-09-26 10:03:00,2,675.8,337.9,75,254,2,2,3,7,Other,0
15628,2010-12-08 09:51:00,2011-12-05 10:24:00,9,2870.2400000000002,318.91555555555556,5,362,4,4,4,12,Champions,1
15630,2011-05-19 10:16:00,2011-10-25 15:36:00,2,1186.35,593.175,45,159,3,2,3,8,New / Promising,0
15632,2011-03-10 08:29:00,2011-11-24 09:51:00,8,3285.31,410.66375,16,259,4,4,4,12,Champions,1
15634,2011-11-22 16:28:00,2011-11-22 16:28:00,1,243.55,243.55,17,0,4,1,1,6,New / Promising,0
15636,2011-03-02 14:50:00,2011-09-11 11:17:00,2,724.76,362.38,90,192,2,2,3,7,Other,0
15637,2011-10-18 08:28:00,2011-10-18 08:28:00,1,223.36,223.36,53,0,2,1,1,4,Other,0
15639,2011-07-28 14:30:00,2011-07-28 14:30:00,1,425.32,425.32,134,0,2,1,2,5,Other,0
15640,2010-12-02 15:40:00,2011-12-05 14:35:00,15,12416.11,827.7406666666667,4,367,4,4,4,12,Champions,1
15641,2010-12-15 14:45:00,2011-08-26 14:04:00,4,1887.2000000000003,471.80000000000007,105,253,2,3,4,9,At Risk,1
15643,2011-03-02 14:34:00,2011-06-01 07:38:00,3,664.0,221.33333333333334,192,90,1,3,2,6,At Risk,0
15644,2011-03-23 15:37:00,2011-06-26 14:54:00,4,803.54,200.885,166,94,1,3,3,7,At Risk,0
15645,2011-11-21 11:55:00,2011-11-21 11:55:00,1,612.01,612.01,19,0,3,1,2,6,New / Promising,0
15646,2010-12-02 16:59:00,2011-07-05 09:53:00,3,447.64000000000004,149.21333333333334,158,214,1,3,2,6,At Risk,0
15648,2011-03-17 18:59:00,2011-05-19 15:53:00,2,639.5,319.75,204,62,1,2,2,5,Other,0
15649,2010-12-07 10:06:00,2011-01-07 13:34:00,2,816.0,408.0,336,31,1,2,3,6,Other,0
15651,2011-03-24 08:56:00,2011-11-03 08:41:00,3,646.3000000000001,215.43333333333337,37,223,3,3,2,8,Loyal Customers,0
15652,2011-09-09 14:22:00,2011-09-09 14:22:00,1,337.74,337.74,91,0,2,1,2,5,Other,0
15653,2011-08-16 09:50:00,2011-09-08 10:49:00,2,877.4399999999999,438.71999999999997,93,23,2,2,3,7,Other,0
15654,2011-11-13 15:15:00,2011-11-30 13:08:00,2,922.53,461.265,9,16,4,2,3,9,New / Promising,1
15655,2011-04-10 15:25:00,2011-04-10 15:25:00,1,560.6700000000001,560.6700000000001,243,0,1,1,2,4,Other,0
15656,2011-02-28 15:32:00,2011-10-25 14:56:00,4,748.5,187.125,45,238,3,3,3,9,Loyal Customers,0
15657,2011-11-17 12:19:00,2011-11-17 12:19:00,1,30.0,30.0,23,0,3,1,1,5,New / Promising,0
15658,2010-12-02 10:53:00,2011-06-02 15:22:00,5,1024.1,204.82,190,182,1,4,3,8,At Risk,0
15659,2011-10-27 09:23:00,2011-10-27 09:23:00,1,306.45,306.45,44,0,3,1,1,5,New / Promising,0
15660,2010-12-09 09:49:00,2011-11-14 16:58:00,9,1600.8600000000001,177.87333333333333,25,340,3,4,3,10,Loyal Customers,1
15661,2011-01-05 12:32:00,2011-01-26 13:56:00,2,309.79999999999995,154.89999999999998,317,21,1,2,2,5,Other,0
15663,2011-08-25 15:50:00,2011-08-25 15:50:00,1,138.14,138.14,106,0,2,1,1,4,Other,0
15664,2011-10-20 10:57:00,2011-10-20 10:57:00,1,386.43,386.43,51,0,2,1,2,5,Other,0
15665,2011-04-10 15:09:00,2011-06-24 14:57:00,2,2222.21,1111.105,168,74,1,2,4,7,High Value,0
15667,2011-10-31 10:56:00,2011-10-31 10:56:00,1,301.32,301.32,40,0,3,1,1,5,New / Promising,0
15668,2011-05-06 10:39:00,2011-05-06 10:39:00,1,76.32000000000001,76.32000000000001,218,0,1,1,1,3,Other,0
15669,2011-03-21 09:13:00,2011-10-30 16:03:00,4,684.34,171.085,40,223,3,3,3,9,Loyal Customers,0
15670,2011-02-16 10:50:00,2011-02-16 10:50:00,1,173.05,173.05,297,0,1,1,1,3,Other,0
15671,2011-03-14 09:37:00,2011-11-21 12:43:00,7,2657.13,379.59000000000003,19,252,3,4,4,11,Loyal Customers,1
15673,2011-01-16 16:25:00,2011-09-12 16:12:00,4,2726.23,681.5575,88,238,2,3,4,9,At Risk,1
15674,2011-03-30 09:19:00,2011-09-27 15:17:00,5,2446.6000000000004,489.32000000000005,73,181,2,4,4,10,At Risk,1
15675,2011-03-04 14:21:00,2011-09-19 13:48:00,3,323.69,107.89666666666666,81,198,2,3,2,7,At Risk,0
15676,2011-03-01 10:19:00,2011-11-21 12:40:00,3,3435.76,1145.2533333333333,19,265,3,3,4,10,Loyal Customers,1
15677,2011-10-21 15:36:00,2011-10-21 15:36:00,1,657.23,657.23,49,0,3,1,2,6,New / Promising,0
15678,2011-10-18 09:25:00,2011-10-18 09:25:00,1,352.7,352.7,53,0,2,1,2,5,Other,0
15679,2011-06-10 08:24:00,2011-11-15 16:19:00,4,781.28,195.32,24,158,3,3,3,9,Loyal Customers,1
15680,2010-12-08 14:43:00,2011-11-30 13:46:00,3,1333.68,444.56,9,356,4,3,3,10,Loyal Customers,1
15681,2011-03-04 13:46:00,2011-11-14 16:30:00,5,1426.16,285.232,25,255,3,4,3,10,Loyal Customers,1
15683,2011-08-14 12:56:00,2011-08-14 12:56:00,1,193.75,193.75,117,0,2,1,1,4,Other,0
15687,2011-01-13 15:13:00,2011-12-01 08:33:00,9,2993.1,332.56666666666666,9,321,4,4,4,12,Champions,1
15689,2010-12-13 09:57:00,2011-08-12 09:37:00,2,254.1,127.05,120,241,2,2,1,5,Other,0
15690,2011-08-31 11:40:00,2011-12-05 15:59:00,2,239.76,119.88,4,96,4,2,1,7,New / Promising,0
15691,2011-04-01 15:13:00,2011-04-01 15:13:00,1,136.8,136.8,252,0,1,1,1,3,Other,0
15692,2011-11-11 14:12:00,2011-11-11 14:12:00,1,191.04,191.04,28,0,3,1,1,5,New / Promising,0
15694,2010-12-02 07:49:00,2011-12-09 09:44:00,14,6479.4,462.8142857142857,1,372,4,4,4,12,Champions,1
15695,2011-03-18 08:31:00,2011-03-18 08:32:00,2,409.98,204.99,267,0,1,2,2,5,Other,0
15696,2011-01-17 11:24:00,2011-11-06 14:02:00,8,2711.11,338.88875,33,293,3,4,4,11,Loyal Customers,1
15699,2011-11-22 08:26:00,2011-11-22 08:26:00,1,309.65,309.65,18,0,3,1,2,6,New / Promising,0
15700,2011-06-19 15:36:00,2011-06-20 16:53:00,2,696.68,348.34,172,1,1,2,3,6,Other,0
15701,2011-08-21 12:36:00,2011-12-07 14:39:00,4,1529.0,382.25,2,108,4,3,3,10,Loyal Customers,1
15703,2011-03-20 10:51:00,2011-03-20 10:51:00,1,211.5,211.5,265,0,1,1,1,3,Other,0
15704,2011-05-08 12:42:00,2011-07-22 13:35:00,4,2293.62,573.405,140,75,2,3,4,9,At Risk,1
15705,2011-05-22 15:37:00,2011-05-22 15:37:00,1,143.1,143.1,201,0,1,1,1,3,Other,0
15706,2011-08-15 14:32:00,2011-10-07 10:09:00,4,1060.56,265.14,64,52,2,3,3,8,At Risk,0
15707,2011-09-14 14:19:00,2011-11-04 14:35:00,4,916.98,229.245,35,51,3,3,3,9,Loyal Customers,1
15708,2010-12-05 11:12:00,2011-10-30 10:54:00,7,3235.25,462.17857142857144,41,328,3,4,4,11,Loyal Customers,1
15709,2011-03-01 10:38:00,2011-03-01 10:38:00,1,133.25,133.25,284,0,1,1,1,3,Other,0
15712,2011-02-25 11:32:00,2011-11-30 14:09:00,5,1072.3600000000001,214.47200000000004,9,278,4,4,3,11,Champions,1
15713,2010-12-08 15:16:00,2011-07-19 13:34:00,2,356.70000000000005,178.35000000000002,143,222,1,2,2,5,Other,0
15714,2011-09-23 11:25:00,2011-11-28 11:26:00,2,330.03000000000003,165.01500000000001,12,66,4,2,2,8,New / Promising,0
15716,2010-12-05 12:26:00,2011-07-17 11:59:00,4,1101.1100000000001,275.27750000000003,146,223,1,3,3,7,At Risk,0
15717,2011-04-19 13:21:00,2011-04-19 13:21:00,1,150.3,150.3,234,0,1,1,1,3,Other,0
15719,2011-01-06 12:31:00,2011-11-07 12:29:00,13,5030.07,386.92846153846153,33,304,3,4,4,11,Loyal Customers,1
15720,2011-11-15 14:48:00,2011-11-15 14:48:00,1,598.73,598.73,24,0,3,1,2,6,New / Promising,0
15721,2011-11-28 12:14:00,2011-11-28 12:14:00,1,471.40000000000003,471.40000000000003,12,0,4,1,2,7,New / Promising,0
15722,2011-02-22 12:24:00,2011-11-04 11:43:00,5,2211.21,442.242,36,254,3,4,4,11,Loyal Customers,1
15723,2010-12-10 11:12:00,2010-12-10 11:12:00,1,190.70000000000002,190.70000000000002,365,0,1,1,1,3,Other,0
15724,2011-02-28 10:40:00,2011-05-22 14:40:00,2,218.25,109.125,201,83,1,2,1,4,Other,0
15725,2011-11-24 14:51:00,2011-11-24 14:51:00,1,415.25,415.25,15,0,4,1,2,7,New / Promising,0
15727,2010-12-15 15:47:00,2011-11-23 12:36:00,7,5159.06,737.0085714285715,17,342,4,4,4,12,Champions,1
15729,2011-05-11 12:36:00,2011-05-11 12:36:00,1,85.0,85.0,213,0,1,1,1,3,Other,0
15730,2011-05-17 12:43:00,2011-10-05 12:31:00,3,1120.88,373.6266666666667,66,140,2,3,3,8,At Risk,0
15732,2010-12-02 15:00:00,2011-05-11 14:24:00,2,294.12,147.06,212,159,1,2,1,4,Other,0
15733,2011-03-02 09:05:00,2011-03-02 09:05:00,1,162.3,162.3,283,0,1,1,1,3,Other,0
15734,2011-05-23 14:59:00,2011-08-17 10:50:00,2,1339.4500000000003,669.7250000000001,115,85,2,2,3,7,Other,0
15737,2011-04-11 10:01:00,2011-11-25 11:21:00,8,1188.1200000000001,148.51500000000001,15,228,4,4,3,11,Champions,1
15738,2010-12-02 12:50:00,2011-11-21 08:26:00,16,4812.42,300.77625,19,353,3,4,4,11,Loyal Customers,1
15739,2011-10-04 13:42:00,2011-10-04 13:42:00,1,449.12,449.12,66,0,2,1,2,5,Other,0
15740,2011-10-21 14:29:00,2011-10-21 14:29:00,1,154.88,154.88,49,0,3,1,1,5,New / Promising,0
15743,2011-06-08 10:14:00,2011-11-23 17:19:00,4,775.96,193.99,16,168,4,3,3,10,Loyal Customers,1
15744,2011-09-23 09:52:00,2011-09-23 09:52:00,1,34.8,34.8,78,0,2,1,1,4,Other,0
15745,2011-04-17 13:04:00,2011-11-20 13:45:00,4,1094.5900000000001,273.64750000000004,19,217,3,3,3,9,Loyal Customers,1
15746,2011-07-28 15:21:00,2011-07-28 15:21:00,1,196.88,196.88,134,0,2,1,1,4,Other,0
15747,2011-06-20 11:30:00,2011-11-27 12:26:00,3,946.6399999999999,315.5466666666666,13,160,4,3,3,10,Loyal Customers,1
15748,2011-10-30 12:51:00,2011-10-30 12:51:00,1,144.36,144.36,40,0,3,1,1,5,New / Promising,0
15749,2011-01-11 12:55:00,2011-04-18 13:20:00,3,44534.3,14844.766666666668,235,97,1,3,4,8,At Risk,1
15750,2010-12-08 10:36:00,2011-12-07 12:34:00,8,2463.05,307.88125,3,364,4,4,4,12,Champions,1
15752,2010-12-02 09:43:00,2011-10-31 11:37:00,7,2626.6,375.2285714285714,40,333,3,4,4,11,Loyal Customers,1
15753,2011-02-08 12:41:00,2011-02-08 12:41:00,1,79.2,79.2,305,0,1,1,1,3,Other,0
15754,2011-04-07 12:24:00,2011-10-19 14:40:00,3,458.57000000000005,152.85666666666668,51,195,2,3,2,7,At Risk,0
15755,2011-02-18 11:53:00,2011-11-29 14:57:00,6,2364.25,394.0416666666667,10,284,4,4,4,12,Champions,1
15756,2011-04-04 14:00:00,2011-10-09 13:30:00,4,528.01,132.0025,61,187,2,3,2,7,At Risk,0
15757,2011-05-06 11:40:00,2011-10-05 12:14:00,2,714.4200000000001,357.21000000000004,66,152,2,2,3,7,Other,0
15758,2011-11-15 10:48:00,2011-11-15 10:48:00,1,205.25,205.25,25,0,3,1,1,5,New / Promising,0
15759,2010-12-16 15:29:00,2011-05-05 15:13:00,3,253.04000000000002,84.34666666666668,218,139,1,3,1,5,At Risk,0
15762,2011-09-23 15:17:00,2011-10-05 16:15:00,2,583.75,291.875,65,12,2,2,2,6,Other,0
15763,2011-09-23 12:10:00,2011-11-08 09:44:00,2,1086.92,543.46,32,45,3,2,3,8,New / Promising,0
15764,2011-03-08 09:23:00,2011-09-12 17:58:00,6,3279.9700000000003,546.6616666666667,88,188,2,4,4,10,At Risk,1
15766,2011-10-06 17:03:00,2011-10-06 17:03:00,1,315.06,315.06,64,0,2,1,2,5,Other,0
15768,2011-04-28 09:20:00,2011-08-16 10:48:00,3,621.83,207.27666666666667,116,110,2,3,2,7,At Risk,0
15769,2010-12-03 15:16:00,2011-12-02 13:52:00,26,56252.72,2163.566153846154,7,363,4,4,4,12,Champions,1
15773,2011-12-04 12:48:00,2011-12-04 12:48:00,1,635.6800000000001,635.6800000000001,6,0,4,1,2,7,New / Promising,0
15774,2011-10-02 12:04:00,2011-10-02 12:04:00,1,270.8,270.8,69,0,2,1,1,4,Other,0
15775,2011-04-08 12:56:00,2011-04-08 12:56:00,1,104.9,104.9,245,0,1,1,1,3,Other,0
15776,2011-07-29 13:46:00,2011-07-29 13:46:00,1,241.62,241.62,133,0,2,1,1,4,Other,0
15777,2010-12-13 16:38:00,2011-04-12 16:43:00,4,1047.11,261.7775,241,120,1,3,3,7,At Risk,0
15780,2010-12-17 11:43:00,2011-06-09 12:01:00,3,475.28000000000003,158.42666666666668,184,174,1,3,2,6,At Risk,0
15781,2011-02-07 09:15:00,2011-11-14 14:57:00,3,345.46000000000004,115.15333333333335,25,280,3,3,2,8,Loyal Customers,0
15782,2011-09-11 14:29:00,2011-11-30 10:49:00,3,2614.7400000000002,871.58,10,79,4,3,4,11,Loyal Customers,1
15783,2011-11-29 09:50:00,2011-11-29 09:50:00,1,246.3,246.3,11,0,4,1,1,6,New / Promising,0
15785,2011-02-17 14:17:00,2011-11-07 11:33:00,5,2328.9700000000003,465.79400000000004,33,262,3,4,4,11,Loyal Customers,1
15786,2011-08-17 13:33:00,2011-10-24 14:13:00,3,4919.0,1639.6666666666667,46,68,3,3,4,10,Loyal Customers,1
15787,2011-10-09 13:11:00,2011-11-13 14:55:00,3,933.26,311.08666666666664,26,35,3,3,3,9,Loyal Customers,1
15789,2010-12-16 14:35:00,2010-12-16 14:35:00,1,351.3,351.3,358,0,1,1,2,4,Other,0
15790,2011-11-29 14:53:00,2011-11-29 14:53:00,1,218.75,218.75,10,0,4,1,1,6,New / Promising,0
15791,2011-05-19 15:15:00,2011-10-27 10:14:00,2,1612.69,806.345,44,160,3,2,3,8,New / Promising,0
15793,2011-03-16 10:45:00,2011-11-25 09:31:00,3,965.61,321.87,15,253,4,3,3,10,Loyal Customers,1
15795,2011-07-13 10:43:00,2011-07-13 10:43:00,1,610.01,610.01,150,0,1,1,2,4,Other,0
15796,2011-02-10 15:40:00,2011-12-08 19:55:00,8,2708.61,338.57625,1,301,4,4,4,12,Champions,1
15797,2011-01-24 15:47:00,2011-08-18 17:04:00,4,2207.4,551.85,113,206,2,3,4,9,At Risk,1
15799,2011-01-09 15:13:00,2011-09-25 12:46:00,3,884.1400000000001,294.71333333333337,76,258,2,3,3,8,At Risk,0
15800,2011-04-07 12:39:00,2011-08-24 14:23:00,2,696.89,348.445,107,139,2,2,3,7,Other,0
15801,2011-08-22 09:53:00,2011-10-24 13:52:00,3,1063.95,354.65000000000003,46,63,3,3,3,9,Loyal Customers,0
15802,2011-07-20 11:38:00,2011-07-20 11:38:00,1,451.42,451.42,143,0,1,1,2,4,Other,0
15803,2011-10-19 14:56:00,2011-10-19 14:56:00,1,415.82000000000005,415.82000000000005,51,0,2,1,2,5,Other,0
15804,2011-05-25 10:12:00,2011-12-09 12:31:00,13,4206.39,323.5684615384616,1,198,4,4,4,12,Champions,1
15805,2010-12-10 09:33:00,2011-11-16 16:32:00,17,5488.18,322.83411764705886,23,341,3,4,4,11,Loyal Customers,1
15806,2011-03-08 09:24:00,2011-10-24 14:35:00,3,784.58,261.5266666666667,46,230,3,3,3,9,Loyal Customers,0
15807,2011-09-23 14:43:00,2011-10-20 14:10:00,3,903.9000000000001,301.3,50,26,3,3,3,9,Loyal Customers,0
15808,2010-12-05 13:05:00,2011-02-06 14:33:00,4,3651.2700000000004,912.8175000000001,306,63,1,3,4,8,At Risk,0
15809,2011-02-10 11:16:00,2011-11-03 16:40:00,5,515.77,103.154,36,266,3,4,2,9,Loyal Customers,1
15810,2011-02-16 09:11:00,2011-09-22 09:38:00,4,1391.98,347.995,79,218,2,3,3,8,At Risk,1
15811,2010-12-09 15:29:00,2011-11-17 15:31:00,6,2218.62,369.77,22,343,3,4,4,11,Loyal Customers,1
15812,2011-01-26 12:12:00,2011-08-24 14:19:00,5,1801.14,360.228,107,210,2,4,4,10,At Risk,1
15813,2011-04-14 09:09:00,2011-05-16 08:13:00,2,1303.9099999999999,651.9549999999999,208,31,1,2,3,6,Other,0
15814,2011-10-20 09:04:00,2011-11-23 08:17:00,4,1945.33,486.3325,17,33,4,3,4,11,Loyal Customers,1
15815,2011-03-25 08:43:00,2011-10-07 12:42:00,5,2100.6,420.12,64,196,2,4,4,10,At Risk,1
15819,2011-03-08 09:45:00,2011-10-21 14:50:00,4,1905.45,476.3625,49,227,3,3,4,10,Loyal Customers,1
15820,2011-01-24 12:00:00,2011-01-24 12:00:00,1,206.98,206.98,320,0,1,1,1,3,Other,0
15821,2011-10-09 13:28:00,2011-10-26 15:48:00,2,570.96,285.48,44,17,3,2,2,7,New / Promising,0
15822,2010-12-15 13:38:00,2011-12-06 14:50:00,2,885.47,442.735,3,356,4,2,3,9,New / Promising,1
15823,2010-12-02 15:08:00,2010-12-02 15:08:00,1,15.0,15.0,372,0,1,1,1,3,Other,0
15825,2011-06-20 13:27:00,2011-06-20 13:27:00,1,532.9399999999999,532.9399999999999,172,0,1,1,2,4,Other,0
15826,2011-05-13 10:44:00,2011-10-14 16:05:00,3,1654.31,551.4366666666666,56,154,2,3,3,8,At Risk,1
15827,2010-12-02 13:06:00,2011-09-27 15:35:00,14,1836.0900000000001,131.14928571428572,73,299,2,4,4,10,At Risk,1
15829,2011-07-22 10:23:00,2011-09-01 16:45:00,2,636.14,318.07,99,41,2,2,2,6,Other,0
15830,2011-11-02 10:40:00,2011-11-02 10:40:00,1,576.0,576.0,38,0,3,1,2,6,New / Promising,0
15831,2011-01-19 14:52:00,2011-10-12 13:14:00,3,794.64,264.88,58,265,2,3,3,8,At Risk,0
15832,2011-03-30 15:29:00,2011-03-30 15:29:00,1,836.79,836.79,254,0,1,1,3,5,Other,0
15834,2011-03-07 17:52:00,2011-09-30 14:41:00,4,2225.15,556.2875,70,206,2,3,4,9,At Risk,1
15835,2011-01-13 10:35:00,2011-10-26 15:47:00,4,954.09,238.5225,44,286,3,3,3,9,Loyal Customers,1
15836,2011-10-20 17:13:00,2011-10-20 17:13:00,1,137.37,137.37,50,0,3,1,1,5,New / Promising,0
15837,2011-10-06 09:01:00,2011-10-06 09:01:00,1,391.98,391.98,65,0,2,1,2,5,Other,0
15838,2010-12-07 11:26:00,2011-11-28 14:00:00,19,33643.08,1770.6884210526316,11,356,4,4,4,12,Champions,1
15839,2011-07-14 16:35:00,2011-11-06 13:54:00,3,1048.49,349.49666666666667,33,114,3,3,3,9,Loyal Customers,1
15840,2011-06-20 11:42:00,2011-10-12 09:08:00,2,355.56,177.78,59,113,2,2,2,6,Other,0
15841,2011-01-05 11:25:00,2011-09-28 12:15:00,4,1224.06,306.015,73,266,2,3,3,8,At Risk,1
15843,2011-02-09 10:19:00,2011-02-09 10:19:00,1,118.95000000000002,118.95000000000002,304,0,1,1,1,3,Other,0
15844,2011-10-24 15:19:00,2011-10-24 15:19:00,1,130.74,130.74,46,0,3,1,1,5,New / Promising,0
15845,2011-01-06 17:19:00,2011-11-22 09:42:00,8,3711.77,463.97125,18,319,3,4,4,11,Loyal Customers,1
15847,2011-02-24 16:46:00,2011-11-01 14:41:00,2,389.27,194.635,38,249,3,2,2,7,New / Promising,0
15850,2011-06-24 14:16:00,2011-11-20 14:14:00,2,234.88,117.44,19,148,3,2,1,6,New / Promising,0
15852,2011-05-26 13:26:00,2011-06-06 11:22:00,2,160.70999999999998,80.35499999999999,187,10,1,2,1,4,Other,0
15853,2011-10-19 10:38:00,2011-10-19 10:38:00,1,110.8,110.8,52,0,2,1,1,4,Other,0
15854,2010-12-13 11:47:00,2011-12-05 13:39:00,12,2969.12,247.42666666666665,4,357,4,4,4,12,Champions,1
15855,2011-03-21 12:32:00,2011-07-26 10:20:00,5,712.24,142.448,137,126,2,4,3,9,At Risk,0
15856,2010-12-09 13:34:00,2011-12-05 17:09:00,27,16143.64,597.9125925925925,4,361,4,4,4,12,Champions,1
15857,2011-11-21 12:18:00,2011-11-21 12:18:00,1,297.0,297.0,19,0,3,1,1,5,New / Promising,0
15858,2010-12-07 14:31:00,2011-11-24 12:48:00,5,1427.5700000000002,285.514,16,351,4,4,3,11,Champions,1
15860,2010-12-06 11:38:00,2011-10-30 11:25:00,8,965.16,120.645,41,327,3,4,3,10,Loyal Customers,1
15861,2011-03-17 20:12:00,2011-11-27 15:59:00,8,3146.92,393.365,12,254,4,4,4,12,Champions,1
15862,2010-12-01 11:21:00,2011-12-01 13:28:00,4,832.88,208.22,8,365,4,3,3,10,Loyal Customers,1
15863,2011-05-31 11:36:00,2011-11-14 12:49:00,2,68.84,34.42,26,167,3,2,1,6,New / Promising,0
15864,2011-01-27 16:43:00,2011-11-17 13:32:00,6,1936.32,322.71999999999997,22,293,3,4,4,11,Loyal Customers,1
15865,2011-05-10 11:44:00,2011-10-30 12:43:00,3,895.13,298.37666666666667,41,173,3,3,3,9,Loyal Customers,0
15866,2011-08-30 14:09:00,2011-08-30 14:09:00,1,211.89,211.89,101,0,2,1,1,4,Other,0
15867,2010-12-05 14:17:00,2011-12-04 13:32:00,15,3810.14,254.00933333333333,5,363,4,4,4,12,Champions,1
15869,2011-03-07 17:19:00,2011-03-07 17:23:00,2,149.64,74.82,277,0,1,2,1,4,Other,0
15870,2011-11-07 10:58:00,2011-11-07 10:58:00,1,351.44,351.44,33,0,3,1,2,6,New / Promising,0
15872,2011-11-25 11:54:00,2011-11-25 11:55:00,2,316.25,158.125,15,0,4,2,2,8,New / Promising,0
15874,2011-02-28 13:28:00,2011-10-07 12:31:00,7,4405.88,629.4114285714286,64,220,2,4,4,10,At Risk,1
15877,2011-11-22 11:18:00,2011-12-08 11:53:00,2,490.33000000000004,245.16500000000002,2,16,4,2,2,8,New / Promising,1
15880,2010-12-05 13:00:00,2010-12-05 13:00:00,1,329.03,329.03,369,0,1,1,2,4,Other,0
15881,2010-12-10 13:32:00,2011-01-31 16:59:00,5,501.39000000000004,100.278,312,52,1,4,2,7,At Risk,0
15882,2010-12-06 13:01:00,2011-05-25 11:35:00,4,516.36,129.09,199,169,1,3,2,6,At Risk,0
15883,2011-11-06 14:50:00,2011-12-07 17:05:00,2,396.48,198.24,2,31,4,2,2,8,New / Promising,1
15885,2011-02-03 15:28:00,2011-09-08 10:43:00,3,379.35,126.45,93,216,2,3,2,7,At Risk,0
15886,2011-10-10 14:25:00,2011-10-10 14:25:00,1,181.09,181.09,60,0,2,1,1,4,Other,0
15888,2011-09-20 12:30:00,2011-09-20 12:30:00,1,168.31,168.31,81,0,2,1,1,4,Other,0
15889,2010-12-05 15:12:00,2011-07-06 11:10:00,2,420.07,210.035,157,212,1,2,2,5,Other,0
15891,2011-04-27 12:35:00,2011-04-27 12:35:00,1,511.68,511.68,227,0,1,1,2,4,Other,0
15894,2010-12-05 14:06:00,2011-03-31 13:50:00,2,258.25,129.125,253,115,1,2,1,4,Other,0
15895,2011-07-13 10:27:00,2011-07-13 10:27:00,1,179.17,179.17,150,0,1,1,1,3,Other,0
15897,2011-05-29 13:32:00,2011-05-29 13:50:00,2,208.58999999999997,104.29499999999999,194,0,1,2,1,4,Other,0
15898,2010-12-06 11:01:00,2011-12-08 15:23:00,5,1383.83,276.76599999999996,1,367,4,4,3,11,Champions,1
15899,2010-12-06 10:36:00,2010-12-06 10:36:00,1,56.25,56.25,369,0,1,1,1,3,Other,0
15900,2011-11-16 12:19:00,2011-11-16 12:19:00,1,337.28,337.28,24,0,3,1,2,6,New / Promising,0
15901,2011-07-08 12:18:00,2011-11-23 12:43:00,3,351.73,117.24333333333334,17,138,4,3,2,9,Loyal Customers,0
15903,2011-02-17 14:04:00,2011-11-30 08:08:00,7,5126.76,732.3942857142857,10,285,4,4,4,12,Champions,1
15904,2011-12-01 14:50:00,2011-12-01 14:50:00,1,164.68,164.68,8,0,4,1,1,6,New / Promising,0
15906,2011-03-29 13:28:00,2011-11-20 12:24:00,7,1567.6899999999998,223.95571428571427,20,235,3,4,3,10,Loyal Customers,1
15907,2011-05-13 13:01:00,2011-12-06 12:21:00,3,882.72,294.24,4,206,4,3,3,10,Loyal Customers,1
15909,2011-06-19 10:38:00,2011-06-19 10:38:00,1,191.94,191.94,174,0,1,1,1,3,Other,0
15910,2011-01-27 11:55:00,2011-12-09 10:51:00,8,1228.8799999999999,153.60999999999999,1,315,4,4,3,11,Champions,1
15912,2011-04-20 17:10:00,2011-06-14 14:29:00,2,264.62,132.31,178,54,1,2,1,4,Other,0
15916,2010-12-08 13:07:00,2011-11-23 13:46:00,8,1502.8600000000001,187.85750000000002,16,350,4,4,3,11,Champions,1
15917,2011-04-06 10:40:00,2011-04-06 10:40:00,1,123.1,123.1,248,0,1,1,1,3,Other,0
15918,2011-03-13 15:55:00,2011-06-02 11:42:00,2,334.23,167.115,191,80,1,2,2,5,Other,0
15919,2010-12-06 11:26:00,2011-11-20 11:28:00,2,525.69,262.845,20,349,3,2,2,7,New / Promising,0
15920,2011-07-08 15:16:00,2011-07-08 15:31:00,4,167.5,41.875,154,0,1,3,1,5,At Risk,0
15921,2011-06-20 11:03:00,2011-06-20 11:03:00,1,323.03,323.03,173,0,1,1,2,4,Other,0
15922,2010-12-01 13:51:00,2010-12-01 13:51:00,1,369.5,369.5,373,0,1,1,2,4,Other,0
15923,2010-12-02 12:16:00,2010-12-02 12:16:00,1,127.08,127.08,373,0,1,1,1,3,Other,0
15925,2011-05-29 15:35:00,2011-05-29 15:35:00,1,207.15,207.15,194,0,1,1,1,3,Other,0
15930,2011-10-03 14:52:00,2011-10-03 14:52:00,1,426.63,426.63,67,0,2,1,2,5,Other,0
15932,2011-02-23 14:50:00,2011-12-05 17:13:00,8,2495.87,311.98375,4,285,4,4,4,12,Champions,1
15933,2011-09-14 12:05:00,2011-11-18 13:14:00,3,1107.46,369.15333333333336,21,65,3,3,3,9,Loyal Customers,1
15935,2011-04-12 09:35:00,2011-04-14 13:27:00,2,416.86,208.43,239,2,1,2,2,5,Other,0
15937,2011-10-06 15:48:00,2011-10-06 15:48:00,1,145.35,145.35,64,0,2,1,1,4,Other,0
15938,2011-01-20 10:11:00,2011-08-19 12:56:00,5,404.58000000000004,80.91600000000001,112,211,2,4,2,8,At Risk,0
15939,2011-01-12 12:43:00,2011-09-11 11:30:00,15,6115.01,407.6673333333334,90,241,2,4,4,10,At Risk,1
15940,2011-02-01 16:18:00,2011-02-01 16:18:00,1,35.8,35.8,311,0,1,1,1,3,Other,0
15942,2011-07-29 09:01:00,2011-07-29 09:01:00,1,337.44,337.44,134,0,2,1,2,5,Other,0
15944,2011-03-08 10:33:00,2011-03-08 10:33:00,1,325.1,325.1,277,0,1,1,2,4,Other,0
15945,2010-12-09 13:14:00,2010-12-09 13:14:00,1,181.0,181.0,365,0,1,1,1,3,Other,0
15947,2011-09-18 10:46:00,2011-09-18 10:46:00,1,1708.24,1708.24,83,0,2,1,4,7,High Value,0
15948,2011-10-27 08:35:00,2011-12-01 15:32:00,2,955.24,477.62,8,35,4,2,3,9,New / Promising,1
15949,2011-09-29 17:34:00,2011-11-23 09:09:00,2,364.72,182.36,17,54,4,2,2,8,New / Promising,0
15950,2010-12-15 11:56:00,2011-11-08 11:09:00,4,1744.71,436.1775,32,327,3,3,4,10,Loyal Customers,1
15951,2011-02-27 11:57:00,2011-12-01 08:34:00,2,708.22,354.11,9,276,4,2,3,9,New / Promising,1
15952,2011-04-28 12:55:00,2011-11-06 11:18:00,4,781.91,195.4775,34,191,3,3,3,9,Loyal Customers,1
15953,2010-12-05 15:15:00,2011-11-24 15:32:00,8,1657.28,207.16,15,354,4,4,3,11,Champions,1
15955,2010-12-02 11:22:00,2011-11-15 14:15:00,14,4416.26,315.44714285714286,24,348,3,4,4,11,Loyal Customers,1
15957,2011-11-08 12:14:00,2011-11-08 12:14:00,1,428.89,428.89,32,0,3,1,2,6,New / Promising,0
15958,2011-09-26 13:41:00,2011-09-26 13:41:00,1,104.35,104.35,74,0,2,1,1,4,Other,0
15963,2011-10-25 13:05:00,2011-11-20 11:33:00,2,470.76,235.38,20,25,3,2,2,7,New / Promising,0
15965,2010-12-07 13:18:00,2011-11-22 16:44:00,4,808.87,202.2175,17,350,4,3,3,10,Loyal Customers,1
15967,2011-01-25 11:57:00,2011-11-16 15:41:00,2,397.68,198.84,23,295,3,2,2,7,New / Promising,0
15969,2011-06-07 12:19:00,2011-12-07 11:06:00,3,666.1,222.03333333333333,3,182,4,3,2,9,Loyal Customers,1
15970,2011-02-09 12:08:00,2011-02-09 12:08:00,1,314.1,314.1,304,0,1,1,2,4,Other,0
15971,2011-02-01 16:47:00,2011-11-22 12:50:00,12,4199.85,349.9875,18,293,3,4,4,11,Loyal Customers,1
15973,2010-12-08 11:42:00,2010-12-08 11:42:00,1,307.82,307.82,367,0,1,1,2,4,Other,0
15974,2011-02-24 10:10:00,2011-10-31 13:13:00,7,3442.15,491.7357142857143,39,249,3,4,4,11,Loyal Customers,1
15975,2011-09-16 13:33:00,2011-09-16 13:33:00,1,371.01,371.01,84,0,2,1,2,5,Other,0
15976,2011-05-03 17:12:00,2011-06-27 13:00:00,2,427.64,213.82,165,54,1,2,2,5,Other,0
15977,2011-10-31 16:24:00,2011-11-22 13:29:00,2,1054.73,527.365,17,21,4,2,3,9,New / Promising,1
15978,2011-09-23 15:21:00,2011-09-23 15:21:00,1,1098.78,1098.78,77,0,2,1,3,6,Other,0
15980,2011-03-30 15:05:00,2011-09-12 09:41:00,3,2398.8599999999997,799.6199999999999,89,165,2,3,4,9,At Risk,1
15981,2011-02-01 13:50:00,2011-11-15 08:00:00,8,3408.48,426.06,25,286,3,4,4,11,Loyal Customers,1
15983,2010-12-01 12:15:00,2011-11-17 17:34:00,4,1465.12,366.28,22,351,3,3,3,9,Loyal Customers,1
15984,2010-12-06 13:21:00,2011-12-07 12:16:00,10,2780.6299999999997,278.063,3,365,4,4,4,12,Champions,1
15985,2011-04-17 11:04:00,2011-08-08 16:31:00,2,1142.42,571.21,123,113,2,2,3,7,Other,0
15986,2011-11-09 15:17:00,2011-11-09 15:17:00,1,168.12,168.12,30,0,3,1,1,5,New / Promising,0
15987,2010-12-06 08:34:00,2011-11-27 15:38:00,7,1432.77,204.68142857142857,12,356,4,4,3,11,Champions,1
15988,2011-11-20 13:23:00,2011-11-20 13:23:00,1,156.78,156.78,19,0,3,1,1,5,New / Promising,0
15990,2011-02-25 15:35:00,2011-10-26 15:58:00,2,792.11,396.055,44,243,3,2,3,8,New / Promising,0
15992,2011-12-06 11:00:00,2011-12-06 11:00:00,1,41.989999999999995,41.989999999999995,4,0,4,1,1,6,New / Promising,0
15993,2011-10-26 16:21:00,2011-12-01 10:45:00,7,2777.67,396.81,9,35,4,4,4,12,Champions,1
15994,2011-10-16 12:28:00,2011-10-16 12:28:00,1,414.27,414.27,55,0,2,1,2,5,Other,0
15996,2010-12-08 15:59:00,2011-09-12 15:14:00,6,1032.58,172.09666666666666,88,277,2,4,3,9,At Risk,1
15998,2010-12-12 13:32:00,2011-11-03 12:45:00,5,3080.22,616.044,37,325,3,4,4,11,Loyal Customers,1
16000,2011-12-07 12:14:00,2011-12-07 12:17:00,3,12393.7,4131.233333333334,3,0,4,3,4,11,Loyal Customers,1
16003,2010-12-15 12:09:00,2011-11-10 09:57:00,5,2735.37,547.074,30,329,3,4,4,11,Loyal Customers,1
16005,2011-03-14 11:46:00,2011-11-27 13:47:00,4,578.71,144.6775,12,258,4,3,2,9,Loyal Customers,1
16006,2011-05-12 13:12:00,2011-05-12 13:12:00,1,101.4,101.4,211,0,1,1,1,3,Other,0
16007,2011-05-08 13:32:00,2011-10-23 11:05:00,4,1693.81,423.4525,48,167,3,3,4,10,Loyal Customers,1
16008,2011-05-19 10:54:00,2011-11-16 10:32:00,3,478.78,159.59333333333333,24,180,3,3,2,8,Loyal Customers,0
16009,2011-07-03 11:26:00,2011-11-17 16:51:00,4,972.11,243.0275,22,137,3,3,3,9,Loyal Customers,1
16010,2010-12-12 12:18:00,2011-04-08 10:14:00,3,392.40000000000003,130.8,246,116,1,3,2,6,At Risk,0
16011,2010-12-08 16:34:00,2011-12-01 16:31:00,16,3352.96,209.56,8,357,4,4,4,12,Champions,1
16012,2011-07-07 18:02:00,2011-11-04 13:25:00,3,1415.29,471.7633333333333,35,119,3,3,3,9,Loyal Customers,1
16013,2010-12-03 13:09:00,2011-12-06 10:36:00,47,37130.6,790.0127659574467,4,367,4,4,4,12,Champions,1
16014,2011-02-21 17:42:00,2011-11-02 12:04:00,3,646.83,215.61,38,253,3,3,2,8,Loyal Customers,0
16015,2011-10-21 12:56:00,2011-12-06 10:58:00,3,704.55,234.85,4,45,4,3,3,10,Loyal Customers,1
16016,2010-12-08 12:36:00,2011-12-06 14:35:00,8,1465.51,183.18875,3,363,4,4,3,11,Champions,1
16017,2011-10-23 12:56:00,2011-10-23 12:56:00,1,211.88,211.88,47,0,3,1,1,5,New / Promising,0
16018,2011-06-12 13:52:00,2011-10-31 14:13:00,2,408.9,204.45,39,141,3,2,2,7,New / Promising,0
16019,2010-12-10 12:29:00,2011-10-24 11:51:00,9,3786.2400000000002,420.6933333333334,47,317,3,4,4,11,Loyal Customers,1
16020,2011-10-05 13:54:00,2011-11-23 11:18:00,3,851.01,283.67,17,48,4,3,3,10,Loyal Customers,1
16022,2011-03-24 13:16:00,2011-03-24 13:16:00,1,602.63,602.63,260,0,1,1,2,4,Other,0
16023,2011-03-18 13:32:00,2011-10-24 16:34:00,3,719.8100000000001,239.9366666666667,46,220,3,3,3,9,Loyal Customers,0
16024,2011-11-27 13:26:00,2011-11-27 13:26:00,1,251.03,251.03,12,0,4,1,1,6,New / Promising,0
16025,2011-11-10 11:45:00,2011-11-10 11:45:00,1,439.66,439.66,30,0,3,1,2,6,New / Promising,0
16026,2011-10-27 13:53:00,2011-10-27 13:53:00,1,236.09,236.09,43,0,3,1,1,5,New / Promising,0
16027,2011-02-10 12:19:00,2011-09-09 10:47:00,6,934.62,155.77,92,210,2,4,3,9,At Risk,1
16029,2010-12-01 09:57:00,2011-11-01 10:27:00,63,80850.84,1283.3466666666666,39,335,3,4,4,11,Loyal Customers,1
16030,2011-02-03 11:28:00,2011-02-03 11:28:00,1,331.24,331.24,310,0,1,1,2,4,Other,0
16031,2011-04-06 14:23:00,2011-09-08 13:07:00,2,547.9,273.95,92,154,2,2,2,6,Other,0
16033,2010-12-05 10:36:00,2011-12-04 12:44:00,20,8778.82,438.941,6,364,4,4,4,12,Champions,1
16034,2011-01-11 11:54:00,2011-05-27 16:17:00,3,437.7,145.9,196,136,1,3,2,6,At Risk,0
16036,2011-03-21 13:01:00,2011-09-13 14:53:00,2,758.9200000000001,379.46000000000004,87,176,2,2,3,7,Other,0
16037,2010-12-16 10:18:00,2011-03-15 09:13:00,3,855.02,285.00666666666666,270,88,1,3,3,7,At Risk,0
16038,2011-05-22 11:29:00,2011-12-02 12:40:00,3,471.78,157.26,8,194,4,3,2,9,Loyal Customers,1
16040,2011-03-16 09:58:00,2011-10-05 13:47:00,3,1313.55,437.84999999999997,65,203,2,3,3,8,At Risk,0
16041,2011-07-21 16:27:00,2011-11-09 12:25:00,3,3166.4,1055.4666666666667,31,110,3,3,4,10,Loyal Customers,1
16042,2011-01-11 13:25:00,2011-11-17 17:50:00,5,1177.47,235.494,22,310,3,4,3,10,Loyal Customers,1
16043,2011-01-26 11:14:00,2011-11-02 12:50:00,4,773.99,193.4975,38,280,3,3,3,9,Loyal Customers,1
16045,2011-02-22 14:55:00,2011-08-12 12:41:00,4,1340.7,335.175,120,170,2,3,3,8,At Risk,0
16048,2010-12-01 15:27:00,2010-12-01 15:28:00,2,256.44000000000005,128.22000000000003,373,0,1,2,1,4,Other,0
16049,2011-09-25 14:33:00,2011-10-30 13:19:00,3,1074.81,358.27,40,34,3,3,3,9,Loyal Customers,0
16050,2011-06-19 11:44:00,2011-06-19 11:44:00,1,137.9,137.9,174,0,1,1,1,3,Other,0
16052,2011-10-16 15:13:00,2011-10-16 15:13:00,1,362.06,362.06,54,0,2,1,2,5,Other,0
16053,2011-08-09 14:57:00,2011-11-07 11:21:00,2,1511.95,755.975,33,89,3,2,3,8,New / Promising,0
16054,2011-07-17 13:08:00,2011-07-17 13:08:00,1,783.9,783.9,145,0,1,1,3,5,Other,0
16055,2011-05-03 09:26:00,2011-05-03 09:26:00,1,134.8,134.8,221,0,1,1,1,3,Other,0
16056,2011-10-25 15:19:00,2011-10-25 15:19:00,1,650.75,650.75,45,0,3,1,2,6,New / Promising,0
16057,2011-02-28 10:35:00,2011-11-23 15:23:00,7,2263.12,323.30285714285714,16,268,4,4,4,12,Champions,1
16059,2010-12-07 10:36:00,2011-10-05 09:56:00,6,1453.16,242.19333333333336,66,301,2,4,3,9,At Risk,1
16062,2010-12-10 12:00:00,2011-11-30 12:15:00,4,1153.62,288.405,10,355,4,3,3,10,Loyal Customers,1
16063,2011-03-24 14:55:00,2011-03-24 14:55:00,1,335.32,335.32,260,0,1,1,2,4,Other,0
16065,2010-12-09 13:03:00,2010-12-09 13:03:00,1,367.14,367.14,365,0,1,1,2,4,Other,0
16066,2011-08-07 14:33:00,2011-11-23 11:54:00,5,1521.04,304.20799999999997,17,107,4,4,3,11,Champions,1
16070,2011-11-07 16:36:00,2011-11-17 15:50:00,2,852.1500000000001,426.07500000000005,22,9,3,2,3,8,New / Promising,0
16071,2011-10-26 11:14:00,2011-10-26 11:14:00,1,326.24,326.24,45,0,3,1,2,6,New / Promising,0
16072,2011-02-24 14:32:00,2011-02-24 14:32:00,1,584.3199999999999,584.3199999999999,288,0,1,1,2,4,Other,0
16073,2011-02-15 15:41:00,2011-02-15 15:41:00,1,122.39999999999999,122.39999999999999,297,0,1,1,1,3,Other,0
16076,2011-05-15 12:31:00,2011-12-06 14:59:00,10,2234.73,223.473,3,205,4,4,4,12,Champions,1
16078,2011-03-01 09:47:00,2011-03-01 09:47:00,1,79.2,79.2,284,0,1,1,1,3,Other,0
16079,2011-10-30 13:06:00,2011-11-23 12:48:00,3,1352.0,450.6666666666667,17,23,4,3,3,10,Loyal Customers,1
16080,2011-03-10 14:44:00,2011-09-19 10:42:00,2,217.16,108.58,82,192,2,2,1,5,Other,0
16081,2010-12-08 11:16:00,2011-10-14 13:06:00,5,2799.42,559.884,56,310,2,4,4,10,At Risk,1
16083,2010-12-14 11:51:00,2011-08-31 10:47:00,2,1317.62,658.81,101,259,2,2,3,7,Other,0
16084,2011-02-13 16:05:00,2011-02-13 16:05:00,1,436.18,436.18,299,0,1,1,2,4,Other,0
16085,2011-01-23 12:07:00,2011-11-16 13:24:00,5,981.51,196.302,23,297,3,4,3,10,Loyal Customers,1
16086,2010-12-07 13:45:00,2011-10-11 13:09:00,5,1121.3899999999999,224.27799999999996,59,307,2,4,3,9,At Risk,1
16091,2011-05-25 09:18:00,2011-07-08 08:45:00,2,315.06,157.53,155,43,1,2,2,5,Other,0
16092,2011-03-30 15:38:00,2011-08-17 10:46:00,3,817.86,272.62,115,139,2,3,3,8,At Risk,0
16093,2011-08-25 11:09:00,2011-08-25 11:09:00,1,17.0,17.0,107,0,2,1,1,4,Other,0
16094,2011-05-04 13:57:00,2011-11-28 12:45:00,4,1078.23,269.5575,12,207,4,3,3,10,Loyal Customers,1
16096,2011-03-20 13:38:00,2011-03-20 13:38:00,1,320.62,320.62,264,0,1,1,2,4,Other,0
16097,2011-04-13 13:47:00,2011-04-13 13:47:00,1,185.04999999999998,185.04999999999998,240,0,1,1,1,3,Other,0
16098,2010-12-01 09:45:00,2011-09-13 09:59:00,7,2005.63,286.5185714285714,88,286,2,4,4,10,At Risk,1
16099,2011-04-28 08:34:00,2011-10-20 13:13:00,3,731.9000000000001,243.9666666666667,50,175,3,3,3,9,Loyal Customers,0
16101,2011-09-30 10:18:00,2011-09-30 10:18:00,1,1290.7,1290.7,71,0,2,1,3,6,Other,0
16102,2011-08-03 12:50:00,2011-10-28 13:19:00,3,1842.14,614.0466666666667,42,86,3,3,4,10,Loyal Customers,1
16103,2011-04-20 12:28:00,2011-12-02 14:16:00,6,1429.64,238.27333333333334,7,226,4,4,3,11,Champions,1
16104,2011-10-09 10:23:00,2011-10-09 10:23:00,1,298.21,298.21,62,0,2,1,1,4,Other,0
16105,2011-04-05 10:13:00,2011-04-05 10:13:00,1,336.96000000000004,336.96000000000004,249,0,1,1,2,4,Other,0
16106,2011-10-05 10:37:00,2011-10-05 10:37:00,1,108.38,108.38,66,0,2,1,1,4,Other,0
16107,2011-06-09 18:42:00,2011-11-22 09:40:00,7,3204.1600000000003,457.7371428571429,18,165,3,4,4,11,Loyal Customers,1
16108,2011-09-16 11:48:00,2011-09-16 11:48:00,1,842.5,842.5,85,0,2,1,3,6,Other,0
16109,2011-02-04 12:37:00,2011-05-05 09:17:00,2,611.8799999999999,305.93999999999994,219,89,1,2,2,5,Other,0
16110,2011-02-01 14:01:00,2011-10-25 14:35:00,3,1320.95,440.31666666666666,45,266,3,3,3,9,Loyal Customers,1
16112,2011-01-05 11:47:00,2011-07-19 14:28:00,4,195.74,48.935,143,195,1,3,1,5,At Risk,0
16113,2011-06-09 16:16:00,2011-06-09 16:16:00,1,161.38,161.38,183,0,1,1,1,3,Other,0
16114,2011-06-22 10:13:00,2011-06-22 10:13:00,1,135.75000000000003,135.75000000000003,171,0,1,1,1,3,Other,0
16115,2011-02-20 12:14:00,2011-11-30 11:32:00,8,1660.88,207.61,10,282,4,4,4,12,Champions,1
16116,2011-05-12 12:01:00,2011-05-12 12:01:00,1,612.78,612.78,212,0,1,1,2,4,Other,0
16117,2011-06-03 11:42:00,2011-06-03 11:42:00,1,232.21,232.21,190,0,1,1,1,3,Other,0
16119,2011-09-28 10:15:00,2011-12-01 15:11:00,2,423.36,211.68,8,64,4,2,2,8,New / Promising,0
16120,2011-10-11 14:10:00,2011-10-11 14:22:00,4,1309.1399999999999,327.28499999999997,59,0,2,3,3,8,At Risk,1
16121,2011-05-08 11:52:00,2011-10-13 12:59:00,2,854.6600000000001,427.33000000000004,57,158,2,2,3,7,Other,0
16122,2010-12-08 11:41:00,2011-09-27 15:34:00,4,684.4200000000001,171.10500000000002,73,293,2,3,3,8,At Risk,0
16123,2011-10-19 09:18:00,2011-10-19 09:18:00,1,307.78,307.78,52,0,2,1,2,5,Other,0
16124,2011-01-26 14:45:00,2011-01-26 14:45:00,1,249.0,249.0,317,0,1,1,1,3,Other,0
16125,2010-12-07 15:48:00,2010-12-07 15:48:00,1,289.35,289.35,367,0,1,1,1,3,Other,0
16126,2011-02-16 11:18:00,2011-11-10 16:03:00,4,6287.77,1571.9425,29,267,3,3,4,10,Loyal Customers,1
16127,2011-10-31 13:58:00,2011-10-31 13:58:00,1,656.25,656.25,39,0,3,1,2,6,New / Promising,0
16128,2011-03-02 12:21:00,2011-11-22 11:14:00,5,1880.22,376.044,18,264,3,4,4,11,Loyal Customers,1
16131,2011-04-14 08:32:00,2011-10-19 11:53:00,6,3506.54,584.4233333333333,52,188,2,4,4,10,At Risk,1
16133,2011-01-25 15:55:00,2011-12-06 11:24:00,33,14589.039999999999,442.0921212121212,4,314,4,4,4,12,Champions,1
16134,2010-12-15 14:00:00,2011-11-18 10:05:00,2,618.0899999999999,309.04499999999996,22,337,3,2,2,7,New / Promising,0
16135,2011-03-22 12:30:00,2011-03-22 12:30:00,1,517.55,517.55,263,0,1,1,2,4,Other,0
16136,2011-03-07 09:52:00,2011-10-11 09:10:00,3,709.38,236.46,60,217,2,3,3,8,At Risk,0
16139,2011-05-17 10:23:00,2011-11-21 08:37:00,3,635.4100000000001,211.80333333333337,19,187,3,3,2,8,Loyal Customers,1
16140,2010-12-03 14:40:00,2011-10-05 12:15:00,2,725.18,362.59,66,305,2,2,3,7,Other,0
16141,2011-09-12 13:11:00,2011-09-12 13:11:00,1,620.4000000000001,620.4000000000001,88,0,2,1,2,5,Other,0
16142,2011-04-04 10:16:00,2011-04-04 10:16:00,1,535.34,535.34,250,0,1,1,2,4,Other,0
16143,2010-12-05 15:18:00,2011-12-06 14:13:00,6,2424.94,404.1566666666667,3,365,4,4,4,12,Champions,1
16144,2011-04-07 10:09:00,2011-04-07 10:09:00,1,175.2,175.2,247,0,1,1,1,3,Other,0
16145,2010-12-15 09:09:00,2011-12-01 10:33:00,11,3799.4900000000002,345.40818181818184,9,351,4,4,4,12,Champions,1
16146,2011-04-21 15:25:00,2011-07-05 14:20:00,3,734.13,244.71,157,74,1,3,3,7,At Risk,0
16147,2011-07-29 09:57:00,2011-07-29 09:57:00,1,375.0,375.0,134,0,2,1,2,5,Other,0
16148,2011-02-16 14:01:00,2011-02-16 14:01:00,1,76.32000000000001,76.32000000000001,296,0,1,1,1,3,Other,0
16149,2011-07-20 14:54:00,2011-12-05 11:29:00,2,280.52,140.26,5,137,4,2,1,7,New / Promising,0
16150,2010-12-02 18:27:00,2011-10-28 12:39:00,5,2053.02,410.604,43,329,3,4,4,11,Loyal Customers,1
16152,2011-03-16 09:47:00,2011-03-16 09:47:00,1,1829.04,1829.04,269,0,1,1,4,6,High Value,0
16153,2010-12-20 09:22:00,2011-10-21 10:50:00,5,1824.23,364.846,50,305,3,4,4,11,Loyal Customers,1
16156,2011-02-02 12:02:00,2011-12-01 12:42:00,9,3092.04,343.56,9,302,4,4,4,12,Champions,1
16157,2011-09-28 11:48:00,2011-11-24 11:41:00,3,656.69,218.89666666666668,16,56,4,3,2,9,Loyal Customers,1
16159,2011-03-03 12:27:00,2011-03-03 12:27:00,1,348.2,348.2,282,0,1,1,2,4,Other,0
16160,2011-09-15 10:53:00,2011-10-05 14:19:00,2,1025.44,512.72,65,20,2,2,3,7,Other,0
16161,2010-12-06 10:03:00,2011-12-08 12:10:00,19,5533.67,291.2457894736842,2,367,4,4,4,12,Champions,1
16162,2011-04-01 15:03:00,2011-04-01 15:03:00,1,37.4,37.4,252,0,1,1,1,3,Other,0
16163,2010-12-09 16:28:00,2011-04-21 15:15:00,2,856.6,428.3,232,132,1,2,3,6,Other,0
16164,2011-10-28 09:12:00,2011-11-22 15:04:00,3,822.48,274.16,17,25,4,3,3,10,Loyal Customers,1
16168,2010-12-05 11:38:00,2011-11-29 12:45:00,27,3787.6,140.28148148148148,11,359,4,4,4,12,Champions,1
16169,2011-09-25 11:33:00,2011-12-01 15:28:00,4,1822.97,455.7425,8,67,4,3,4,11,Loyal Customers,1
16170,2011-04-05 13:42:00,2011-10-20 08:21:00,6,1885.05,314.175,51,197,2,4,4,10,At Risk,1
16171,2011-10-11 14:51:00,2011-10-11 14:51:00,1,73.2,73.2,59,0,2,1,1,4,Other,0
16172,2011-04-12 12:02:00,2011-09-05 13:22:00,5,1140.21,228.042,95,146,2,4,3,9,At Risk,1
16173,2011-09-02 15:23:00,2011-11-24 10:53:00,6,1418.3200000000002,236.38666666666668,16,82,4,4,3,11,Champions,1
16174,2011-07-11 09:23:00,2011-08-05 13:26:00,3,1009.55,336.51666666666665,126,25,2,3,3,8,At Risk,0
16175,2011-04-13 14:38:00,2011-09-06 14:32:00,4,1037.59,259.3975,94,145,2,3,3,8,At Risk,0
16177,2011-10-20 12:57:00,2011-10-20 12:57:00,1,331.95,331.95,50,0,3,1,2,6,New / Promising,0
16178,2011-07-24 16:05:00,2011-07-24 16:05:00,1,197.9,197.9,138,0,2,1,1,4,Other,0
16179,2011-10-10 09:41:00,2011-10-10 09:41:00,1,215.83,215.83,61,0,2,1,1,4,Other,0
16180,2011-04-01 10:23:00,2011-08-31 16:28:00,8,10254.18,1281.7725,100,152,2,4,4,10,At Risk,1
16181,2011-09-27 13:38:00,2011-09-27 13:38:00,1,305.54,305.54,73,0,2,1,1,4,Other,0
16182,2011-02-18 10:11:00,2011-09-28 13:23:00,4,6617.65,1654.4125,72,222,2,3,4,9,At Risk,1
16183,2011-10-03 14:59:00,2011-10-03 14:59:00,1,338.71000000000004,338.71000000000004,67,0,2,1,2,5,Other,0
16184,2011-05-12 13:33:00,2011-10-06 17:43:00,6,1158.79,193.13166666666666,64,147,2,4,3,9,At Risk,1
16185,2011-04-21 11:59:00,2011-11-23 09:41:00,2,529.41,264.705,17,215,4,2,2,8,New / Promising,0
16186,2010-12-02 14:40:00,2011-11-17 12:43:00,12,4006.94,333.9116666666667,23,349,3,4,4,11,Loyal Customers,1
16187,2011-02-28 13:34:00,2011-11-08 09:50:00,15,6911.4400000000005,460.7626666666667,32,252,3,4,4,11,Loyal Customers,1
16188,2011-04-11 09:44:00,2011-10-26 12:19:00,4,981.86,245.465,45,198,3,3,3,9,Loyal Customers,1
16189,2011-09-15 15:21:00,2011-11-24 11:47:00,2,215.48,107.74,16,69,4,2,1,7,New / Promising,0
16190,2011-10-30 15:59:00,2011-10-30 15:59:00,1,215.08,215.08,40,0,3,1,1,5,New / Promising,0
16191,2010-12-14 12:38:00,2011-12-07 11:26:00,13,5180.52,398.5015384615385,3,357,4,4,4,12,Champions,1
16193,2011-04-17 11:45:00,2011-04-17 11:45:00,1,314.45,314.45,237,0,1,1,2,4,Other,0
16198,2011-09-25 14:58:00,2011-09-25 14:58:00,1,400.68100000000004,400.68100000000004,75,0,2,1,2,5,Other,0
16200,2011-06-28 15:47:00,2011-12-05 14:40:00,2,1068.87,534.435,4,159,4,2,3,9,New / Promising,1
16201,2011-08-22 10:47:00,2011-12-06 16:02:00,4,1863.4699999999998,465.86749999999995,3,106,4,3,4,11,Loyal Customers,1
16202,2010-12-14 10:43:00,2010-12-14 10:43:00,1,365.27,365.27,361,0,1,1,2,4,Other,0
16203,2010-12-02 15:39:00,2011-10-12 12:31:00,4,592.9,148.225,59,313,2,3,2,7,At Risk,0
16204,2011-11-16 13:40:00,2011-11-16 13:40:00,1,384.18,384.18,23,0,3,1,2,6,New / Promising,0
16205,2011-06-13 11:33:00,2011-11-09 09:32:00,4,757.63,189.4075,31,148,3,3,3,9,Loyal Customers,1
16206,2011-01-16 11:07:00,2011-10-16 10:41:00,4,537.06,134.265,55,272,2,3,2,7,At Risk,0
16207,2011-11-14 13:51:00,2011-11-14 13:51:00,1,394.38,394.38,25,0,3,1,2,6,New / Promising,0
16208,2011-02-23 13:37:00,2011-10-26 11:36:00,2,664.26,332.13,45,244,3,2,2,7,New / Promising,0
16209,2011-04-07 12:23:00,2011-09-12 11:58:00,5,2262.62,452.524,89,157,2,4,4,10,At Risk,1
16210,2010-12-01 12:27:00,2011-12-08 12:36:00,18,21086.300000000003,1171.4611111111112,2,372,4,4,4,12,Champions,1
16211,2011-09-12 12:11:00,2011-09-12 12:11:00,1,547.02,547.02,89,0,2,1,2,5,Other,0
16212,2011-03-01 12:51:00,2011-11-20 13:00:00,2,690.34,345.17,19,264,3,2,3,8,New / Promising,0
16213,2011-09-22 10:03:00,2011-09-22 10:03:00,1,159.0,159.0,79,0,2,1,1,4,Other,0
16214,2011-03-15 13:23:00,2011-06-22 11:30:00,3,1062.75,354.25,171,98,1,3,3,7,At Risk,0
16215,2011-09-20 10:18:00,2011-09-20 10:18:00,1,242.35,242.35,81,0,2,1,1,4,Other,0
16216,2011-03-17 15:34:00,2011-03-17 15:34:00,1,914.9300000000001,914.9300000000001,267,0,1,1,3,5,Other,0
16217,2011-03-02 15:28:00,2011-04-18 13:31:00,2,304.25,152.125,235,46,1,2,1,4,Other,0
16218,2010-12-01 11:29:00,2011-11-10 09:59:00,7,3084.68,440.6685714285714,30,343,3,4,4,11,Loyal Customers,1
16221,2010-12-07 13:13:00,2011-11-03 11:43:00,3,860.86,286.9533333333333,37,330,3,3,3,9,Loyal Customers,0
16222,2011-01-25 13:38:00,2011-01-25 13:38:00,1,773.55,773.55,318,0,1,1,3,5,Other,0
16224,2011-04-04 12:00:00,2011-10-13 17:51:00,4,1295.3000000000002,323.82500000000005,57,192,2,3,3,8,At Risk,1
16225,2011-03-07 12:17:00,2011-10-26 08:30:00,5,1096.3200000000002,219.26400000000004,45,232,3,4,3,10,Loyal Customers,1
16226,2011-04-18 12:58:00,2011-05-20 14:41:00,3,255.12,85.04,203,32,1,3,1,5,At Risk,0
16227,2011-04-28 13:33:00,2011-04-28 13:33:00,1,314.22,314.22,225,0,1,1,2,4,Other,0
16229,2011-05-11 10:18:00,2011-09-13 17:16:00,2,1010.5999999999999,505.29999999999995,87,125,2,2,3,7,Other,0
16230,2011-05-03 15:12:00,2011-06-03 10:06:00,2,542.03,271.015,190,30,1,2,2,5,Other,0
16232,2011-05-08 14:05:00,2011-10-27 12:16:00,4,990.8800000000001,247.72000000000003,44,171,3,3,3,9,Loyal Customers,1
16233,2010-12-08 12:51:00,2011-09-29 17:27:00,3,536.6800000000001,178.89333333333335,71,295,2,3,2,7,At Risk,0
16235,2011-01-11 15:42:00,2011-10-30 10:56:00,5,867.3100000000001,173.46200000000002,41,291,3,4,3,10,Loyal Customers,1
16236,2011-09-22 14:10:00,2011-09-22 14:10:00,1,432.20000000000005,432.20000000000005,78,0,2,1,2,5,Other,0
16239,2011-06-03 09:30:00,2011-10-14 08:29:00,2,414.2,207.1,57,132,2,2,2,6,Other,0
16240,2011-09-23 13:44:00,2011-11-15 14:30:00,2,3718.8,1859.4,24,53,3,2,4,9,New / Promising,1
16241,2010-12-05 11:04:00,2011-11-30 11:08:00,13,2590.31,199.2546153846154,10,360,4,4,4,12,Champions,1
16242,2011-03-07 17:04:00,2011-12-01 15:12:00,7,3579.86,511.40857142857146,8,268,4,4,4,12,Champions,1
16243,2011-10-16 12:09:00,2011-11-06 12:32:00,2,409.1,204.55,34,21,3,2,2,7,New / Promising,0
16244,2010-12-02 11:41:00,2011-05-12 10:18:00,2,1522.75,761.375,212,160,1,2,3,6,Other,0
16245,2011-03-28 09:30:00,2011-11-16 10:14:00,3,1413.66,471.22,24,233,3,3,3,9,Loyal Customers,1
16247,2011-06-22 14:23:00,2011-06-22 14:23:00,1,114.56,114.56,170,0,1,1,1,3,Other,0
16248,2011-10-09 11:32:00,2011-10-09 11:32:00,1,152.94,152.94,62,0,2,1,1,4,Other,0
16249,2011-04-14 13:50:00,2011-10-18 10:07:00,5,1800.0700000000002,360.014,53,186,2,4,4,10,At Risk,1
16250,2010-12-01 09:59:00,2011-03-23 15:07:00,2,389.44,194.72,261,112,1,2,2,5,Other,0
16253,2011-03-29 13:33:00,2011-10-04 09:09:00,2,3683.86,1841.93,67,188,2,2,4,8,High Value,1
16255,2010-12-09 14:25:00,2011-11-23 12:40:00,8,2619.91,327.48875,17,348,4,4,4,12,Champions,1
16256,2011-03-18 12:18:00,2011-03-18 12:18:00,1,752.4300000000001,752.4300000000001,267,0,1,1,3,5,Other,0
16257,2011-06-16 10:11:00,2011-06-16 10:11:00,1,46.95,46.95,177,0,1,1,1,3,Other,0
16258,2011-05-04 14:33:00,2011-10-25 13:30:00,5,5203.51,1040.702,45,173,3,4,4,11,Loyal Customers,1
16260,2011-10-20 09:40:00,2011-10-20 09:40:00,1,1035.45,1035.45,51,0,2,1,3,6,Other,0
16261,2011-04-07 19:05:00,2011-11-22 17:23:00,4,728.54,182.135,17,228,4,3,3,10,Loyal Customers,1
16265,2010-12-10 10:21:00,2011-11-30 16:41:00,9,5447.0,605.2222222222222,9,355,4,4,4,12,Champions,1
16266,2011-05-17 14:50:00,2011-09-27 12:08:00,7,861.89,123.12714285714286,74,132,2,4,3,9,At Risk,1
16268,2011-09-29 18:30:00,2011-09-29 18:30:00,2,667.65,333.825,71,0,2,2,2,6,Other,0
16270,2010-12-21 14:26:00,2010-12-21 14:26:00,1,1141.24,1141.24,353,0,1,1,3,5,Other,0
16271,2010-12-16 16:36:00,2011-12-07 12:45:00,5,1404.64,280.928,3,355,4,4,3,11,Champions,1
16272,2011-08-15 10:53:00,2011-08-15 10:53:00,1,411.7,411.7,117,0,2,1,2,5,Other,0
16274,2010-12-01 15:35:00,2010-12-01 15:35:00,1,351.75,351.75,373,0,1,1,2,4,Other,0
16275,2011-05-27 12:41:00,2011-05-27 12:41:00,1,559.87,559.87,197,0,1,1,2,4,Other,0
16276,2011-06-16 09:34:00,2011-06-16 09:34:00,1,810.6000000000001,810.6000000000001,177,0,1,1,3,5,Other,0
16278,2011-08-31 17:12:00,2011-08-31 17:12:00,1,566.38,566.38,100,0,2,1,2,5,Other,0
16279,2011-06-16 11:50:00,2011-11-18 15:00:00,3,1502.7800000000002,500.92666666666673,21,155,3,3,3,9,Loyal Customers,1
16281,2011-09-28 14:57:00,2011-09-28 14:57:00,1,2062.06,2062.06,72,0,2,1,4,7,High Value,0
16282,2011-01-04 11:42:00,2011-01-04 11:42:00,1,168.3,168.3,340,0,1,1,1,3,Other,0
16283,2011-05-15 13:37:00,2011-12-04 12:08:00,5,1570.81,314.162,6,202,4,4,3,11,Champions,1
16284,2011-10-20 13:54:00,2011-11-08 16:12:00,2,812.6800000000001,406.34000000000003,31,19,3,2,3,8,New / Promising,0
16287,2011-06-23 09:08:00,2011-06-23 09:08:00,1,142.5,142.5,170,0,1,1,1,3,Other,0
16292,2011-08-10 12:24:00,2011-08-10 12:24:00,1,302.25,302.25,122,0,2,1,1,4,Other,0
16293,2010-12-07 15:02:00,2011-11-18 09:58:00,10,2248.9900000000002,224.89900000000003,22,345,3,4,4,11,Loyal Customers,1
16295,2011-10-06 10:45:00,2011-11-30 08:17:00,4,1328.55,332.1375,10,54,4,3,3,10,Loyal Customers,1
16297,2011-03-16 08:29:00,2011-03-16 08:29:00,1,301.9,301.9,269,0,1,1,1,3,Other,0
16298,2011-06-06 10:06:00,2011-11-17 11:59:00,3,598.2,199.4,23,164,3,3,2,8,Loyal Customers,0
16302,2011-08-05 09:44:00,2011-08-05 09:44:00,1,233.22,233.22,127,0,2,1,1,4,Other,0
16303,2011-01-10 14:16:00,2011-11-14 10:49:00,3,5360.63,1786.8766666666668,26,307,3,3,4,10,Loyal Customers,1
16305,2011-07-24 12:18:00,2011-07-24 12:18:00,1,361.21999999999997,361.21999999999997,139,0,2,1,2,5,Other,0
16306,2010-12-07 15:18:00,2011-05-10 12:12:00,6,632.27,105.37833333333333,214,153,1,4,2,7,At Risk,0
16308,2011-03-23 14:46:00,2011-11-02 11:24:00,4,2560.0,640.0,38,223,3,3,4,10,Loyal Customers,1
16309,2011-04-13 11:46:00,2011-08-25 15:35:00,2,706.5699999999999,353.28499999999997,106,134,2,2,3,7,Other,0
16311,2011-10-21 13:13:00,2011-11-22 08:54:00,2,616.26,308.13,18,31,3,2,2,7,New / Promising,0
16313,2011-10-21 09:04:00,2011-12-06 13:02:00,2,274.15,137.075,3,46,4,2,1,7,New / Promising,0
16315,2011-01-13 11:57:00,2011-01-13 11:57:00,1,226.37,226.37,331,0,1,1,1,3,Other,0
16316,2010-12-16 14:26:00,2011-10-06 13:48:00,8,2938.91,367.36375,64,293,2,4,4,10,At Risk,1
16317,2011-02-15 14:30:00,2011-08-12 12:46:00,3,1341.65,447.2166666666667,120,177,2,3,3,8,At Risk,0
16318,2011-11-04 13:05:00,2011-11-04 13:05:00,1,328.15,328.15,35,0,3,1,2,6,New / Promising,0
16319,2011-05-06 11:27:00,2011-05-06 11:27:00,1,404.40000000000003,404.40000000000003,218,0,1,1,2,4,Other,0
16320,2011-05-10 15:31:00,2011-06-20 15:25:00,2,1038.46,519.23,172,40,1,2,3,6,Other,0
16321,2011-01-20 12:11:00,2011-09-28 14:55:00,5,373.65,74.72999999999999,72,251,2,4,2,8,At Risk,0
16322,2011-11-03 14:33:00,2011-12-08 15:41:00,2,326.75,163.375,1,35,4,2,2,8,New / Promising,1
16323,2011-05-27 14:48:00,2011-05-27 14:48:00,1,207.50000000000003,207.50000000000003,196,0,1,1,1,3,Other,0
16324,2011-06-15 14:26:00,2011-08-03 12:58:00,3,408.59000000000003,136.1966666666667,128,48,2,3,2,7,At Risk,0
16325,2011-04-08 09:20:00,2011-10-24 08:48:00,3,594.24,198.08,47,198,3,3,2,8,Loyal Customers,0
16326,2011-01-09 12:01:00,2011-12-04 10:11:00,14,3039.22,217.08714285714285,6,328,4,4,4,12,Champions,1
16327,2010-12-05 12:43:00,2011-11-25 13:23:00,6,3820.27,636.7116666666667,14,355,4,4,4,12,Champions,1
16330,2011-08-19 17:08:00,2011-11-22 12:24:00,3,251.91,83.97,18,94,3,3,1,7,Loyal Customers,0
16332,2011-02-07 14:16:00,2011-11-11 14:22:00,7,1582.8,226.1142857142857,28,277,3,4,3,10,Loyal Customers,1
16333,2011-02-03 10:50:00,2011-12-02 12:19:00,22,26626.8,1210.3090909090909,8,302,4,4,4,12,Champions,1
16337,2011-11-03 10:03:00,2011-11-03 10:03:00,1,151.05,151.05,37,0,3,1,1,5,New / Promising,0
16338,2011-07-05 13:56:00,2011-07-05 13:56:00,1,214.8,214.8,157,0,1,1,1,3,Other,0
16339,2011-02-28 13:41:00,2011-02-28 13:41:00,1,94.05,94.05,284,0,1,1,1,3,Other,0
16340,2011-08-24 14:53:00,2011-08-24 14:53:00,1,534.31,534.31,107,0,2,1,2,5,Other,0
16341,2011-05-22 13:20:00,2011-11-15 09:12:00,4,1971.87,492.9675,25,176,3,3,4,10,Loyal Customers,1
16342,2011-06-13 10:10:00,2011-09-25 14:36:00,4,322.40999999999997,80.60249999999999,75,104,2,3,2,7,At Risk,0
16343,2011-11-23 17:43:00,2011-11-23 17:45:00,2,328.58,164.29,16,0,4,2,2,8,New / Promising,0
16344,2011-07-04 15:50:00,2011-07-04 15:50:00,1,101.10000000000001,101.10000000000001,158,0,1,1,1,3,Other,0
16345,2011-10-26 16:03:00,2011-10-26 16:03:00,1,565.46,565.46,44,0,3,1,2,6,New / Promising,0
16347,2011-11-03 13:01:00,2011-11-28 13:14:00,2,847.45,423.725,11,25,4,2,3,9,New / Promising,1
16348,2011-04-13 15:49:00,2011-11-07 15:44:00,7,1415.6499999999999,202.23571428571427,32,207,3,4,3,10,Loyal Customers,1
16349,2011-02-22 12:40:00,2011-02-22 12:40:00,1,53.5,53.5,291,0,1,1,1,3,Other,0
16350,2011-01-10 09:44:00,2011-11-18 15:53:00,4,1116.47,279.1175,21,312,3,3,3,9,Loyal Customers,1
16351,2011-01-11 10:26:00,2011-01-11 10:26:00,1,153.9,153.9,333,0,1,1,1,3,Other,0
16352,2011-11-02 08:44:00,2011-11-22 10:32:00,2,494.44,247.22,18,20,3,2,2,7,New / Promising,0
16353,2010-12-05 12:09:00,2011-12-06 12:23:00,23,6675.710000000001,290.2482608695653,4,366,4,4,4,12,Champions,1
16354,2011-09-27 16:28:00,2011-10-07 14:28:00,2,395.8,197.9,63,9,2,2,2,6,Other,0
16356,2011-03-07 12:31:00,2011-05-26 11:51:00,3,211.76999999999998,70.58999999999999,198,79,1,3,1,5,At Risk,0
16357,2011-05-10 10:35:00,2011-11-06 16:04:00,3,658.88,219.62666666666667,33,180,3,3,2,8,Loyal Customers,0
16358,2011-06-08 15:05:00,2011-12-08 15:09:00,4,2027.5,506.875,1,183,4,3,4,11,Loyal Customers,1
16359,2011-01-12 10:49:00,2011-12-02 17:04:00,9,1750.92,194.54666666666668,7,324,4,4,4,12,Champions,1
16360,2011-09-12 13:50:00,2011-12-05 12:16:00,6,3450.41,575.0683333333333,5,83,4,4,4,12,Champions,1
16361,2011-09-29 13:13:00,2011-11-30 12:32:00,4,891.21,222.8025,10,61,4,3,3,10,Loyal Customers,1
16362,2011-09-09 14:47:00,2011-11-07 13:01:00,5,709.99,141.998,32,58,3,4,3,10,Loyal Customers,1
16363,2011-10-17 14:14:00,2011-10-17 14:14:00,1,109.36,109.36,53,0,2,1,1,4,Other,0
16364,2011-07-25 14:35:00,2011-11-28 11:27:00,2,705.79,352.895,12,125,4,2,3,9,New / Promising,0
16365,2010-12-07 17:19:00,2011-11-22 11:24:00,9,1540.42,171.1577777777778,18,349,3,4,3,10,Loyal Customers,1
16366,2011-11-21 08:19:00,2011-11-21 08:19:00,1,327.3,327.3,19,0,3,1,2,6,New / Promising,0
16367,2010-12-12 12:01:00,2011-11-02 13:13:00,2,800.6700000000001,400.33500000000004,37,325,3,2,3,8,New / Promising,0
16368,2011-11-11 15:08:00,2011-12-07 13:12:00,2,479.91,239.955,2,25,4,2,2,8,New / Promising,1
16369,2011-05-27 09:39:00,2011-11-21 16:25:00,3,1545.41,515.1366666666667,18,178,3,3,3,9,Loyal Customers,1
16370,2011-04-28 16:40:00,2011-09-18 15:55:00,4,1301.91,325.4775,82,142,2,3,3,8,At Risk,0
16372,2011-11-06 12:50:00,2011-11-06 13:08:00,2,355.73,177.865,33,0,3,2,2,7,New / Promising,0
16374,2011-03-22 13:46:00,2011-10-04 15:21:00,2,466.73,233.365,66,196,2,2,2,6,Other,0
16376,2011-11-22 16:47:00,2011-12-01 11:38:00,2,974.96,487.48,9,8,4,2,3,9,New / Promising,1
16377,2011-03-17 15:41:00,2011-03-17 15:41:00,1,676.2,676.2,267,0,1,1,3,5,Other,0
16378,2011-02-02 12:42:00,2011-04-06 15:07:00,3,362.95,120.98333333333333,247,63,1,3,2,6,At Risk,0
16379,2011-09-22 09:33:00,2011-12-05 15:38:00,4,2157.4,539.35,4,74,4,3,4,11,Loyal Customers,1
16380,2011-10-09 15:40:00,2011-10-09 15:40:00,1,1743.15,1743.15,61,0,2,1,4,7,High Value,0
16383,2011-03-16 13:00:00,2011-09-26 12:45:00,2,643.76,321.88,75,193,2,2,2,6,Other,0
16384,2011-03-21 10:13:00,2011-09-11 11:19:00,2,584.5,292.25,90,174,2,2,2,6,Other,0
16385,2010-12-08 12:56:00,2011-10-10 13:12:00,3,554.86,184.95333333333335,60,306,2,3,2,7,At Risk,0
16386,2011-03-31 12:19:00,2011-11-11 12:28:00,2,302.57,151.285,29,225,3,2,1,6,New / Promising,0
16387,2011-01-21 11:34:00,2011-01-21 11:34:00,1,94.36,94.36,323,0,1,1,1,3,Other,0
16389,2011-03-01 15:47:00,2011-10-17 14:41:00,4,1382.07,345.5175,53,229,2,3,3,8,At Risk,1
16392,2011-03-15 12:11:00,2011-03-15 12:11:00,1,217.89,217.89,270,0,1,1,1,3,Other,0
16393,2010-12-05 13:10:00,2011-12-07 12:51:00,13,3040.96,233.92000000000002,2,366,4,4,4,12,Champions,1
16394,2011-02-23 10:58:00,2011-10-14 09:48:00,5,1555.34,311.068,57,232,2,4,3,9,At Risk,1
16395,2011-01-13 12:10:00,2011-10-10 12:50:00,5,1482.06,296.412,61,270,2,4,3,9,At Risk,1
16398,2011-03-31 09:38:00,2011-07-08 15:16:00,2,1705.8000000000002,852.9000000000001,154,99,1,2,4,7,High Value,0
16399,2011-04-18 13:46:00,2011-11-20 16:12:00,2,408.02,204.01,19,216,3,2,2,7,New / Promising,0
16400,2011-09-06 12:27:00,2011-09-06 12:27:00,1,303.93,303.93,95,0,2,1,1,4,Other,0
16401,2011-01-16 10:56:00,2011-12-08 18:15:00,12,4098.32,341.52666666666664,1,326,4,4,4,12,Champions,1
16402,2010-12-05 13:42:00,2011-03-20 12:25:00,2,293.45,146.725,265,104,1,2,1,4,Other,0
16403,2011-01-31 13:39:00,2011-01-31 13:39:00,1,177.5,177.5,312,0,1,1,1,3,Other,0
16404,2011-09-30 14:55:00,2011-09-30 14:55:00,1,443.05,443.05,70,0,2,1,2,5,Other,0
16405,2011-02-02 17:08:00,2011-02-10 15:24:00,2,167.25,83.625,302,7,1,2,1,4,Other,0
16406,2011-11-21 11:57:00,2011-11-21 11:57:00,1,154.35,154.35,19,0,3,1,1,5,New / Promising,0
16407,2011-01-31 14:02:00,2011-11-27 11:05:00,10,2079.68,207.968,13,299,4,4,4,12,Champions,1
16409,2011-01-26 14:51:00,2011-11-03 16:45:00,5,2022.98,404.596,36,281,3,4,4,11,Loyal Customers,1
16411,2010-12-05 13:26:00,2011-11-20 13:23:00,2,211.70000000000002,105.85000000000001,19,349,3,2,1,6,New / Promising,0
16412,2011-10-17 12:35:00,2011-10-17 12:35:00,1,135.99,135.99,54,0,2,1,1,4,Other,0
16413,2011-10-14 12:08:00,2011-10-14 12:08:00,1,262.2,262.2,57,0,2,1,1,4,Other,0
16414,2011-03-04 13:27:00,2011-11-18 09:42:00,2,126.25,63.125,22,258,3,2,1,6,New / Promising,0
16415,2011-10-26 13:35:00,2011-10-26 13:35:00,1,200.26999999999998,200.26999999999998,44,0,3,1,1,5,New / Promising,0
16416,2011-10-14 13:35:00,2011-11-13 12:50:00,3,1051.4,350.4666666666667,27,29,3,3,3,9,Loyal Customers,1
16418,2011-04-27 16:54:00,2011-10-26 12:39:00,3,631.12,210.37333333333333,45,181,3,3,2,8,Loyal Customers,0
16419,2011-02-01 12:25:00,2011-08-19 12:33:00,6,958.7099999999999,159.785,113,199,2,4,3,9,At Risk,1
16422,2010-12-05 15:35:00,2011-11-22 14:00:00,51,34684.4,680.086274509804,17,351,4,4,4,12,Champions,1
16423,2011-11-15 09:21:00,2011-11-15 09:21:00,1,346.12,346.12,25,0,3,1,2,6,New / Promising,0
16424,2011-06-01 13:40:00,2011-06-01 13:40:00,1,133.56,133.56,191,0,1,1,1,3,Other,0
16425,2011-02-10 14:30:00,2011-02-10 14:30:00,1,302.7,302.7,302,0,1,1,1,3,Other,0
16426,2011-03-08 15:45:00,2011-12-07 14:01:00,10,1863.76,186.376,2,273,4,4,4,12,Champions,1
16427,2011-02-28 15:18:00,2011-03-21 17:10:00,2,241.06,120.53,263,21,1,2,1,4,Other,0
16429,2011-08-25 13:54:00,2011-08-25 13:54:00,1,284.55,284.55,106,0,2,1,1,4,Other,0
16430,2011-10-13 14:47:00,2011-10-13 14:47:00,1,300.85,300.85,57,0,2,1,1,4,Other,0
16431,2011-02-15 14:02:00,2011-05-10 14:09:00,3,623.28,207.76,213,84,1,3,2,6,At Risk,0
16432,2011-10-06 13:59:00,2011-10-06 13:59:00,1,287.4,287.4,64,0,2,1,1,4,Other,0
16433,2011-11-11 14:09:00,2011-11-11 14:09:00,1,184.26,184.26,28,0,3,1,1,5,New / Promising,0
16434,2011-02-13 12:17:00,2011-11-10 14:28:00,7,1511.8,215.97142857142856,29,270,3,4,3,10,Loyal Customers,1
16438,2011-09-18 13:31:00,2011-12-04 10:51:00,5,798.35,159.67000000000002,6,76,4,4,3,11,Champions,1
16440,2011-05-09 12:25:00,2011-12-02 12:02:00,5,3640.67,728.134,8,206,4,4,4,12,Champions,1
16441,2011-02-21 17:35:00,2011-10-03 17:48:00,2,381.2,190.6,67,224,2,2,2,6,Other,0
16442,2010-12-14 10:46:00,2011-12-08 11:43:00,3,609.3,203.1,2,359,4,3,2,9,Loyal Customers,1
16444,2011-03-20 12:14:00,2011-10-24 13:50:00,4,654.67,163.6675,46,218,3,3,2,8,Loyal Customers,0
16445,2011-11-06 12:32:00,2011-11-06 12:32:00,1,230.51,230.51,34,0,3,1,1,5,New / Promising,0
16446,2011-05-18 09:52:00,2011-12-09 09:15:00,2,168472.5,84236.25,1,204,4,2,4,10,New / Promising,1
16447,2011-07-27 12:45:00,2011-07-27 12:45:00,1,255.91,255.91,136,0,2,1,1,4,Other,0
16448,2011-05-25 16:28:00,2011-05-25 16:28:00,1,182.99,182.99,198,0,1,1,1,3,Other,0
16449,2011-03-04 12:15:00,2011-05-26 10:25:00,2,707.69,353.845,198,82,1,2,3,6,Other,0
16450,2011-07-13 11:47:00,2011-07-13 11:47:00,1,311.92,311.92,150,0,1,1,2,4,Other,0
16451,2011-09-13 09:17:00,2011-09-13 09:17:00,1,266.97,266.97,88,0,2,1,1,4,Other,0
16454,2011-10-06 16:57:00,2011-10-26 11:40:00,2,6.9,3.45,45,19,3,2,1,6,New / Promising,0
16455,2010-12-03 16:44:00,2011-10-07 12:17:00,7,1841.1799999999998,263.0257142857143,64,307,2,4,4,10,At Risk,1
16456,2010-12-01 14:11:00,2011-09-01 13:50:00,5,2158.18,431.63599999999997,99,273,2,4,4,10,At Risk,1
16457,2011-05-05 13:19:00,2011-05-05 13:19:00,1,208.36,208.36,218,0,1,1,1,3,Other,0
16458,2010-12-14 11:51:00,2011-12-07 09:34:00,18,3482.7400000000002,193.48555555555558,3,357,4,4,4,12,Champions,1
16460,2011-09-19 10:15:00,2011-11-11 13:46:00,3,811.23,270.41,28,53,3,3,3,9,Loyal Customers,0
16461,2011-06-15 12:07:00,2011-06-15 12:07:00,1,142.92,142.92,178,0,1,1,1,3,Other,0
16462,2011-03-01 08:58:00,2011-09-27 10:24:00,3,136.0,45.333333333333336,74,210,2,3,1,6,At Risk,0
16463,2011-05-19 14:45:00,2011-11-18 14:01:00,4,1422.4,355.6,21,182,3,3,3,9,Loyal Customers,1
16464,2011-07-20 13:53:00,2011-11-20 12:11:00,3,1298.6599999999999,432.8866666666666,20,122,3,3,3,9,Loyal Customers,1
16466,2011-02-20 11:39:00,2011-11-06 11:35:00,7,1595.96,227.99428571428572,34,258,3,4,3,10,Loyal Customers,1
16468,2011-09-26 14:13:00,2011-09-26 14:13:00,1,74.9,74.9,74,0,2,1,1,4,Other,0
16469,2011-04-07 13:11:00,2011-11-16 12:25:00,4,625.42,156.355,24,222,3,3,2,8,Loyal Customers,1
16470,2010-12-16 11:53:00,2011-10-19 12:11:00,4,752.77,188.1925,52,307,2,3,3,8,At Risk,0
16471,2011-03-10 09:41:00,2011-03-10 09:41:00,1,223.95000000000002,223.95000000000002,275,0,1,1,1,3,Other,0
16473,2011-01-07 10:55:00,2011-06-28 09:10:00,3,316.11,105.37,165,171,1,3,2,6,At Risk,0
16474,2011-07-17 14:51:00,2011-12-02 13:02:00,7,1810.65,258.6642857142857,7,137,4,4,4,12,Champions,1
16475,2011-03-11 09:39:00,2011-09-12 14:37:00,4,544.3,136.075,88,185,2,3,2,7,At Risk,0
16477,2010-12-03 12:48:00,2011-10-07 09:44:00,7,2494.46,356.3514285714286,64,307,2,4,4,10,At Risk,1
16478,2011-10-05 12:02:00,2011-11-14 15:51:00,3,331.0,110.33333333333333,25,40,3,3,2,8,Loyal Customers,0
16479,2011-11-29 13:04:00,2011-11-29 13:40:00,2,300.83000000000004,150.41500000000002,10,0,4,2,1,7,New / Promising,0
16480,2011-09-25 11:40:00,2011-09-25 11:40:00,1,769.29,769.29,76,0,2,1,3,6,Other,0
16482,2011-11-24 12:33:00,2011-11-24 12:33:00,1,220.62,220.62,16,0,4,1,1,6,New / Promising,0
16483,2011-05-31 13:08:00,2011-05-31 13:08:00,1,139.35,139.35,192,0,1,1,1,3,Other,0
16484,2011-06-02 10:39:00,2011-06-19 12:06:00,2,404.3,202.15,174,17,1,2,2,5,Other,0
16485,2011-09-23 15:50:00,2011-09-23 15:50:00,1,363.65000000000003,363.65000000000003,77,0,2,1,2,5,Other,0
16488,2011-07-14 11:46:00,2011-11-06 13:42:00,3,498.8,166.26666666666668,33,115,3,3,2,8,Loyal Customers,0
16491,2011-10-24 10:18:00,2011-10-24 10:18:00,1,731.5,731.5,47,0,3,1,3,7,New / Promising,0
16493,2011-01-14 08:16:00,2011-09-21 11:10:00,4,1351.63,337.9075,80,250,2,3,3,8,At Risk,1
16494,2011-02-16 12:49:00,2011-02-16 12:49:00,1,826.53,826.53,297,0,1,1,3,5,Other,0
16495,2011-03-08 16:38:00,2011-12-06 13:20:00,3,648.26,216.08666666666667,3,272,4,3,2,9,Loyal Customers,1
16496,2011-01-27 09:42:00,2011-12-01 10:31:00,3,1599.52,533.1733333333333,9,308,4,3,3,10,Loyal Customers,1
16497,2011-01-10 13:20:00,2011-10-21 10:55:00,6,2965.69,494.2816666666667,50,283,3,4,4,11,Loyal Customers,1
16498,2011-06-30 19:52:00,2011-07-01 15:07:00,2,100.97,50.485,161,0,1,2,1,4,Other,0
16499,2010-12-10 10:27:00,2010-12-14 13:31:00,2,365.45000000000005,182.72500000000002,360,4,1,2,2,5,Other,0
16500,2011-01-13 10:28:00,2011-12-05 12:04:00,6,400.86,66.81,5,326,4,4,2,10,Loyal Customers,1
16503,2010-12-14 13:50:00,2011-08-25 11:46:00,4,1431.9299999999998,357.98249999999996,107,253,2,3,3,8,At Risk,0
16504,2011-11-14 15:18:00,2011-11-14 15:18:00,1,465.88,465.88,25,0,3,1,2,6,New / Promising,0
16505,2011-11-08 12:14:00,2011-11-08 12:14:00,1,777.6,777.6,32,0,3,1,3,7,New / Promising,0
16506,2011-10-30 15:50:00,2011-11-20 12:17:00,2,90.30000000000001,45.150000000000006,20,20,3,2,1,6,New / Promising,0
16509,2011-02-16 09:25:00,2011-02-16 09:25:00,1,363.70000000000005,363.70000000000005,297,0,1,1,2,4,Other,0
16510,2010-12-02 13:39:00,2010-12-02 13:39:00,1,248.1,248.1,372,0,1,1,1,3,Other,0
16511,2011-03-18 11:24:00,2011-11-18 10:41:00,3,918.33,306.11,22,244,3,3,3,9,Loyal Customers,1
16513,2011-10-27 14:56:00,2011-12-05 10:18:00,4,874.59,218.6475,5,38,4,3,3,10,Loyal Customers,1
16515,2011-02-01 13:09:00,2011-10-18 13:10:00,5,1624.14,324.82800000000003,52,259,2,4,3,9,At Risk,1
16516,2011-11-09 14:59:00,2011-11-09 14:59:00,1,101.7,101.7,30,0,3,1,1,5,New / Promising,0
16517,2011-03-07 13:50:00,2011-03-07 13:50:00,1,162.7,162.7,277,0,1,1,1,3,Other,0
16518,2011-02-28 16:36:00,2011-10-09 15:04:00,2,484.32,242.16,61,222,2,2,2,6,Other,0
16519,2010-12-09 14:08:00,2011-11-14 15:41:00,2,215.07999999999998,107.53999999999999,25,340,3,2,1,6,New / Promising,0
16520,2010-12-09 13:08:00,2011-06-06 13:24:00,3,1046.57,348.8566666666666,186,179,1,3,3,7,At Risk,0
16523,2011-01-28 12:06:00,2011-12-08 09:06:00,21,9418.47,448.4985714285714,2,313,4,4,4,12,Champions,1
16525,2010-12-08 11:31:00,2011-12-07 15:07:00,26,13027.45,501.0557692307693,2,364,4,4,4,12,Champions,1
16526,2011-06-21 12:02:00,2011-06-21 12:02:00,1,290.36,290.36,172,0,1,1,1,3,Other,0
16527,2011-09-19 16:21:00,2011-09-19 16:21:00,1,228.06,228.06,81,0,2,1,1,4,Other,0
16528,2011-12-06 12:45:00,2011-12-06 12:45:00,1,244.41,244.41,4,0,4,1,1,6,New / Promising,0
16529,2011-06-02 17:23:00,2011-06-02 17:23:00,1,455.25,455.25,190,0,1,1,2,4,Other,0
16531,2010-12-14 13:19:00,2011-11-17 16:29:00,7,1244.59,177.79857142857142,22,338,3,4,3,10,Loyal Customers,1
16532,2011-01-05 12:37:00,2011-11-22 11:08:00,3,6748.8,2249.6,18,320,3,3,4,10,Loyal Customers,1
16533,2011-10-02 15:07:00,2011-11-20 13:08:00,3,1082.81,360.93666666666667,19,48,3,3,3,9,Loyal Customers,1
16535,2011-12-04 15:18:00,2011-12-04 15:18:00,1,593.75,593.75,5,0,4,1,2,7,New / Promising,0
16536,2011-08-21 15:54:00,2011-08-21 15:54:00,1,548.12,548.12,110,0,2,1,2,5,Other,0
16539,2010-12-01 15:40:00,2011-12-07 08:41:00,4,1388.81,347.2025,3,370,4,3,3,10,Loyal Customers,1
16542,2011-10-17 10:47:00,2011-10-17 10:47:00,1,119.62,119.62,54,0,2,1,1,4,Other,0
16545,2011-06-28 10:37:00,2011-06-28 10:37:00,1,339.3,339.3,165,0,1,1,2,4,Other,0
16546,2010-12-02 12:07:00,2011-02-22 11:20:00,2,787.1500000000001,393.57500000000005,291,81,1,2,3,6,Other,0
16549,2011-01-09 14:03:00,2011-11-29 15:06:00,10,4034.9,403.49,10,324,4,4,4,12,Champions,1
16550,2010-12-06 13:53:00,2011-08-23 11:12:00,5,2298.9700000000003,459.79400000000004,109,259,2,4,4,10,At Risk,1
16551,2011-01-07 10:24:00,2011-09-05 09:38:00,3,922.12,307.37333333333333,96,240,2,3,3,8,At Risk,0
16552,2010-12-01 12:36:00,2011-04-11 10:04:00,2,379.73,189.865,243,130,1,2,2,5,Other,0
16553,2010-12-14 13:58:00,2011-06-29 15:42:00,12,5719.82,476.65166666666664,163,197,1,4,4,9,At Risk,1
16554,2011-01-12 12:41:00,2011-10-28 14:51:00,3,837.1,279.03333333333336,42,289,3,3,3,9,Loyal Customers,0
16555,2011-08-22 12:32:00,2011-11-04 14:31:00,2,285.89,142.945,35,74,3,2,1,6,New / Promising,0
16556,2010-12-14 13:32:00,2011-10-04 11:36:00,7,3313.79,473.3985714285714,67,293,2,4,4,10,At Risk,1
16557,2011-07-25 13:28:00,2011-11-15 14:04:00,2,281.85,140.925,24,113,3,2,1,6,New / Promising,0
16558,2010-12-08 12:01:00,2011-12-09 10:20:00,20,8338.49,416.92449999999997,1,365,4,4,4,12,Champions,1
16560,2010-12-16 14:36:00,2011-11-13 10:35:00,2,841.4100000000001,420.70500000000004,27,331,3,2,3,8,New / Promising,0
16561,2011-10-11 09:53:00,2011-12-04 11:50:00,2,511.12,255.56,6,54,4,2,2,8,New / Promising,1
16563,2011-10-17 11:51:00,2011-10-17 11:51:00,1,1077.74,1077.74,54,0,2,1,3,6,Other,0
16565,2010-12-10 15:21:00,2010-12-10 15:21:00,1,173.7,173.7,364,0,1,1,1,3,Other,0
16566,2011-02-20 10:29:00,2011-11-24 16:34:00,5,614.66,122.93199999999999,15,277,4,4,2,10,Loyal Customers,1
16567,2011-01-07 09:31:00,2011-05-29 13:57:00,2,865.5999999999999,432.79999999999995,194,142,1,2,3,6,Other,0
16569,2011-12-06 15:32:00,2011-12-06 15:32:00,1,124.2,124.2,3,0,4,1,1,6,New / Promising,0
16570,2011-02-01 10:37:00,2011-11-24 17:02:00,10,3738.4,373.84000000000003,15,296,4,4,4,12,Champions,1
16571,2011-03-03 09:41:00,2011-11-13 11:46:00,3,1421.69,473.8966666666667,27,255,3,3,3,9,Loyal Customers,1
16572,2011-03-09 12:04:00,2011-08-04 16:34:00,3,1009.5999999999999,336.5333333333333,127,148,2,3,3,8,At Risk,0
16573,2011-02-22 15:14:00,2011-09-16 09:13:00,2,663.61,331.805,85,205,2,2,2,6,Other,0
16574,2011-09-29 13:39:00,2011-09-29 13:39:00,1,451.44,451.44,71,0,2,1,2,5,Other,0
16581,2011-06-10 10:05:00,2011-06-10 10:05:00,1,105.84,105.84,183,0,1,1,1,3,Other,0
16582,2011-08-18 17:02:00,2011-08-18 17:02:00,1,313.62,313.62,113,0,2,1,2,5,Other,0
16583,2010-12-01 12:03:00,2010-12-01 12:03:00,1,233.45,233.45,374,0,1,1,1,3,Other,0
16584,2011-03-30 13:14:00,2011-09-20 13:45:00,2,936.08,468.04,80,174,2,2,3,7,Other,0
16586,2011-04-05 09:32:00,2011-04-05 09:32:00,1,463.95,463.95,249,0,1,1,2,4,Other,0
16587,2011-04-21 15:51:00,2011-04-21 15:51:00,1,225.15,225.15,232,0,1,1,1,3,Other,0
16589,2011-07-01 13:31:00,2011-09-29 14:50:00,3,459.24,153.08,71,90,2,3,2,7,At Risk,0
16591,2011-10-02 10:43:00,2011-10-02 10:43:00,1,213.50000000000003,213.50000000000003,69,0,2,1,1,4,Other,0
16592,2011-02-25 10:19:00,2011-12-05 13:49:00,16,4113.68,257.105,4,283,4,4,4,12,Champions,1
16593,2011-01-16 12:11:00,2011-10-20 12:41:00,3,330.03,110.00999999999999,51,277,2,3,2,7,At Risk,0
16594,2011-09-25 14:08:00,2011-09-25 14:08:00,1,181.09,181.09,75,0,2,1,1,4,Other,0
16595,2011-10-09 13:15:00,2011-10-09 13:15:00,1,360.16,360.16,61,0,2,1,2,5,Other,0
16596,2010-12-08 16:18:00,2011-11-24 10:02:00,2,250.15,125.075,16,350,4,2,1,7,New / Promising,0
16597,2011-12-05 15:44:00,2011-12-05 15:44:00,1,90.04,90.04,4,0,4,1,1,6,New / Promising,0
16598,2011-02-27 11:42:00,2011-02-27 11:42:00,1,145.04999999999998,145.04999999999998,286,0,1,1,1,3,Other,0
16600,2011-01-05 12:13:00,2011-12-05 16:00:00,6,813.52,135.58666666666667,4,334,4,4,3,11,Champions,1
16601,2011-10-30 11:09:00,2011-10-30 11:09:00,1,242.7,242.7,41,0,3,1,1,5,New / Promising,0
16602,2011-11-03 15:54:00,2011-11-03 15:54:00,1,528.0799999999999,528.0799999999999,36,0,3,1,2,6,New / Promising,0
16603,2011-09-09 13:02:00,2011-09-26 10:06:00,2,482.47,241.235,75,16,2,2,2,6,Other,0
16607,2010-12-16 08:41:00,2011-11-22 10:24:00,14,3347.71,239.12214285714285,18,341,3,4,4,11,Loyal Customers,1
16609,2011-04-01 10:11:00,2011-11-24 13:32:00,7,5493.46,784.78,15,237,4,4,4,12,Champions,1
16610,2011-05-04 13:13:00,2011-05-04 13:13:00,1,75.66,75.66,219,0,1,1,1,3,Other,0
16611,2011-06-06 15:46:00,2011-06-06 15:46:00,1,129.49,129.49,186,0,1,1,1,3,Other,0
16612,2011-02-01 10:38:00,2011-11-07 07:38:00,4,1187.66,296.915,33,278,3,3,3,9,Loyal Customers,1
16613,2011-09-30 15:52:00,2011-09-30 15:52:00,1,618.59,618.59,70,0,2,1,2,5,Other,0
16614,2011-06-10 11:36:00,2011-06-10 11:36:00,1,506.19,506.19,183,0,1,2,2,5,Other,0
16616,2011-07-05 13:38:00,2011-11-24 16:31:00,2,500.41999999999996,250.20999999999998,15,142,4,2,2,8,New / Promising,0
16617,2011-04-18 10:35:00,2011-04-18 10:35:00,1,151.85,151.85,236,0,1,2,1,4,Other,0
16618,2011-01-21 11:55:00,2011-11-08 13:52:00,5,2647.59,529.518,31,291,3,4,4,11,Loyal Customers,1
16619,2011-03-21 08:18:00,2011-03-21 08:18:00,1,226.21,226.21,264,0,1,2,1,4,Other,0
16620,2011-03-24 10:37:00,2011-12-06 12:19:00,2,178.95999999999998,89.47999999999999,4,257,4,2,1,7,New / Promising,0
16621,2011-03-07 11:32:00,2011-10-19 11:38:00,4,813.48,203.37,52,226,2,3,3,8,At Risk,0
16623,2011-04-08 10:09:00,2011-04-08 10:09:00,1,129.45000000000002,129.45000000000002,246,0,1,2,1,4,Other,0
16624,2011-05-26 14:20:00,2011-09-20 12:39:00,2,810.5699999999999,405.28499999999997,81,116,2,2,3,7,Other,0
16625,2011-03-10 12:50:00,2011-03-10 12:50:00,1,333.08,333.08,275,0,1,2,2,5,Other,0
16626,2011-03-18 12:27:00,2011-12-09 11:56:00,17,4413.1,259.59411764705885,1,265,4,4,4,12,Champions,1
16627,2011-09-21 14:38:00,2011-09-21 14:38:00,1,322.8,322.8,79,0,2,2,2,6,Other,0
16628,2011-04-19 08:55:00,2011-11-10 12:45:00,5,2188.05,437.61,30,205,3,4,4,11,Loyal Customers,1
16629,2011-09-04 16:12:00,2011-09-27 10:34:00,2,408.63,204.315,74,22,2,2,2,6,Other,0
16633,2011-04-19 14:36:00,2011-11-22 13:41:00,6,2883.1,480.51666666666665,17,216,4,4,4,12,Champions,1
16634,2010-12-02 17:41:00,2011-05-01 12:09:00,2,217.9,108.95,223,149,1,2,1,4,Other,0
16637,2011-04-28 10:20:00,2011-11-07 13:17:00,4,1154.47,288.6175,32,193,3,3,3,9,Loyal Customers,1
16638,2010-12-06 10:19:00,2011-11-17 11:09:00,10,1680.72,168.072,23,346,3,4,4,11,Loyal Customers,1
16639,2011-04-18 09:31:00,2011-11-08 13:20:00,3,1257.5100000000002,419.1700000000001,31,204,3,3,3,9,Loyal Customers,1
16641,2011-08-26 12:49:00,2011-08-26 12:49:00,1,231.1,231.1,106,0,2,2,1,5,Other,0
16642,2011-05-16 12:35:00,2011-12-05 11:31:00,2,688.33,344.165,5,202,4,2,3,9,New / Promising,1
16643,2011-04-08 08:24:00,2011-04-08 08:24:00,1,487.51,487.51,246,0,1,2,2,5,Other,0
16644,2011-05-11 12:53:00,2011-06-15 12:39:00,2,833.78,416.89,178,34,1,2,3,6,Other,0
16647,2011-05-19 09:31:00,2011-06-23 11:47:00,2,214.06,107.03,170,35,1,2,1,4,Other,0
16648,2011-10-28 08:58:00,2011-10-28 08:58:00,1,290.65999999999997,290.65999999999997,43,0,3,2,1,6,New / Promising,0
16650,2011-09-29 09:51:00,2011-09-29 09:51:00,1,518.42,518.42,72,0,2,2,2,6,Other,0
16652,2011-03-11 13:13:00,2011-10-12 09:38:00,7,6773.97,967.71,59,214,2,4,4,10,At Risk,1
16653,2011-09-29 13:38:00,2011-11-23 14:51:00,2,1212.6599999999999,606.3299999999999,16,55,4,2,3,9,New / Promising,1
16654,2010-12-06 15:09:00,2011-07-21 15:23:00,4,601.27,150.3175,141,227,2,3,2,7,At Risk,0
16655,2011-01-12 10:16:00,2011-11-22 11:25:00,6,3789.52,631.5866666666667,18,314,3,4,4,11,Loyal Customers,1
16656,2010-12-10 11:23:00,2011-11-17 14:43:00,15,8625.8,575.0533333333333,22,342,3,4,4,11,Loyal Customers,1
16657,2011-03-30 12:02:00,2011-11-30 11:48:00,4,874.4300000000001,218.60750000000002,10,244,4,3,3,10,Loyal Customers,1
16658,2010-12-06 13:47:00,2010-12-06 13:47:00,1,123.24,123.24,368,0,1,2,1,4,Other,0
16659,2011-06-03 15:03:00,2011-06-03 15:03:00,1,39.12,39.12,189,0,1,2,1,4,Other,0
16660,2011-01-24 12:44:00,2011-11-23 14:53:00,4,1267.6499999999999,316.91249999999997,16,303,4,3,3,10,Loyal Customers,1
16665,2010-12-12 14:03:00,2010-12-12 14:03:00,1,135.4,135.4,362,0,1,2,1,4,Other,0
16666,2011-11-20 14:01:00,2011-11-20 14:01:00,1,118.98,118.98,19,0,3,2,1,6,New / Promising,0
16667,2011-02-28 12:57:00,2011-10-02 15:26:00,2,567.18,283.59,68,216,2,2,2,6,Other,0
16668,2011-02-28 12:46:00,2011-11-24 17:43:00,6,306.71999999999997,51.12,15,269,4,4,2,10,Loyal Customers,1
16669,2011-09-22 14:13:00,2011-11-16 12:26:00,3,1348.88,449.6266666666667,24,54,3,3,3,9,Loyal Customers,1
16670,2010-12-16 10:30:00,2011-11-23 09:34:00,11,4095.9,372.3545454545455,17,341,4,4,4,12,Champions,1
16671,2011-06-28 11:20:00,2011-11-11 13:40:00,3,1692.2700000000002,564.09,28,136,3,3,4,10,Loyal Customers,1
16672,2011-03-18 10:15:00,2011-12-07 16:29:00,20,8134.9400000000005,406.747,2,264,4,4,4,12,Champions,1
16674,2011-09-02 13:59:00,2011-10-16 11:31:00,2,304.24,152.12,55,43,2,2,1,5,Other,0
16676,2011-01-06 13:00:00,2011-11-06 12:01:00,4,1592.12,398.03,34,303,3,3,3,9,Loyal Customers,1
16678,2011-03-02 09:24:00,2011-12-07 12:17:00,12,3109.9900000000002,259.16583333333335,3,280,4,4,4,12,Champions,1
16679,2010-12-08 13:51:00,2010-12-08 13:51:00,1,129.75,129.75,366,0,1,2,1,4,Other,0
16680,2011-10-27 17:35:00,2011-10-27 17:35:00,1,183.7,183.7,43,0,3,2,1,6,New / Promising,0
16681,2011-03-31 13:46:00,2011-09-28 11:11:00,6,1770.34,295.0566666666667,73,180,2,4,4,10,At Risk,1
16682,2011-06-05 11:02:00,2011-12-05 12:13:00,5,1028.0,205.6,5,183,4,4,3,11,Champions,1
16684,2010-12-16 17:34:00,2011-12-05 14:06:00,28,66653.56,2380.4842857142858,4,353,4,4,4,12,Champions,1
16685,2011-10-09 13:44:00,2011-10-09 13:58:00,2,324.24,162.12,61,0,2,2,2,6,Other,0
16686,2010-12-19 14:41:00,2011-10-23 13:49:00,7,2959.88,422.84000000000003,47,307,3,4,4,11,Loyal Customers,1
16688,2011-10-10 12:23:00,2011-12-08 15:24:00,4,1260.86,315.215,1,59,4,3,3,10,Loyal Customers,1
16689,2011-09-18 13:29:00,2011-09-25 11:39:00,2,422.6,211.3,76,6,2,2,2,6,Other,0
16690,2011-05-22 10:53:00,2011-09-28 15:02:00,2,225.57999999999998,112.78999999999999,72,129,2,2,1,5,Other,0
16692,2011-02-23 15:41:00,2011-03-28 14:46:00,2,1276.0,638.0,256,32,1,2,3,6,Other,0
16693,2011-03-13 11:06:00,2011-10-02 11:10:00,2,477.86,238.93,69,203,2,2,2,6,Other,0
16696,2011-04-05 15:20:00,2011-07-27 14:23:00,4,657.9000000000001,164.47500000000002,135,112,2,3,2,7,At Risk,0
16697,2011-04-12 17:12:00,2011-04-12 17:12:00,1,112.75,112.75,241,0,1,2,1,4,Other,0
16698,2011-03-31 13:33:00,2011-04-27 10:52:00,2,1998.0,999.0,227,26,1,2,4,7,High Value,0
16700,2010-12-08 16:34:00,2011-12-01 11:00:00,13,5076.55,390.50384615384615,9,357,4,4,4,12,Champions,1
16701,2010-12-13 11:51:00,2011-12-01 11:10:00,13,5398.3,415.25384615384615,9,352,4,4,4,12,Champions,1
16705,2010-12-16 10:51:00,2011-12-09 12:08:00,20,14034.99,701.7495,1,358,4,4,4,12,Champions,1
16706,2011-08-17 15:53:00,2011-11-02 13:50:00,3,531.3499999999999,177.11666666666665,37,76,3,3,2,8,Loyal Customers,0
16708,2011-10-25 12:20:00,2011-10-25 12:20:00,1,656.63,656.63,46,0,3,2,2,7,New / Promising,0
16709,2011-03-03 10:55:00,2011-09-16 10:56:00,5,3029.87,605.9739999999999,85,197,2,4,4,10,At Risk,1
16710,2010-12-06 13:13:00,2011-11-20 14:50:00,10,2467.9900000000002,246.79900000000004,19,349,3,4,4,11,Loyal Customers,1
16711,2010-12-17 12:43:00,2011-12-06 16:32:00,5,1651.0300000000002,330.206,3,354,4,4,3,11,Champions,1
16712,2011-03-08 15:07:00,2011-11-30 13:48:00,11,3611.31,328.3009090909091,9,266,4,4,4,12,Champions,1
16713,2010-12-08 13:01:00,2011-11-21 12:36:00,15,6910.78,460.71866666666665,19,347,3,4,4,11,Loyal Customers,1
16714,2011-01-26 13:40:00,2011-05-05 11:09:00,3,1129.0600000000002,376.3533333333334,219,98,1,3,3,7,At Risk,0
16715,2011-09-22 18:15:00,2011-09-22 18:15:00,1,301.71999999999997,301.71999999999997,78,0,2,2,1,5,Other,0
16716,2011-02-01 15:35:00,2011-03-18 10:03:00,2,901.2,450.6,267,44,1,2,3,6,Other,0
16717,2010-12-08 16:48:00,2011-11-16 12:16:00,6,3843.08,640.5133333333333,24,342,3,4,4,11,Loyal Customers,1
16718,2010-12-05 13:03:00,2010-12-05 13:03:00,1,606.0500000000001,606.0500000000001,369,0,1,2,2,5,Other,0
16719,2010-12-06 12:06:00,2011-11-25 09:27:00,7,1770.22,252.88857142857142,15,353,4,4,4,12,Champions,1
16720,2011-11-13 16:22:00,2011-11-13 16:22:00,1,152.95,152.95,26,0,3,2,1,6,New / Promising,0
16721,2011-03-22 16:08:00,2011-03-22 16:08:00,1,292.47,292.47,262,0,1,2,1,4,Other,0
16722,2010-12-06 12:59:00,2011-11-22 13:28:00,13,4730.8099999999995,363.9084615384615,17,351,4,4,4,12,Champions,1
16723,2011-08-24 11:31:00,2011-09-09 13:01:00,2,576.4,288.2,91,16,2,2,2,6,Other,0
16725,2010-12-03 16:02:00,2011-02-10 16:52:00,7,758.27,108.32428571428571,302,69,1,4,3,8,At Risk,0
16726,2010-12-13 13:28:00,2011-11-13 14:53:00,5,1358.74,271.748,26,335,3,4,3,10,Loyal Customers,1
16727,2010-12-10 13:48:00,2010-12-10 13:48:00,1,256.32,256.32,364,0,1,2,1,4,Other,0
16728,2011-03-20 13:28:00,2011-10-24 14:36:00,4,1048.28,262.07,46,218,3,3,3,9,Loyal Customers,1
16729,2011-04-12 14:22:00,2011-11-01 14:29:00,21,7205.33,343.11095238095237,38,203,3,4,4,11,Loyal Customers,1
16730,2011-01-24 14:01:00,2011-10-18 14:11:00,3,743.11,247.70333333333335,52,267,2,3,3,8,At Risk,0
16732,2011-11-08 09:54:00,2011-11-08 09:54:00,1,603.75,603.75,32,0,3,2,2,7,New / Promising,0
16734,2011-08-17 15:00:00,2011-10-18 13:44:00,3,646.76,215.58666666666667,52,61,2,3,2,7,At Risk,0
16735,2011-01-09 12:53:00,2011-09-22 11:49:00,5,2247.41,449.48199999999997,79,255,2,4,4,10,At Risk,1
16737,2011-10-17 13:03:00,2011-10-17 13:03:00,1,417.59999999999997,417.59999999999997,53,0,2,2,2,6,Other,0
16738,2011-02-15 09:46:00,2011-02-15 09:46:00,1,3.75,3.75,298,0,1,2,1,4,Other,0
16739,2011-06-16 09:17:00,2011-06-16 09:17:00,1,323.0,323.0,177,0,1,2,2,5,Other,0
16742,2011-10-24 12:02:00,2011-10-24 12:02:00,1,464.9,464.9,47,0,3,2,2,7,New / Promising,0
16743,2010-12-16 12:15:00,2011-11-10 13:13:00,7,2213.13,316.1614285714286,29,329,3,4,4,11,Loyal Customers,1
16744,2011-06-19 15:13:00,2011-11-28 13:06:00,7,1291.9099999999999,184.5585714285714,11,161,4,4,3,11,Champions,1
16745,2011-02-01 11:31:00,2011-09-14 11:58:00,17,7180.700000000001,422.39411764705886,87,225,2,4,4,10,At Risk,1
16746,2010-12-16 11:43:00,2011-12-05 12:33:00,18,6680.11,371.1172222222222,5,354,4,4,4,12,Champions,1
16747,2011-10-03 10:18:00,2011-11-02 11:37:00,2,836.06,418.03,38,30,3,2,3,8,New / Promising,0
16748,2011-01-09 13:50:00,2011-11-22 10:17:00,5,1515.9,303.18,18,316,3,4,3,10,Loyal Customers,1
16750,2011-04-21 16:53:00,2011-10-26 12:48:00,5,623.9300000000001,124.78600000000002,45,187,3,4,2,9,Loyal Customers,1
16751,2011-11-09 10:48:00,2011-11-09 10:48:00,1,1764.72,1764.72,31,0,3,2,4,9,New / Promising,0
16752,2010-12-02 12:18:00,2010-12-02 12:18:00,1,207.5,207.5,373,0,1,2,1,4,Other,0
16753,2011-10-12 13:14:00,2011-10-12 13:14:00,1,223.92000000000002,223.92000000000002,58,0,2,2,1,5,Other,0
16754,2010-12-02 17:38:00,2010-12-02 17:38:00,1,2002.4,2002.4,372,0,1,2,4,7,High Value,0
16755,2011-01-28 10:47:00,2011-08-17 13:21:00,3,1475.4299999999998,491.80999999999995,114,201,2,3,3,8,At Risk,0
16756,2011-05-09 09:33:00,2011-05-09 09:33:00,1,239.4,239.4,215,0,1,2,1,4,Other,0
16757,2011-01-25 11:59:00,2011-01-25 11:59:00,1,106.83000000000001,106.83000000000001,319,0,1,2,1,4,Other,0
16758,2011-10-05 14:47:00,2011-10-05 14:47:00,1,369.34,369.34,65,0,2,2,2,6,Other,0
16759,2011-11-09 09:06:00,2011-12-02 12:42:00,3,789.79,263.2633333333333,8,23,4,3,3,10,Loyal Customers,1
16761,2011-09-04 11:15:00,2011-09-04 11:15:00,1,316.62,316.62,97,0,2,2,2,6,Other,0
16762,2011-07-18 12:52:00,2011-11-20 11:43:00,3,1207.24,402.41333333333336,20,124,3,3,3,9,Loyal Customers,1
16763,2011-05-25 11:52:00,2011-05-25 11:52:00,1,611.85,611.85,199,0,1,2,2,5,Other,0
16764,2011-07-19 17:17:00,2011-12-06 11:41:00,13,2790.9500000000003,214.68846153846155,4,139,4,4,4,12,Champions,1
16765,2011-02-18 15:41:00,2011-02-18 15:41:00,1,34.0,34.0,294,0,1,2,1,4,Other,0
16766,2011-03-11 13:34:00,2011-03-11 15:22:00,2,1145.6,572.8,273,0,1,2,3,6,Other,0
16767,2011-01-27 13:38:00,2011-11-09 09:42:00,11,5575.5599999999995,506.86909090909086,31,285,3,4,4,11,Loyal Customers,1
16768,2011-03-13 10:25:00,2011-10-23 10:38:00,3,478.09000000000003,159.36333333333334,48,224,3,3,2,8,Loyal Customers,0
16769,2011-03-24 13:41:00,2011-03-24 13:41:00,1,361.54,361.54,260,0,1,2,2,5,Other,0
16770,2010-12-02 15:49:00,2011-10-13 12:21:00,5,757.1,151.42000000000002,58,314,2,4,3,9,At Risk,1
16771,2011-01-05 13:57:00,2011-11-06 13:28:00,5,2242.61,448.52200000000005,33,304,3,4,4,11,Loyal Customers,1
16773,2011-10-13 14:37:00,2011-10-13 14:37:00,1,171.59,171.59,57,0,2,2,1,5,Other,0
16774,2011-06-14 12:45:00,2011-10-03 12:41:00,4,661.52,165.38,68,110,2,3,2,7,At Risk,0
16775,2010-12-07 15:15:00,2011-11-29 15:22:00,11,1691.51,153.77363636363637,10,357,4,4,4,12,Champions,1
16776,2011-10-10 13:04:00,2011-10-10 13:04:00,1,371.54,371.54,60,0,2,2,2,6,Other,0
16777,2011-03-27 14:34:00,2011-09-20 13:41:00,2,222.62,111.31,80,176,2,2,1,5,Other,0
16778,2011-03-10 15:21:00,2011-09-26 13:48:00,2,245.94,122.97,74,199,2,2,1,5,Other,0
16779,2010-12-08 09:56:00,2011-12-07 14:54:00,22,10611.720000000001,482.35090909090917,2,364,4,4,4,12,Champions,1
16780,2011-03-25 17:34:00,2011-08-31 16:09:00,2,422.24,211.12,100,158,2,2,2,6,Other,0
16781,2010-12-02 14:26:00,2010-12-02 14:26:00,1,311.25,311.25,372,0,1,2,2,5,Other,0
16782,2010-12-09 11:28:00,2011-11-29 13:20:00,13,2267.95,174.4576923076923,10,355,4,4,4,12,Champions,1
16784,2011-11-20 12:20:00,2011-11-20 12:20:00,1,107.6,107.6,20,0,3,2,1,6,New / Promising,0
16788,2011-03-30 13:05:00,2011-08-08 14:53:00,2,594.3900000000001,297.19500000000005,123,131,2,2,2,6,Other,0
16789,2011-12-01 15:12:00,2011-12-01 15:12:00,1,80.8,80.8,8,0,4,2,1,7,New / Promising,0
16790,2011-11-02 11:23:00,2011-12-06 11:53:00,6,1545.6200000000001,257.60333333333335,4,34,4,4,3,11,Champions,1
16791,2011-01-11 15:42:00,2011-11-10 19:12:00,7,1705.78,243.68285714285713,29,303,3,4,4,11,Loyal Customers,1
16792,2011-03-02 14:39:00,2011-03-02 14:41:00,2,110.38000000000001,55.190000000000005,282,0,1,2,1,4,Other,0
16793,2011-10-13 15:08:00,2011-10-13 15:08:00,1,243.84,243.84,57,0,2,2,1,5,Other,0
16794,2011-06-12 14:15:00,2011-12-08 17:54:00,10,1196.5,119.65,1,179,4,4,3,11,Champions,1
16795,2010-12-09 14:08:00,2010-12-09 14:08:00,1,414.88,414.88,365,0,1,2,2,5,Other,0
16796,2011-09-11 14:01:00,2011-09-11 14:01:00,1,305.62,305.62,89,0,2,2,1,5,Other,0
16800,2011-11-28 14:06:00,2011-11-28 14:06:00,1,1162.65,1162.65,11,0,4,2,3,9,New / Promising,0
16801,2011-03-11 13:56:00,2011-06-29 15:33:00,4,1594.23,398.5575,163,110,1,3,3,7,At Risk,0
16803,2011-10-05 14:28:00,2011-10-05 14:28:00,1,332.3,332.3,65,0,2,2,2,6,Other,0
16804,2011-03-14 15:48:00,2011-11-16 16:43:00,3,536.99,178.99666666666667,23,247,3,3,2,8,Loyal Customers,0
16805,2010-12-14 13:35:00,2011-06-19 11:23:00,2,460.59000000000003,230.29500000000002,174,186,1,2,2,5,Other,0
16806,2011-04-14 19:59:00,2011-08-28 15:27:00,4,762.16,190.54,103,135,2,3,3,8,At Risk,0
16807,2011-03-14 09:46:00,2011-07-20 12:00:00,3,1121.5900000000001,373.8633333333334,143,128,1,3,3,7,At Risk,0
16808,2011-03-10 19:05:00,2011-09-01 19:34:00,2,288.41999999999996,144.20999999999998,99,175,2,2,1,5,Other,0
16809,2011-03-22 15:20:00,2011-11-16 15:45:00,5,914.69,182.93800000000002,23,239,3,4,3,10,Loyal Customers,1
16810,2011-05-31 15:32:00,2011-05-31 15:32:00,1,309.54,309.54,192,0,1,2,2,5,Other,0
16811,2011-11-22 17:19:00,2011-12-05 11:39:00,2,547.0699999999999,273.53499999999997,5,12,4,2,2,8,New / Promising,1
16812,2010-12-14 12:35:00,2010-12-14 12:35:00,1,479.35,479.35,361,0,1,2,2,5,Other,0
16813,2011-05-19 13:28:00,2011-12-01 14:03:00,10,1652.18,165.21800000000002,8,196,4,4,3,11,Champions,1
16814,2010-12-05 11:45:00,2011-11-25 13:27:00,21,6416.7,305.5571428571428,14,355,4,4,4,12,Champions,1
16816,2010-12-16 17:01:00,2011-08-28 14:16:00,4,417.06,104.265,103,254,2,3,2,7,At Risk,0
16817,2010-12-06 14:19:00,2011-12-07 11:03:00,9,1604.75,178.30555555555554,3,365,4,4,3,11,Champions,1
16818,2011-05-18 11:42:00,2011-11-29 10:41:00,11,3349.57,304.50636363636363,11,194,4,4,4,12,Champions,1
16820,2011-09-05 12:06:00,2011-09-05 12:06:00,1,497.61,497.61,96,0,2,2,2,6,Other,0
16823,2011-04-26 15:00:00,2011-04-26 15:00:00,1,358.38,358.38,227,0,1,2,2,5,Other,0
16824,2011-06-28 13:36:00,2011-11-24 12:38:00,2,460.64,230.32,16,148,4,2,2,8,New / Promising,0
16825,2011-06-07 09:44:00,2011-11-01 11:51:00,2,775.1800000000001,387.59000000000003,39,147,3,2,3,8,New / Promising,0
16826,2011-10-19 14:05:00,2011-10-19 14:05:00,1,341.7,341.7,51,0,2,2,2,6,Other,0
16828,2011-08-19 13:24:00,2011-09-07 15:10:00,2,128.5,64.25,93,19,2,2,1,5,Other,0
16829,2011-07-06 10:48:00,2011-07-06 10:48:00,1,197.22,197.22,157,0,1,2,1,4,Other,0
16830,2011-11-01 11:35:00,2011-11-01 11:35:00,1,325.91,325.91,39,0,3,2,2,7,New / Promising,0
16832,2011-05-06 14:12:00,2011-06-08 15:36:00,3,199.15,66.38333333333334,184,33,1,3,1,5,At Risk,0
16833,2011-01-09 13:02:00,2011-12-08 14:39:00,4,1106.53,276.6325,1,333,4,3,3,10,Loyal Customers,1
16834,2011-04-26 09:37:00,2011-04-26 09:37:00,1,413.46,413.46,228,0,1,2,2,5,Other,0
16835,2010-12-01 17:15:00,2011-08-03 13:50:00,2,180.85,90.425,128,244,2,2,1,5,Other,0
16836,2011-08-15 12:38:00,2011-10-31 10:05:00,2,251.87,125.935,40,76,3,2,1,6,New / Promising,0
16837,2011-04-08 08:48:00,2011-11-08 14:27:00,11,3170.98,288.2709090909091,31,214,3,4,4,11,Loyal Customers,1
16838,2011-02-24 15:01:00,2011-05-26 13:13:00,2,588.85,294.425,197,90,1,2,2,5,Other,0
16839,2010-12-05 11:15:00,2011-12-01 09:03:00,34,16594.35,488.06911764705876,9,360,4,4,4,12,Champions,1
16841,2011-02-25 12:40:00,2011-11-03 11:51:00,6,1869.82,311.63666666666666,37,250,3,4,4,11,Loyal Customers,1
16842,2011-02-10 14:51:00,2011-08-31 10:42:00,3,1264.19,421.3966666666667,101,201,2,3,3,8,At Risk,0
16843,2011-01-16 16:10:00,2011-10-28 09:06:00,16,10196.57,637.285625,43,284,3,4,4,11,Loyal Customers,1
16846,2011-10-20 13:55:00,2011-10-20 13:55:00,1,214.32,214.32,50,0,3,2,1,6,New / Promising,0
16847,2011-10-27 13:29:00,2011-10-27 13:29:00,1,193.44,193.44,43,0,3,2,1,6,New / Promising,0
16848,2011-10-18 08:42:00,2011-10-18 08:42:00,1,281.42,281.42,53,0,2,2,1,5,Other,0
16849,2011-06-06 09:16:00,2011-06-06 09:16:00,1,124.57,124.57,187,0,1,2,1,4,Other,0
16850,2011-01-10 11:09:00,2011-01-10 11:09:00,1,332.41,332.41,334,0,1,2,2,5,Other,0
16851,2011-10-19 09:48:00,2011-12-05 13:32:00,3,342.45000000000005,114.15000000000002,4,47,4,3,2,9,Loyal Customers,1
16852,2011-06-16 15:49:00,2011-11-29 13:22:00,2,144.91,72.455,10,165,4,2,1,7,New / Promising,0
16855,2011-10-27 16:31:00,2011-11-16 12:03:00,2,328.4,164.2,24,19,3,2,2,7,New / Promising,0
16856,2011-11-25 08:59:00,2011-11-25 08:59:00,1,35.400000000000006,35.400000000000006,15,0,4,2,1,7,New / Promising,0
16858,2010-12-06 09:52:00,2010-12-06 09:52:00,1,375.69000000000005,375.69000000000005,369,0,1,2,2,5,Other,0
16859,2011-03-23 13:39:00,2011-07-18 12:19:00,2,747.81,373.905,145,116,1,2,3,6,Other,0
16861,2011-07-04 15:38:00,2011-10-11 09:05:00,2,173.76,86.88,60,98,2,2,1,5,Other,0
16863,2010-12-08 08:58:00,2011-11-08 15:26:00,2,502.8,251.4,31,335,3,2,2,7,New / Promising,0
16866,2011-07-01 12:34:00,2011-07-22 10:06:00,3,207.74,69.24666666666667,141,20,2,3,1,6,At Risk,0
16869,2011-06-17 13:01:00,2011-11-17 12:02:00,4,817.12,204.28,23,152,3,3,3,9,Loyal Customers,1
16871,2011-03-14 10:31:00,2011-11-17 19:27:00,6,2812.34,468.72333333333336,22,248,3,4,4,11,Loyal Customers,1
16872,2011-06-08 14:32:00,2011-09-23 16:05:00,3,680.02,226.67333333333332,77,107,2,3,3,8,At Risk,0
16873,2010-12-10 15:45:00,2011-12-05 12:05:00,6,7123.62,1187.27,5,359,4,4,4,12,Champions,1
16875,2011-01-04 10:37:00,2011-10-03 13:39:00,5,2095.53,419.10600000000005,67,272,2,4,4,10,At Risk,1
16877,2011-05-15 16:13:00,2011-11-27 13:47:00,6,846.62,141.10333333333332,12,195,4,4,3,11,Champions,1
16878,2011-09-16 17:39:00,2011-09-16 17:39:00,1,13.3,13.3,84,0,2,2,1,5,Other,0
16880,2011-06-03 16:45:00,2011-11-09 11:33:00,7,1491.43,213.0614285714286,31,158,3,4,3,10,Loyal Customers,1
16881,2011-10-04 10:33:00,2011-10-04 10:33:00,1,432.0,432.0,67,0,2,2,2,6,Other,0
16882,2011-01-26 17:43:00,2011-10-04 10:42:00,3,705.12,235.04,67,250,2,3,3,8,At Risk,0
16883,2010-12-03 10:33:00,2011-06-05 12:51:00,2,272.48,136.24,187,184,1,2,1,4,Other,0
16884,2011-11-02 10:16:00,2011-11-02 11:52:00,2,429.84000000000003,214.92000000000002,38,0,3,2,2,7,New / Promising,0
16885,2010-12-17 17:23:00,2011-11-24 13:40:00,3,450.40999999999997,150.13666666666666,15,341,4,3,2,9,Loyal Customers,0
16887,2011-11-04 14:07:00,2011-11-04 14:07:00,1,192.32999999999998,192.32999999999998,35,0,3,2,1,6,New / Promising,0
16889,2011-01-07 10:47:00,2011-05-29 11:05:00,3,1578.6699999999998,526.2233333333332,195,142,1,3,3,7,At Risk,0
16891,2010-12-03 11:35:00,2011-12-08 11:15:00,5,742.43,148.486,2,369,4,4,3,11,Champions,1
16892,2011-06-09 11:35:00,2011-12-08 13:18:00,5,518.19,103.638,1,182,4,4,2,10,Loyal Customers,1
16893,2010-12-08 12:06:00,2010-12-08 12:06:00,1,145.93,145.93,367,0,1,2,1,4,Other,0
16895,2011-10-06 12:15:00,2011-10-06 12:15:00,1,202.27,202.27,65,0,2,2,1,5,Other,0
16897,2011-01-30 11:52:00,2011-02-13 15:02:00,2,289.78,144.89,299,14,1,2,1,4,Other,0
16898,2010-12-06 12:23:00,2011-11-13 15:44:00,3,501.03,167.01,26,342,3,3,2,8,Loyal Customers,0
16899,2010-12-14 13:11:00,2011-12-02 12:03:00,6,1271.06,211.84333333333333,8,352,4,4,3,11,Champions,1
16900,2011-10-07 13:17:00,2011-11-23 10:32:00,3,887.11,295.7033333333333,17,46,4,3,3,10,Loyal Customers,1
16902,2011-08-15 14:17:00,2011-08-15 14:17:00,1,1706.88,1706.88,116,0,2,2,4,8,High Value,0
16903,2011-11-10 15:32:00,2011-11-10 15:32:00,1,363.2,363.2,29,0,3,2,2,7,New / Promising,0
16904,2010-12-07 13:29:00,2011-12-05 13:10:00,16,3653.75,228.359375,4,362,4,4,4,12,Champions,1
16905,2010-12-03 10:43:00,2011-12-04 14:01:00,7,3037.6,433.9428571428571,5,366,4,4,4,12,Champions,1
16906,2011-04-05 12:30:00,2011-09-19 11:49:00,4,559.59,139.8975,82,166,2,3,2,7,At Risk,0
16907,2010-12-09 16:52:00,2011-11-10 18:04:00,5,928.76,185.752,29,336,3,4,3,10,Loyal Customers,1
16909,2011-09-28 16:45:00,2011-09-28 16:45:00,1,379.14,379.14,72,0,2,2,2,6,Other,0
16910,2011-09-09 14:14:00,2011-12-05 12:51:00,8,1508.96,188.62,4,86,4,4,3,11,Champions,1
16912,2011-01-20 15:42:00,2011-11-11 12:18:00,11,2555.58,232.32545454545453,29,294,3,4,4,11,Loyal Customers,1
16913,2011-02-22 12:56:00,2011-02-22 12:56:00,1,113.44,113.44,290,0,1,2,1,4,Other,0
16914,2011-11-03 15:27:00,2011-11-03 15:27:00,1,183.76,183.76,36,0,3,2,1,6,New / Promising,0
16915,2011-03-01 09:52:00,2011-11-30 16:39:00,6,621.6800000000001,103.61333333333334,9,274,4,4,2,10,Loyal Customers,1
16916,2010-12-02 13:14:00,2011-11-16 12:08:00,2,562.4100000000001,281.20500000000004,24,348,3,2,2,7,New / Promising,0
16917,2011-03-08 11:55:00,2011-03-08 11:55:00,1,391.52,391.52,277,0,1,2,2,5,Other,0
16918,2011-01-26 17:37:00,2011-10-21 12:50:00,6,1068.82,178.13666666666666,50,267,3,4,3,10,Loyal Customers,1
16919,2010-12-06 12:52:00,2011-07-06 13:35:00,11,2592.25,235.6590909090909,156,212,1,4,4,9,At Risk,1
16921,2011-10-09 16:22:00,2011-10-09 16:22:00,1,154.18,154.18,61,0,2,2,1,5,Other,0
16923,2010-12-12 11:06:00,2011-11-27 13:00:00,19,7069.08,372.0568421052632,12,350,4,4,4,12,Champions,1
16924,2011-09-16 12:54:00,2011-11-18 12:53:00,3,829.89,276.63,21,62,3,3,3,9,Loyal Customers,1
16926,2010-12-03 13:42:00,2010-12-03 13:42:00,1,230.25,230.25,371,0,1,2,1,4,Other,0
16927,2010-12-13 11:57:00,2011-08-16 11:10:00,3,543.05,181.01666666666665,116,245,2,3,2,7,At Risk,0
16928,2010-12-01 15:21:00,2011-09-20 15:10:00,17,2814.7,165.5705882352941,80,292,2,4,4,10,At Risk,1
16929,2011-07-07 12:39:00,2011-12-06 08:37:00,7,1295.39,185.0557142857143,4,151,4,4,3,11,Champions,1
16930,2011-10-02 14:25:00,2011-11-13 16:13:00,3,378.89,126.29666666666667,26,42,3,3,2,8,Loyal Customers,0
16931,2010-12-05 11:40:00,2011-12-04 13:15:00,21,4554.87,216.89857142857142,5,364,4,4,4,12,Champions,1
16932,2011-10-17 14:12:00,2011-10-17 14:12:00,1,150.23,150.23,53,0,2,2,1,5,Other,0
16933,2011-04-14 13:33:00,2011-12-08 12:54:00,2,563.23,281.615,1,237,4,2,2,8,New / Promising,1
16934,2011-10-16 12:25:00,2011-10-16 12:40:00,2,931.03,465.515,55,0,2,2,3,7,Other,0
16936,2011-11-14 11:04:00,2011-11-14 11:04:00,1,261.9,261.9,26,0,3,2,1,6,New / Promising,0
16938,2011-02-04 09:34:00,2011-12-01 10:20:00,4,2711.6800000000003,677.9200000000001,9,300,4,3,4,11,Loyal Customers,1
16940,2011-02-23 12:27:00,2011-10-18 13:15:00,3,3049.88,1016.6266666666667,52,237,2,3,4,9,At Risk,1
16942,2011-04-26 11:59:00,2011-11-27 12:40:00,9,1904.9899999999998,211.66555555555553,13,215,4,4,4,12,Champions,1
16943,2011-01-25 14:00:00,2011-05-12 11:57:00,3,816.73,272.24333333333334,212,106,1,3,3,7,At Risk,0
16945,2010-12-16 17:49:00,2011-11-18 11:39:00,19,4345.5,228.71052631578948,22,336,3,4,4,11,Loyal Customers,1
16947,2011-04-18 09:38:00,2011-04-18 09:38:00,1,406.48,406.48,236,0,1,2,2,5,Other,0
16948,2011-01-18 10:58:00,2011-07-24 12:46:00,3,435.02,145.00666666666666,139,187,2,3,2,7,At Risk,0
16949,2011-01-27 12:11:00,2011-12-06 11:07:00,6,1286.27,214.37833333333333,4,312,4,4,3,11,Champions,1
16950,2010-12-07 15:20:00,2011-10-14 09:06:00,3,1178.56,392.8533333333333,57,310,2,3,3,8,At Risk,0
16951,2011-02-08 14:58:00,2011-07-28 12:05:00,3,1277.75,425.9166666666667,135,169,2,3,3,8,At Risk,0
16952,2011-08-22 12:58:00,2011-08-22 13:03:00,2,167.60999999999999,83.80499999999999,109,0,2,2,1,5,Other,0
16953,2011-11-09 15:54:00,2011-11-09 15:54:00,1,20.8,20.8,30,0,3,2,1,6,New / Promising,0
16954,2010-12-15 10:41:00,2011-12-09 09:46:00,9,2085.08,231.67555555555555,1,358,4,4,4,12,Champions,1
16955,2010-12-01 13:31:00,2011-06-08 10:36:00,4,518.67,129.6675,185,188,1,3,2,6,At Risk,0
16956,2011-11-22 08:56:00,2011-11-22 08:56:00,1,308.74,308.74,18,0,3,2,2,7,New / Promising,0
16957,2011-03-03 09:25:00,2011-04-14 13:56:00,2,416.64,208.32,239,42,1,2,2,5,Other,0
16959,2011-09-13 15:03:00,2011-09-13 15:03:00,1,117.35,117.35,87,0,2,2,1,5,Other,0
16960,2011-04-01 11:54:00,2011-11-01 11:35:00,3,507.05,169.01666666666668,39,213,3,3,2,8,Loyal Customers,0
16961,2011-08-15 13:46:00,2011-08-15 13:46:00,1,234.17,234.17,116,0,2,2,1,5,Other,0
16963,2011-06-05 13:48:00,2011-06-05 13:48:00,1,110.55000000000001,110.55000000000001,187,0,1,2,1,4,Other,0
16965,2011-04-27 12:08:00,2011-04-27 12:08:00,1,201.19,201.19,227,0,1,2,1,4,Other,0
16966,2011-04-13 14:17:00,2011-12-01 13:40:00,7,2154.97,307.8528571428571,8,231,4,4,4,12,Champions,1
16967,2011-06-03 14:24:00,2011-06-03 14:24:00,1,319.02,319.02,189,0,1,2,2,5,Other,0
16968,2011-08-24 10:51:00,2011-12-05 15:02:00,2,439.43,219.715,4,103,4,2,2,8,New / Promising,1
16969,2011-06-01 12:10:00,2011-10-31 13:12:00,3,650.41,216.8033333333333,39,152,3,3,2,8,Loyal Customers,0
16971,2011-11-01 15:06:00,2011-11-01 15:06:00,1,357.21,357.21,38,0,3,2,2,7,New / Promising,0
16976,2011-03-17 16:33:00,2011-03-17 16:33:00,1,251.51999999999998,251.51999999999998,267,0,1,2,1,4,Other,0
16978,2011-09-23 12:50:00,2011-09-23 12:50:00,1,344.33,344.33,78,0,2,2,2,6,Other,0
16979,2011-02-15 09:20:00,2011-12-06 12:21:00,6,1852.0,308.6666666666667,4,294,4,4,4,12,Champions,1
16980,2011-02-21 12:58:00,2011-03-29 16:36:00,2,1028.46,514.23,255,36,1,2,3,6,Other,0
16982,2011-10-10 12:28:00,2011-10-10 12:28:00,1,384.06,384.06,61,0,2,2,2,6,Other,0
16983,2010-12-05 12:34:00,2011-11-27 12:10:00,7,1905.87,272.26714285714286,13,356,4,4,4,12,Champions,1
16984,2011-08-01 17:37:00,2011-09-12 13:43:00,2,4459.52,2229.76,88,41,2,2,4,8,High Value,1
16985,2010-12-16 10:38:00,2011-11-22 13:33:00,10,5464.12,546.412,17,341,4,4,4,12,Champions,1
16986,2011-11-09 15:52:00,2011-11-10 11:55:00,2,1873.2,936.6,30,0,3,2,4,9,New / Promising,1
16987,2011-05-18 15:55:00,2011-12-06 17:26:00,7,1616.8,230.97142857142856,3,202,4,4,3,11,Champions,1
16988,2011-12-04 16:02:00,2011-12-04 16:02:00,1,126.12,126.12,5,0,4,2,1,7,New / Promising,0
16989,2011-07-12 09:11:00,2011-12-02 16:39:00,6,1133.25,188.875,7,143,4,4,3,11,Champions,1
16990,2011-05-05 08:30:00,2011-05-05 08:30:00,1,179.0,179.0,219,0,1,2,1,4,Other,0
16992,2011-02-28 10:37:00,2011-11-29 11:50:00,5,1614.31,322.86199999999997,11,274,4,4,3,11,Champions,1
16996,2010-12-21 13:22:00,2011-11-09 16:43:00,6,1456.96,242.82666666666668,30,323,3,4,3,10,Loyal Customers,1
16997,2011-01-18 11:51:00,2011-02-24 17:28:00,3,702.0,234.0,288,37,1,3,3,7,At Risk,0
16998,2011-02-08 15:42:00,2011-07-13 09:44:00,4,295.0,73.75,150,154,1,3,1,5,At Risk,0
16999,2011-09-26 15:43:00,2011-11-16 13:53:00,2,484.81999999999994,242.40999999999997,23,50,3,2,2,7,New / Promising,0
17001,2010-12-16 09:35:00,2011-12-09 09:38:00,11,3989.57,362.6881818181818,1,358,4,4,4,12,Champions,1
17002,2011-02-22 11:46:00,2011-09-15 12:40:00,3,1493.73,497.91,86,205,2,3,3,8,At Risk,0
17004,2011-09-08 12:16:00,2011-10-24 14:25:00,2,1312.14,656.07,46,46,3,2,3,8,New / Promising,0
17006,2011-09-25 12:15:00,2011-12-05 12:09:00,4,781.78,195.445,5,70,4,3,3,10,Loyal Customers,1
17007,2010-12-17 13:57:00,2011-10-20 10:47:00,6,889.9300000000001,148.3216666666667,51,306,2,4,3,9,At Risk,1
17010,2011-11-21 14:49:00,2011-11-21 14:49:00,1,195.36,195.36,18,0,3,2,1,6,New / Promising,0
17011,2011-11-09 13:30:00,2011-11-09 13:30:00,1,270.9,270.9,30,0,3,2,1,6,New / Promising,0
17014,2011-10-04 11:36:00,2011-12-01 14:09:00,3,583.4300000000001,194.4766666666667,8,58,4,3,2,9,Loyal Customers,1
17015,2011-06-07 13:19:00,2011-11-11 10:45:00,3,1838.61,612.87,29,156,3,3,4,10,Loyal Customers,1
17017,2010-12-02 10:17:00,2011-12-07 09:32:00,20,8694.26,434.713,3,369,4,4,4,12,Champions,1
17018,2011-01-18 08:46:00,2011-10-30 11:42:00,2,920.1,460.05,41,285,3,2,3,8,New / Promising,0
17019,2010-12-06 12:55:00,2011-11-28 13:06:00,4,1258.08,314.52,11,357,4,3,3,10,Loyal Customers,1
17022,2011-11-08 17:09:00,2011-11-08 17:09:00,1,71.0,71.0,31,0,3,2,1,6,New / Promising,0
17024,2011-07-05 09:31:00,2011-10-25 13:47:00,3,95.85,31.95,45,112,3,3,1,7,Loyal Customers,0
17025,2010-12-01 15:45:00,2011-10-10 09:06:00,3,357.77,119.25666666666666,61,312,2,3,2,7,At Risk,0
17026,2010-12-05 12:47:00,2011-06-07 14:28:00,2,154.82999999999998,77.41499999999999,185,184,1,2,1,4,Other,0
17027,2011-01-26 14:19:00,2011-09-22 12:24:00,6,877.56,146.26,79,238,2,4,3,9,At Risk,1
17029,2011-04-17 10:57:00,2011-08-21 11:06:00,2,716.0,358.0,111,126,2,2,3,7,Other,0
17030,2011-10-07 08:49:00,2011-10-07 08:49:00,1,146.87,146.87,64,0,2,2,1,5,Other,0
17031,2011-07-08 09:38:00,2011-11-28 10:23:00,2,380.35,190.175,12,143,4,2,2,8,New / Promising,0
17033,2010-12-15 13:21:00,2011-09-14 14:34:00,3,1030.1399999999999,343.37999999999994,86,273,2,3,3,8,At Risk,0
17034,2011-02-25 10:10:00,2011-11-23 15:14:00,3,745.52,248.50666666666666,16,271,4,3,3,10,Loyal Customers,1
17035,2011-02-01 12:27:00,2011-04-08 11:23:00,2,433.53,216.765,246,65,1,2,2,5,Other,0
17037,2011-09-13 12:49:00,2011-09-13 12:49:00,1,1267.32,1267.32,88,0,2,2,3,7,Other,0
17038,2011-11-09 13:50:00,2011-11-09 13:50:00,1,112.4,112.4,30,0,3,2,1,6,New / Promising,0
17040,2011-07-25 10:19:00,2011-07-25 10:19:00,1,449.73,449.73,138,0,2,2,2,6,Other,0
17041,2010-12-14 11:43:00,2011-11-13 11:21:00,3,1071.49,357.16333333333336,27,333,3,3,3,9,Loyal Customers,1
17042,2011-04-06 14:53:00,2011-12-07 12:26:00,5,1036.58,207.31599999999997,3,244,4,4,3,11,Champions,1
17043,2011-03-18 14:53:00,2011-11-07 15:33:00,4,1735.18,433.795,32,234,3,3,4,10,Loyal Customers,1
17044,2011-11-14 14:28:00,2011-11-14 14:28:00,1,948.48,948.48,25,0,3,2,3,8,New / Promising,0
17045,2011-04-06 12:08:00,2011-08-18 17:09:00,3,339.44,113.14666666666666,113,134,2,3,2,7,At Risk,0
17046,2011-07-05 14:24:00,2011-07-05 14:24:00,1,642.02,642.02,157,0,1,2,2,5,Other,0
17047,2011-05-18 16:50:00,2011-09-15 13:27:00,3,1100.9,366.9666666666667,85,119,2,3,3,8,At Risk,0
17048,2011-01-12 16:51:00,2011-08-14 11:49:00,3,925.35,308.45,118,213,2,3,3,8,At Risk,0
17049,2011-03-09 08:33:00,2011-12-07 10:48:00,9,5655.03,628.3366666666666,3,273,4,4,4,12,Champions,1
17050,2011-02-13 12:41:00,2011-09-04 13:48:00,6,3185.64,530.9399999999999,96,203,2,4,4,10,At Risk,1
17051,2011-05-29 14:13:00,2011-05-29 14:13:00,1,240.89000000000001,240.89000000000001,194,0,1,2,1,4,Other,0
17052,2011-11-11 14:50:00,2011-11-11 14:50:00,1,399.09,399.09,28,0,3,2,2,7,New / Promising,0
17053,2011-08-01 10:23:00,2011-08-01 10:23:00,1,498.48,498.48,131,0,2,2,2,6,Other,0
17054,2011-04-08 13:14:00,2011-11-11 12:56:00,5,1356.33,271.26599999999996,28,216,3,4,3,10,Loyal Customers,1
17058,2011-04-14 09:18:00,2011-09-19 10:13:00,3,1179.89,393.2966666666667,82,158,2,3,3,8,At Risk,0
17059,2010-12-05 12:35:00,2011-11-10 12:27:00,5,3080.3900000000003,616.0780000000001,30,339,3,4,4,11,Loyal Customers,1
17060,2011-03-18 13:27:00,2011-03-18 13:27:00,1,234.24,234.24,266,0,1,2,1,4,Other,0
17061,2011-04-21 13:29:00,2011-09-27 11:24:00,11,5232.2300000000005,475.65727272727275,74,158,2,4,4,10,At Risk,1
17062,2010-12-05 11:59:00,2011-01-30 11:01:00,4,533.33,133.3325,314,55,1,3,2,6,At Risk,0
17063,2011-02-23 13:44:00,2011-11-18 16:19:00,7,1461.1399999999999,208.7342857142857,21,268,3,4,3,10,Loyal Customers,1
17064,2011-01-16 16:10:00,2011-10-12 10:18:00,3,855.45,285.15000000000003,59,268,2,3,3,8,At Risk,0
17068,2010-12-06 13:58:00,2011-11-27 13:14:00,21,4552.14,216.76857142857145,12,355,4,4,4,12,Champions,1
17069,2010-12-01 16:49:00,2011-11-11 17:13:00,9,2709.7,301.0777777777778,28,345,3,4,4,11,Loyal Customers,1
17070,2011-08-17 17:01:00,2011-08-17 17:01:00,1,304.24,304.24,114,0,2,2,1,5,Other,0
17071,2011-02-03 08:18:00,2011-11-11 16:31:00,9,2429.03,269.89222222222224,28,281,3,4,4,11,Loyal Customers,1
17073,2011-08-22 14:37:00,2011-11-22 11:47:00,4,1446.0900000000001,361.52250000000004,18,91,3,3,3,9,Loyal Customers,1
17075,2011-01-26 13:20:00,2011-11-22 11:58:00,4,834.12,208.53,18,299,3,3,3,9,Loyal Customers,1
17076,2010-12-10 10:08:00,2011-11-03 17:53:00,3,841.0799999999999,280.35999999999996,36,328,3,3,3,9,Loyal Customers,0
17078,2011-11-03 18:49:00,2011-11-03 19:17:00,2,378.2,189.1,36,0,3,2,2,7,New / Promising,0
17079,2011-09-22 15:34:00,2011-09-22 15:34:00,1,118.80000000000001,118.80000000000001,78,0,2,2,1,5,Other,0
17080,2011-03-15 12:05:00,2011-11-17 12:59:00,2,287.62,143.81,22,247,3,2,1,6,New / Promising,0
17081,2011-10-24 13:08:00,2011-11-14 12:56:00,2,288.90999999999997,144.45499999999998,25,20,3,2,1,6,New / Promising,0
17082,2011-01-25 14:36:00,2011-11-06 15:17:00,2,2003.8500000000001,1001.9250000000001,33,285,3,2,4,9,New / Promising,1
17083,2011-02-09 11:38:00,2011-08-22 15:43:00,3,1405.78,468.5933333333333,109,194,2,3,3,8,At Risk,0
17084,2011-11-04 14:49:00,2011-11-04 14:54:00,2,2747.99,1373.995,35,0,3,2,4,9,New / Promising,1
17085,2010-12-12 12:24:00,2011-08-08 14:15:00,5,1562.4,312.48,123,239,2,4,3,9,At Risk,1
17086,2011-10-07 11:22:00,2011-12-02 13:54:00,6,2050.08,341.68,7,56,4,4,4,12,Champions,1
17088,2011-03-31 09:48:00,2011-11-11 14:23:00,4,1991.01,497.7525,28,225,3,3,4,10,Loyal Customers,1
17090,2010-12-20 13:52:00,2011-12-05 13:44:00,7,1974.65,282.09285714285716,4,349,4,4,4,12,Champions,1
17091,2010-12-07 09:55:00,2011-12-07 10:43:00,9,3827.76,425.3066666666667,3,365,4,4,4,12,Champions,1
17092,2011-03-07 14:51:00,2011-10-20 19:51:00,4,1774.03,443.5075,50,227,3,3,4,10,Loyal Customers,1
17094,2011-01-21 13:09:00,2011-01-21 13:09:00,1,302.0,302.0,322,0,1,2,1,4,Other,0
17095,2011-01-09 11:05:00,2011-11-17 12:21:00,3,1324.1599999999999,441.3866666666666,23,312,3,3,3,9,Loyal Customers,1
17096,2011-03-23 12:05:00,2011-11-24 15:01:00,4,1022.13,255.5325,15,246,4,3,3,10,Loyal Customers,1
17097,2010-12-09 14:55:00,2011-12-07 17:05:00,8,954.42,119.3025,2,363,4,4,3,11,Champions,1
17100,2011-11-21 16:36:00,2011-11-21 16:36:00,2,971.74,485.87,18,0,3,2,3,8,New / Promising,0
17101,2011-06-14 14:49:00,2011-11-29 13:57:00,4,1621.73,405.4325,10,167,4,3,3,10,Loyal Customers,1
17102,2011-03-23 10:08:00,2011-03-23 10:08:00,1,25.5,25.5,262,0,1,2,1,4,Other,0
17105,2011-02-06 14:46:00,2011-07-03 15:53:00,2,665.78,332.89,159,147,1,2,2,5,Other,0
17107,2011-03-06 15:17:00,2011-11-06 14:14:00,6,10797.48,1799.58,33,244,3,4,4,11,Loyal Customers,1
17109,2011-04-21 15:46:00,2011-11-10 16:59:00,6,881.29,146.88166666666666,29,203,3,4,3,10,Loyal Customers,1
17110,2011-06-27 12:58:00,2011-06-27 12:58:00,1,163.29999999999998,163.29999999999998,165,0,1,2,1,4,Other,0
17111,2011-10-23 15:59:00,2011-10-23 15:59:00,1,231.61,231.61,47,0,3,2,1,6,New / Promising,0
17114,2011-01-09 11:39:00,2011-12-04 12:17:00,8,801.12,100.14,6,329,4,4,3,11,Champions,1
17115,2011-04-20 14:46:00,2011-12-01 14:30:00,3,837.5,279.1666666666667,8,224,4,3,3,10,Loyal Customers,1
17117,2011-02-24 13:54:00,2011-02-24 13:54:00,1,116.19999999999999,116.19999999999999,288,0,1,2,1,4,Other,0
17118,2011-01-26 12:19:00,2011-01-26 12:19:00,1,157.01999999999998,157.01999999999998,318,0,1,2,1,4,Other,0
17119,2011-10-11 11:03:00,2011-12-06 14:40:00,2,606.91,303.455,3,56,4,2,2,8,New / Promising,1
17120,2011-04-20 15:21:00,2011-04-20 15:21:00,1,307.46,307.46,233,0,1,2,2,5,Other,0
17122,2011-08-12 14:33:00,2011-08-12 14:33:00,1,138.32,138.32,119,0,2,2,1,5,Other,0
17123,2011-07-01 10:47:00,2011-07-01 10:47:00,1,345.3,345.3,162,0,1,2,2,5,Other,0
17124,2011-06-07 14:02:00,2011-06-07 14:02:00,1,294.24,294.24,185,0,1,2,1,4,Other,0
17125,2011-10-20 14:41:00,2011-10-20 14:41:00,1,230.5,230.5,50,0,3,2,1,6,New / Promising,0
17126,2010-12-12 11:26:00,2011-07-10 13:52:00,5,989.4499999999999,197.89,152,210,1,4,3,8,At Risk,0
17128,2011-01-09 12:02:00,2011-01-09 12:02:00,1,157.09,157.09,335,0,1,2,1,4,Other,0
17131,2011-09-25 12:42:00,2011-12-04 12:52:00,5,2463.17,492.634,5,70,4,4,4,12,Champions,1
17133,2011-03-18 13:47:00,2011-11-24 12:27:00,7,4892.24,698.8914285714285,16,250,4,4,4,12,Champions,1
17134,2011-03-20 11:56:00,2011-08-25 09:53:00,2,413.2,206.6,107,157,2,2,2,6,Other,0
17135,2010-12-03 09:31:00,2011-11-23 16:48:00,7,1139.73,162.81857142857143,16,355,4,4,3,11,Champions,1
17138,2011-03-09 11:54:00,2011-03-09 11:54:00,1,380.5,380.5,276,0,1,2,2,5,Other,0
17139,2011-02-24 09:32:00,2011-11-24 10:12:00,12,10650.77,887.5641666666667,16,273,4,4,4,12,Champions,1
17140,2011-04-06 13:33:00,2011-04-06 13:33:00,1,454.12,454.12,247,0,1,2,2,5,Other,0
17142,2011-04-14 18:22:00,2011-04-14 18:22:00,1,579.0,579.0,239,0,1,2,2,5,Other,0
17144,2011-09-16 12:50:00,2011-12-08 17:57:00,2,984.5699999999999,492.28499999999997,1,83,4,2,3,9,New / Promising,1
17146,2010-12-16 12:20:00,2011-08-26 12:44:00,3,749.78,249.92666666666665,106,253,2,3,3,8,At Risk,0
17147,2011-02-01 09:36:00,2011-11-17 12:32:00,4,1714.5900000000001,428.64750000000004,23,289,3,3,4,10,Loyal Customers,1
17148,2011-10-19 09:59:00,2011-10-19 09:59:00,1,124.88,124.88,52,0,2,2,1,5,Other,0
17152,2011-03-21 16:20:00,2011-05-29 12:19:00,3,1689.5,563.1666666666666,195,68,1,3,4,8,At Risk,0
17153,2011-11-15 13:42:00,2011-11-15 13:42:00,1,213.78,213.78,24,0,3,2,1,6,New / Promising,0
17154,2011-09-25 13:42:00,2011-09-25 13:42:00,1,329.34,329.34,75,0,2,2,2,6,Other,0
17155,2011-06-15 10:22:00,2011-11-22 12:38:00,2,251.7,125.85,18,160,3,2,1,6,New / Promising,0
17157,2011-06-16 15:08:00,2011-12-02 09:10:00,2,319.0,159.5,8,168,4,2,2,8,New / Promising,0
17158,2010-12-14 13:03:00,2011-11-07 15:15:00,3,1266.97,422.3233333333333,32,328,3,3,3,9,Loyal Customers,1
17159,2011-06-21 09:49:00,2011-11-18 10:52:00,3,1538.88,512.96,22,150,3,3,3,9,Loyal Customers,1
17160,2011-04-12 12:00:00,2011-11-08 14:05:00,6,3518.03,586.3383333333334,31,210,3,4,4,11,Loyal Customers,1
17162,2011-02-07 12:27:00,2011-11-11 11:34:00,10,1715.46,171.546,29,276,3,4,4,11,Loyal Customers,1
17163,2011-09-22 15:54:00,2011-11-18 08:57:00,2,293.1,146.55,22,56,3,2,1,6,New / Promising,0
17164,2011-03-11 14:26:00,2011-11-07 09:14:00,7,2467.35,352.4785714285714,33,240,3,4,4,11,Loyal Customers,1
17165,2011-02-28 16:39:00,2011-02-28 16:39:00,1,158.68,158.68,284,0,1,2,1,4,Other,0
17166,2011-05-20 08:18:00,2011-11-01 09:46:00,2,206.34,103.17,39,165,3,2,1,6,New / Promising,0
17169,2011-06-09 13:16:00,2011-10-13 10:25:00,2,835.78,417.89,58,125,2,2,3,7,Other,0
17171,2011-02-23 16:37:00,2011-02-23 16:37:00,1,224.91,224.91,289,0,1,2,1,4,Other,0
17172,2011-09-22 09:36:00,2011-09-22 09:36:00,1,317.76,317.76,79,0,2,2,2,6,Other,0
17173,2011-07-31 15:26:00,2011-12-04 14:40:00,8,3766.6,470.825,5,125,4,4,4,12,Champions,1
17174,2011-05-06 11:47:00,2011-05-06 11:47:00,1,59.9,59.9,218,0,1,2,1,4,Other,0
17175,2011-02-16 14:56:00,2011-10-26 15:31:00,4,1443.69,360.9225,44,252,3,3,3,9,Loyal Customers,1
17176,2011-05-22 12:41:00,2011-05-22 12:41:00,1,306.13,306.13,202,0,1,2,1,4,Other,0
17179,2010-12-13 14:24:00,2011-06-14 16:48:00,3,711.79,237.26333333333332,178,183,1,3,3,7,At Risk,0
17180,2011-01-27 18:05:00,2011-10-14 15:46:00,4,783.97,195.9925,56,259,2,3,3,8,At Risk,0
17181,2010-12-01 12:38:00,2011-10-13 14:48:00,2,239.92000000000002,119.96000000000001,57,316,2,2,1,5,Other,0
17183,2011-08-26 15:25:00,2011-12-02 10:07:00,6,3347.3100000000004,557.8850000000001,8,97,4,4,4,12,Champions,1
17186,2011-10-10 12:52:00,2011-10-24 10:20:00,2,144.0,72.0,47,13,3,2,1,6,New / Promising,0
17187,2011-04-27 12:39:00,2011-04-27 12:39:00,1,203.95,203.95,227,0,1,2,1,4,Other,0
17188,2010-12-12 12:56:00,2011-11-28 13:53:00,7,2474.23,353.4614285714286,11,351,4,4,4,12,Champions,1
17189,2010-12-15 17:28:00,2011-08-25 19:39:00,2,383.75,191.875,106,253,2,2,2,6,Other,0
17190,2011-05-16 15:29:00,2011-10-12 11:33:00,2,444.74,222.37,59,148,2,3,2,7,At Risk,0
17191,2010-12-06 14:36:00,2011-11-11 16:58:00,7,2093.68,299.09714285714284,28,340,3,4,4,11,Loyal Customers,1
17193,2011-06-16 10:04:00,2011-11-04 12:47:00,7,1699.3,242.75714285714284,36,141,3,4,4,11,Loyal Customers,1
17194,2010-12-14 12:06:00,2011-03-11 12:05:00,2,262.62,131.31,274,86,1,3,1,5,At Risk,0
17197,2011-11-10 10:32:00,2011-11-10 10:32:00,1,1013.01,1013.01,30,0,3,2,3,8,New / Promising,0
17198,2010-12-03 14:54:00,2011-11-16 10:39:00,3,692.22,230.74,24,347,3,3,3,9,Loyal Customers,0
17201,2011-10-17 11:55:00,2011-10-17 11:55:00,1,289.78,289.78,54,0,2,2,1,5,Other,0
17203,2011-10-10 14:37:00,2011-11-04 12:27:00,6,3560.08,593.3466666666667,36,24,3,4,4,11,Loyal Customers,1
17204,2011-03-21 12:42:00,2011-06-17 14:46:00,4,1564.5600000000002,391.14000000000004,175,88,1,3,3,7,At Risk,0
17205,2011-10-17 12:46:00,2011-10-17 12:46:00,1,384.08,384.08,54,0,2,2,2,6,Other,0
17206,2011-10-17 13:25:00,2011-10-17 13:25:00,1,204.24,204.24,53,0,2,2,1,5,Other,0
17211,2010-12-05 12:44:00,2011-11-13 12:03:00,8,2317.2200000000003,289.65250000000003,27,342,3,4,4,11,Loyal Customers,1
17212,2011-03-31 19:42:00,2011-03-31 19:42:00,1,226.85,226.85,253,0,1,2,1,4,Other,0
17213,2010-12-08 13:03:00,2011-10-30 14:53:00,7,2781.23,397.31857142857143,40,326,3,4,4,11,Loyal Customers,1
17214,2010-12-15 15:14:00,2011-10-10 13:17:00,6,1059.1200000000001,176.52,60,298,2,4,3,9,At Risk,1
17217,2011-04-19 17:19:00,2011-04-19 17:19:00,1,113.5,113.5,234,0,1,2,1,4,Other,0
17218,2010-12-06 15:25:00,2011-12-05 13:52:00,10,1951.97,195.197,4,363,4,4,4,12,Champions,1
17219,2011-11-08 11:25:00,2011-11-08 11:25:00,1,114.23,114.23,32,0,3,2,1,6,New / Promising,0
17220,2010-12-10 14:54:00,2011-11-15 13:47:00,14,3187.55,227.68214285714288,24,339,3,4,4,11,Loyal Customers,1
17221,2011-11-03 17:39:00,2011-12-02 13:35:00,2,334.48,167.24,7,28,4,3,2,9,Loyal Customers,0
17222,2011-10-05 13:58:00,2011-10-05 13:58:00,1,328.65,328.65,65,0,2,2,2,6,Other,0
17223,2010-12-06 14:08:00,2011-02-02 15:57:00,2,416.89,208.445,310,58,1,3,2,6,At Risk,0
17226,2011-02-04 11:52:00,2011-02-04 11:52:00,1,393.49,393.49,309,0,1,2,2,5,Other,0
17227,2010-12-06 11:16:00,2011-11-21 10:51:00,6,939.3199999999999,156.5533333333333,19,349,3,4,3,10,Loyal Customers,1
17228,2010-12-02 16:00:00,2011-11-24 10:24:00,8,1906.09,238.26125,16,356,4,4,4,12,Champions,1
17229,2011-07-20 12:38:00,2011-09-04 13:56:00,2,318.76,159.38,96,46,2,3,2,7,At Risk,0
17230,2010-12-15 11:22:00,2011-03-20 16:12:00,8,3638.41,454.80125,264,95,1,4,4,9,At Risk,1
17231,2010-12-13 14:16:00,2011-11-27 15:18:00,10,3124.72,312.472,12,349,4,4,4,12,Champions,1
17232,2011-11-25 12:24:00,2011-12-07 12:21:00,2,417.77,208.885,3,11,4,3,2,9,Loyal Customers,1
17233,2011-11-04 14:06:00,2011-11-04 14:06:00,1,190.88,190.88,35,0,3,2,1,6,New / Promising,0
17234,2011-06-10 11:20:00,2011-06-10 11:20:00,1,149.89,149.89,183,0,1,2,1,4,Other,0
17235,2010-12-02 13:38:00,2011-11-14 15:51:00,2,550.06,275.03,25,347,3,3,2,8,Loyal Customers,0
17236,2010-12-12 11:49:00,2011-11-27 12:00:00,6,916.13,152.68833333333333,13,350,4,4,3,11,Champions,1
17237,2011-11-17 12:55:00,2011-11-28 15:02:00,2,314.69,157.345,11,11,4,3,2,9,Loyal Customers,0
17238,2010-12-03 15:05:00,2011-12-07 11:35:00,17,3719.1000000000004,218.77058823529413,3,368,4,4,4,12,Champions,1
17239,2011-01-31 09:41:00,2011-01-31 09:41:00,1,382.5,382.5,313,0,1,2,2,5,Other,0
17242,2011-06-12 13:04:00,2011-08-23 14:55:00,2,1135.04,567.52,108,72,2,3,3,8,At Risk,0
17243,2010-12-05 10:03:00,2011-12-08 13:26:00,26,8540.05,328.4634615384615,1,368,4,4,4,12,Champions,1
17244,2011-10-17 15:19:00,2011-10-17 15:19:00,1,954.9,954.9,53,0,2,2,3,7,Other,0
17245,2011-05-19 10:43:00,2011-05-19 10:43:00,1,171.45,171.45,205,0,1,2,1,4,Other,0
17247,2011-11-24 15:21:00,2011-11-24 15:21:00,1,280.09000000000003,280.09000000000003,15,0,4,2,1,7,New / Promising,0
17248,2011-08-11 13:34:00,2011-08-11 13:34:00,1,318.65000000000003,318.65000000000003,120,0,2,2,2,6,Other,0
17250,2011-03-23 16:45:00,2011-12-06 12:15:00,2,381.97,190.985,4,257,4,3,2,9,Loyal Customers,1
17251,2010-12-12 11:06:00,2010-12-12 11:06:00,1,269.83,269.83,363,0,1,2,1,4,Other,0
17252,2011-06-06 16:41:00,2011-08-15 09:45:00,2,348.90999999999997,174.45499999999998,117,69,2,3,2,7,At Risk,0
17253,2011-11-21 12:59:00,2011-11-21 12:59:00,1,178.26,178.26,18,0,3,2,1,6,New / Promising,0
17254,2011-11-24 14:09:00,2011-12-05 12:46:00,2,271.19,135.595,5,10,4,3,1,8,Loyal Customers,0
17255,2011-02-13 15:18:00,2011-10-30 12:18:00,2,291.48,145.74,41,258,3,3,1,7,Loyal Customers,0
17256,2011-01-31 14:53:00,2011-08-24 13:30:00,2,240.0,120.0,107,204,2,3,1,6,At Risk,0
17259,2010-12-06 12:55:00,2011-07-14 15:01:00,2,581.23,290.615,148,220,1,3,2,6,At Risk,0
17262,2010-12-08 13:30:00,2011-10-18 12:56:00,5,1253.3600000000001,250.67200000000003,52,313,2,4,3,9,At Risk,1
17263,2011-05-15 14:32:00,2011-05-15 14:32:00,1,63.44,63.44,208,0,1,2,1,4,Other,0
17265,2011-06-12 12:00:00,2011-07-24 10:49:00,2,550.01,275.005,139,41,2,3,2,7,At Risk,0
17266,2011-07-15 11:57:00,2011-12-07 14:12:00,3,296.58,98.86,2,145,4,3,1,8,Loyal Customers,1
17267,2011-08-04 17:19:00,2011-08-04 17:22:00,2,317.20000000000005,158.60000000000002,127,0,2,3,2,7,At Risk,0
17268,2011-04-08 13:20:00,2011-08-24 10:06:00,4,763.64,190.91,108,137,2,3,3,8,At Risk,0
17272,2011-03-22 12:05:00,2011-10-28 16:37:00,4,2148.63,537.1575,42,220,3,3,4,10,Loyal Customers,1
17274,2011-11-04 13:16:00,2011-11-04 13:16:00,1,107.82,107.82,35,0,3,2,1,6,New / Promising,0
17277,2011-01-21 12:37:00,2011-04-26 12:47:00,2,1065.35,532.675,228,95,1,3,3,7,At Risk,0
17278,2011-04-12 13:10:00,2011-04-12 13:10:00,1,246.04,246.04,241,0,1,2,1,4,Other,0
17279,2011-10-13 11:58:00,2011-10-13 11:58:00,1,187.83,187.83,58,0,2,2,1,5,Other,0
17282,2011-02-13 11:36:00,2011-08-01 14:29:00,3,1685.46,561.82,130,169,2,3,4,9,At Risk,0
17284,2011-01-07 14:31:00,2011-10-10 14:38:00,6,1647.48,274.58,60,276,2,4,3,9,At Risk,1
17286,2011-11-18 12:47:00,2011-11-18 12:47:00,1,151.37,151.37,22,0,3,2,1,6,New / Promising,0
17287,2010-12-02 12:22:00,2011-11-13 13:27:00,7,1049.06,149.8657142857143,26,346,3,4,3,10,Loyal Customers,1
17288,2010-12-16 13:33:00,2011-11-30 16:09:00,7,1417.63,202.51857142857145,9,349,4,4,3,11,Champions,1
17289,2011-06-12 13:51:00,2011-11-08 12:01:00,3,931.02,310.34,32,148,3,3,3,9,Loyal Customers,0
17290,2011-11-23 15:53:00,2011-12-06 12:38:00,2,513.01,256.505,4,12,4,3,2,9,Loyal Customers,1
17291,2011-02-04 13:04:00,2011-02-04 13:04:00,1,550.8000000000001,550.8000000000001,308,0,1,2,2,5,Other,0
17293,2010-12-13 14:55:00,2011-12-01 14:37:00,9,1854.06,206.00666666666666,8,352,4,4,4,12,Champions,1
17295,2011-10-06 12:22:00,2011-11-11 10:49:00,3,547.0,182.33333333333334,29,35,3,3,2,8,Loyal Customers,0
17297,2011-11-22 14:43:00,2011-11-22 14:43:00,1,128.18,128.18,17,0,4,2,1,7,New / Promising,0
17298,2011-08-07 12:21:00,2011-08-30 16:43:00,2,498.42,249.21,101,23,2,3,2,7,At Risk,0
17299,2011-06-19 16:04:00,2011-11-28 12:01:00,4,656.61,164.1525,12,161,4,3,2,9,Loyal Customers,1
17301,2011-11-18 13:43:00,2011-11-18 13:43:00,1,163.24,163.24,21,0,3,2,1,6,New / Promising,0
17302,2011-02-07 10:14:00,2011-11-25 09:36:00,5,1135.63,227.12600000000003,15,290,4,4,3,11,Champions,1
17303,2010-12-13 13:32:00,2010-12-13 13:32:00,1,250.04,250.04,361,0,1,2,1,4,Other,0
17306,2010-12-21 13:34:00,2011-11-29 12:14:00,19,8631.31,454.2794736842105,11,342,4,4,4,12,Champions,1
17309,2011-09-05 15:20:00,2011-09-05 15:20:00,1,82.75,82.75,95,0,2,2,1,5,Other,0
17311,2011-01-27 10:56:00,2011-09-22 14:11:00,2,1384.85,692.425,78,238,2,3,3,8,At Risk,0
17312,2011-07-03 13:12:00,2011-07-24 11:52:00,3,644.3,214.76666666666665,139,20,2,3,2,7,At Risk,0
17313,2011-11-08 15:45:00,2011-11-08 15:45:00,1,2328.84,2328.84,31,0,3,2,4,9,New / Promising,0
17314,2011-01-31 11:25:00,2011-11-15 09:41:00,8,2527.92,315.99,25,287,3,4,4,11,Loyal Customers,1
17315,2010-12-17 12:24:00,2011-12-08 12:15:00,38,6281.23,165.29552631578946,2,355,4,4,4,12,Champions,1
17317,2011-09-11 12:45:00,2011-10-24 17:19:00,3,2600.34,866.7800000000001,46,43,3,3,4,10,Loyal Customers,1
17320,2010-12-06 15:38:00,2011-08-31 13:31:00,3,1200.62,400.20666666666665,100,267,2,3,3,8,At Risk,0
17321,2011-10-03 11:34:00,2011-12-01 13:41:00,2,657.16,328.58,8,59,4,3,2,9,Loyal Customers,1
17323,2011-02-20 14:38:00,2011-11-24 17:29:00,7,906.52,129.50285714285715,15,277,4,4,3,11,Champions,1
17324,2010-12-08 12:45:00,2011-11-22 10:34:00,4,986.4799999999999,246.61999999999998,18,348,3,3,3,9,Loyal Customers,1
17325,2011-03-04 13:09:00,2011-03-04 13:09:00,1,96.8,96.8,280,0,1,2,1,4,Other,0
17329,2011-01-28 15:29:00,2011-11-25 14:24:00,2,523.11,261.555,14,300,4,3,2,9,Loyal Customers,0
17330,2011-10-03 11:26:00,2011-11-17 08:56:00,2,363.9,181.95,23,44,3,3,2,8,Loyal Customers,0
17331,2011-08-08 11:55:00,2011-08-08 11:55:00,1,175.2,175.2,124,0,2,2,1,5,Other,0
17333,2011-09-15 10:11:00,2011-09-15 10:11:00,1,494.25,494.25,86,0,2,2,2,6,Other,0
17334,2011-02-04 09:03:00,2011-02-10 14:59:00,2,307.02,153.51,302,6,1,3,2,6,At Risk,0
17337,2011-02-02 17:06:00,2011-07-11 14:55:00,4,1981.06,495.265,151,158,1,3,4,8,At Risk,0
17338,2010-12-13 12:57:00,2011-11-22 14:23:00,8,6493.54,811.6925,17,344,4,4,4,12,Champions,1
17339,2010-12-09 14:44:00,2011-09-06 13:29:00,2,243.36,121.68,94,270,2,3,1,6,At Risk,0
17340,2010-12-08 15:56:00,2011-11-10 10:45:00,11,12353.29,1123.0263636363636,30,336,3,4,4,11,Loyal Customers,1
17341,2010-12-08 12:46:00,2011-07-06 12:33:00,3,682.29,227.42999999999998,157,209,1,3,3,7,At Risk,0
17343,2010-12-19 15:07:00,2010-12-19 15:07:00,1,193.64,193.64,355,0,1,2,1,4,Other,0
17344,2011-10-24 12:56:00,2011-10-24 12:56:00,1,157.62,157.62,46,0,3,2,1,6,New / Promising,0
17345,2011-05-27 12:26:00,2011-11-24 15:02:00,4,519.69,129.9225,15,181,4,3,2,9,Loyal Customers,1
17346,2010-12-01 14:34:00,2011-12-06 12:18:00,15,2622.88,174.85866666666666,4,369,4,4,4,12,Champions,1
17347,2011-09-14 13:12:00,2011-09-14 13:12:00,1,228.96,228.96,86,0,2,2,1,5,Other,0
17348,2011-02-15 10:49:00,2011-11-25 11:25:00,5,1156.6,231.32,15,283,4,4,3,11,Champions,1
17349,2011-06-13 14:29:00,2011-06-13 14:29:00,1,98.25,98.25,179,0,1,2,1,4,Other,0
17350,2011-10-19 16:05:00,2011-12-01 15:47:00,4,1281.32,320.33,8,42,4,3,3,10,Loyal Customers,1
17351,2011-03-11 16:05:00,2011-11-03 18:45:00,3,587.15,195.71666666666667,36,237,3,3,2,8,Loyal Customers,0
17353,2011-07-08 16:17:00,2011-08-02 17:19:00,2,1740.0,870.0,129,25,2,3,4,9,At Risk,0
17354,2011-10-20 10:34:00,2011-10-20 10:34:00,1,1393.06,1393.06,51,0,2,2,3,7,Other,0
17356,2011-02-01 11:07:00,2011-02-01 11:07:00,1,178.22,178.22,312,0,1,2,1,4,Other,0
17357,2011-11-15 16:29:00,2011-11-15 16:30:00,2,384.39,192.195,24,0,3,3,2,8,Loyal Customers,0
17358,2010-12-19 14:16:00,2011-02-09 16:57:00,2,360.81,180.405,303,52,1,3,2,6,At Risk,0
17359,2011-11-28 14:37:00,2011-11-28 14:37:00,1,127.86,127.86,11,0,4,2,1,7,New / Promising,0
17360,2011-06-08 17:09:00,2011-11-22 13:11:00,3,568.24,189.41333333333333,17,166,4,3,2,9,Loyal Customers,0
17361,2011-02-21 09:55:00,2011-10-21 15:43:00,3,488.2,162.73333333333332,49,242,3,3,2,8,Loyal Customers,0
17362,2011-02-03 10:26:00,2011-04-14 14:43:00,2,312.23,156.115,239,70,1,3,2,6,At Risk,0
17364,2011-01-12 16:57:00,2011-12-09 09:00:00,11,4462.68,405.69818181818187,1,330,4,4,4,12,Champions,1
17365,2011-01-11 12:11:00,2011-11-27 12:13:00,8,4767.36,595.92,13,320,4,4,4,12,Champions,1
17367,2011-04-15 14:21:00,2011-04-15 14:21:00,1,167.55,167.55,238,0,1,2,1,4,Other,0
17368,2011-01-06 11:57:00,2011-11-16 15:26:00,8,1878.87,234.85875,23,314,3,4,4,11,Loyal Customers,1
17370,2011-06-23 11:50:00,2011-09-28 10:14:00,4,446.18,111.545,73,96,2,3,2,7,At Risk,0
17371,2010-12-13 15:20:00,2011-11-22 13:30:00,3,418.4,139.46666666666667,17,343,4,3,2,9,Loyal Customers,0
17372,2010-12-12 12:00:00,2011-10-30 11:37:00,8,1337.18,167.1475,41,321,3,4,3,10,Loyal Customers,1
17373,2011-01-31 11:46:00,2011-10-30 15:28:00,4,646.9200000000001,161.73000000000002,40,272,3,3,2,8,Loyal Customers,0
17374,2011-03-03 12:53:00,2011-05-05 09:05:00,2,495.77,247.885,219,62,1,3,2,6,At Risk,0
17375,2010-12-13 15:16:00,2011-05-24 15:45:00,3,400.1,133.36666666666667,199,162,1,3,2,6,At Risk,0
17376,2011-02-01 14:12:00,2011-09-30 12:36:00,2,203.2,101.6,71,240,2,3,1,6,At Risk,0
17377,2010-12-01 12:35:00,2011-11-16 11:17:00,20,4058.32,202.916,24,349,3,4,4,11,Loyal Customers,1
17379,2011-11-28 13:56:00,2011-11-28 13:56:00,1,389.72,389.72,11,0,4,2,2,8,New / Promising,0
17381,2010-12-02 12:58:00,2011-12-01 11:59:00,29,20275.61,699.1589655172414,9,363,4,4,4,12,Champions,1
17382,2011-10-05 13:05:00,2011-10-05 13:05:00,1,65.4,65.4,65,0,2,2,1,5,Other,0
17383,2011-12-05 17:36:00,2011-12-05 17:36:00,1,193.39000000000001,193.39000000000001,4,0,4,2,1,7,New / Promising,0
17384,2011-05-04 16:07:00,2011-11-20 15:48:00,2,336.4,168.2,19,199,3,3,2,8,Loyal Customers,0
17385,2011-11-25 11:02:00,2011-11-25 11:02:00,1,256.11,256.11,15,0,4,2,1,7,New / Promising,0
17386,2011-06-27 12:11:00,2011-12-02 11:28:00,6,2686.42,447.7366666666667,8,157,4,4,4,12,Champions,1
17387,2011-11-06 11:25:00,2011-11-20 11:00:00,2,746.81,373.405,20,13,3,3,3,9,Loyal Customers,0
17388,2011-02-25 12:28:00,2011-09-23 10:31:00,4,1259.56,314.89,78,209,2,3,3,8,At Risk,0
17389,2011-01-12 15:48:00,2011-12-09 09:38:00,34,31833.68,936.2847058823529,1,330,4,4,4,12,Champions,1
17391,2011-06-28 12:21:00,2011-06-29 09:58:00,2,508.8,254.4,164,0,1,3,2,6,At Risk,0
17392,2010-12-16 19:04:00,2011-02-06 12:48:00,2,417.27,208.635,307,51,1,3,2,6,At Risk,0
17394,2011-05-04 13:22:00,2011-05-04 13:22:00,1,203.86999999999998,203.86999999999998,219,0,1,2,1,4,Other,0
17396,2010-12-03 09:45:00,2011-10-31 14:12:00,8,7330.8,916.35,39,332,3,4,4,11,Loyal Customers,1
17397,2011-11-17 13:58:00,2011-11-17 14:08:00,2,681.4100000000001,340.70500000000004,22,0,3,3,3,9,Loyal Customers,0
17398,2011-03-29 13:04:00,2011-08-17 09:48:00,3,653.38,217.79333333333332,115,140,2,3,2,7,At Risk,0
17400,2010-12-21 17:16:00,2011-08-05 15:38:00,5,2097.84,419.56800000000004,126,226,2,4,4,10,At Risk,1
17402,2010-12-05 13:53:00,2011-12-05 10:15:00,13,2633.85,202.60384615384615,5,364,4,4,4,12,Champions,1
17403,2011-11-03 15:18:00,2011-11-03 15:18:00,1,263.92,263.92,36,0,3,2,1,6,New / Promising,0
17404,2010-12-14 13:28:00,2011-12-05 16:26:00,15,31906.82,2127.1213333333335,4,356,4,4,4,12,Champions,1
17405,2011-07-12 14:17:00,2011-12-08 17:12:00,3,1031.41,343.80333333333334,1,149,4,3,3,10,Loyal Customers,1
17406,2010-12-08 10:35:00,2011-01-10 15:07:00,3,2184.42,728.14,333,33,1,3,4,8,At Risk,0
17408,2011-06-29 12:53:00,2011-06-29 12:53:00,1,32.65,32.65,163,0,1,2,1,4,Other,0
17409,2011-04-05 16:42:00,2011-06-08 10:36:00,2,771.85,385.925,185,63,1,3,3,7,At Risk,0
17410,2011-05-08 15:21:00,2011-11-23 15:46:00,5,1214.72,242.94400000000002,16,199,4,4,3,11,Champions,1
17411,2011-03-23 13:44:00,2011-11-27 14:25:00,3,778.94,259.6466666666667,12,249,4,3,3,10,Loyal Customers,1
17412,2010-12-02 16:29:00,2011-12-07 11:36:00,7,1258.06,179.72285714285712,3,369,4,4,3,11,Champions,1
17414,2011-06-08 11:43:00,2011-10-27 12:13:00,2,778.0,389.0,44,141,3,3,3,9,Loyal Customers,0
17415,2011-09-21 12:50:00,2011-09-21 12:50:00,1,507.84,507.84,80,0,2,2,2,6,Other,0
17416,2011-03-03 13:45:00,2011-11-10 12:47:00,7,6893.42,984.7742857142857,30,251,3,4,4,11,Loyal Customers,1
17418,2011-01-20 11:39:00,2011-10-28 13:00:00,2,463.46,231.73,42,281,3,3,2,8,Loyal Customers,0
17419,2010-12-07 15:03:00,2011-11-28 13:47:00,12,4226.57,352.21416666666664,11,355,4,4,4,12,Champions,1
17420,2010-12-01 09:56:00,2011-10-20 14:52:00,3,598.83,199.61,50,323,3,3,2,8,Loyal Customers,0
17422,2011-02-16 14:44:00,2011-11-23 13:27:00,6,1979.37,329.895,16,279,4,4,4,12,Champions,1
17423,2011-05-06 09:14:00,2011-10-24 13:36:00,2,698.4100000000001,349.20500000000004,46,171,3,3,3,9,Loyal Customers,0
17425,2011-10-10 11:37:00,2011-11-20 15:30:00,2,759.1700000000001,379.58500000000004,19,41,3,3,3,9,Loyal Customers,0
17426,2011-03-02 16:34:00,2011-12-01 18:07:00,6,5037.26,839.5433333333334,8,274,4,4,4,12,Champions,1
17427,2011-09-29 11:29:00,2011-09-29 11:29:00,1,100.8,100.8,72,0,2,2,1,5,Other,0
17428,2010-12-06 09:37:00,2011-12-09 09:45:00,28,17256.85,616.3160714285714,1,368,4,4,4,12,Champions,1
17429,2011-05-05 09:53:00,2011-08-03 13:22:00,3,524.9200000000001,174.97333333333336,128,90,2,3,2,7,At Risk,0
17430,2010-12-09 13:05:00,2011-11-07 09:24:00,2,265.76,132.88,33,332,3,3,1,7,Loyal Customers,0
17431,2011-01-30 14:36:00,2011-01-30 14:36:00,1,403.3,403.3,313,0,1,2,2,5,Other,0
17432,2011-11-02 17:30:00,2011-11-21 17:33:00,2,365.76,182.88,18,19,3,3,2,8,Loyal Customers,0
17433,2011-09-12 14:24:00,2011-09-12 14:24:00,1,303.15999999999997,303.15999999999997,88,0,2,2,1,5,Other,0
17434,2011-09-15 13:54:00,2011-12-07 13:16:00,7,2373.82,339.1171428571429,2,82,4,4,4,12,Champions,1
17436,2011-04-27 11:33:00,2011-12-08 12:30:00,2,216.29999999999998,108.14999999999999,2,225,4,3,1,8,Loyal Customers,0
17438,2011-03-31 10:26:00,2011-03-31 10:26:00,1,388.45000000000005,388.45000000000005,254,0,1,2,2,5,Other,0
17440,2011-04-06 12:05:00,2011-07-06 11:54:00,3,186.42,62.13999999999999,157,90,1,3,1,5,At Risk,0
17442,2011-02-22 13:02:00,2011-11-03 09:17:00,6,2248.56,374.76,37,253,3,4,4,11,Loyal Customers,1
17443,2011-05-04 10:47:00,2011-05-04 10:47:00,1,534.24,534.24,220,0,1,2,2,5,Other,0
17444,2011-06-20 09:04:00,2011-07-15 12:05:00,3,2940.04,980.0133333333333,148,25,1,3,4,8,At Risk,0
17446,2011-02-02 14:40:00,2011-06-16 10:42:00,2,120.9,60.45,177,133,1,3,1,5,At Risk,0
17447,2011-09-29 10:10:00,2011-10-30 14:18:00,2,541.53,270.765,40,31,3,3,2,8,Loyal Customers,0
17449,2010-12-15 10:57:00,2011-12-07 16:56:00,7,2519.21,359.88714285714286,2,357,4,4,4,12,Champions,1
17450,2010-12-07 09:23:00,2011-12-01 13:29:00,46,194390.79,4225.886739130435,8,359,4,4,4,12,Champions,1
17451,2011-08-26 11:54:00,2011-12-08 15:02:00,7,1721.4,245.91428571428574,1,104,4,4,4,12,Champions,1
17453,2011-10-06 17:02:00,2011-11-22 09:42:00,2,486.72,243.36,18,46,3,3,2,8,Loyal Customers,0
17454,2010-12-15 10:54:00,2011-05-31 13:58:00,4,517.53,129.3825,192,167,1,3,2,6,At Risk,0
17455,2011-05-20 12:31:00,2011-05-20 12:31:00,1,131.7,131.7,204,0,1,2,1,4,Other,0
17456,2010-12-09 15:23:00,2010-12-09 15:23:00,1,249.86,249.86,365,0,1,2,1,4,Other,0
17457,2011-01-04 14:33:00,2011-08-05 12:48:00,5,1737.6999999999998,347.53999999999996,127,212,2,4,4,10,At Risk,1
17458,2011-11-24 13:01:00,2011-11-24 13:01:00,1,316.5,316.5,15,0,4,2,2,8,New / Promising,0
17459,2011-10-10 17:00:00,2011-10-27 13:25:00,2,657.3,328.65,43,16,3,3,2,8,Loyal Customers,0
17460,2010-12-01 16:24:00,2011-09-06 15:04:00,6,622.4300000000001,103.73833333333334,94,278,2,4,2,8,At Risk,0
17461,2011-11-10 12:01:00,2011-11-17 10:21:00,3,735.82,245.27333333333334,23,6,3,3,3,9,Loyal Customers,1
17462,2011-02-28 17:01:00,2011-10-10 13:56:00,2,675.6899999999999,337.84499999999997,60,223,2,3,3,8,At Risk,0
17463,2011-01-30 15:48:00,2011-11-23 13:40:00,5,1875.8600000000001,375.172,16,296,4,4,4,12,Champions,1
17464,2011-07-04 13:19:00,2011-07-04 13:19:00,1,289.96000000000004,289.96000000000004,158,0,1,2,1,4,Other,0
17466,2011-09-22 09:16:00,2011-11-29 13:15:00,2,763.28,381.64,10,68,4,3,3,10,Loyal Customers,1
17468,2011-11-25 12:52:00,2011-11-29 15:33:00,2,137.0,68.5,10,4,4,3,1,8,Loyal Customers,0
17469,2011-05-19 08:55:00,2011-11-23 13:15:00,5,1870.97,374.194,16,188,4,4,4,12,Champions,1
17470,2010-12-07 09:57:00,2011-10-26 12:42:00,5,1125.07,225.01399999999998,45,323,3,4,3,10,Loyal Customers,1
17472,2011-02-13 14:40:00,2011-06-01 14:57:00,3,697.54,232.51333333333332,191,108,1,3,3,7,At Risk,0
17475,2011-09-21 14:55:00,2011-09-21 14:55:00,1,194.37,194.37,79,0,2,2,1,5,Other,0
17480,2011-09-23 11:39:00,2011-09-23 11:39:00,1,511.82,511.82,78,0,2,2,2,6,Other,0
17481,2011-09-07 09:57:00,2011-12-06 12:28:00,4,1255.59,313.8975,4,90,4,3,3,10,Loyal Customers,1
17483,2011-06-09 19:40:00,2011-10-05 13:10:00,3,414.04,138.01333333333335,65,117,2,3,2,7,At Risk,0
17486,2011-03-23 14:00:00,2011-03-23 14:00:00,1,396.87,396.87,261,0,1,2,2,5,Other,0
17489,2011-05-11 11:34:00,2011-10-12 08:56:00,2,376.64,188.32,59,153,2,3,2,7,At Risk,0
17490,2011-06-16 09:15:00,2011-12-09 09:08:00,7,2092.32,298.90285714285716,1,175,4,4,4,12,Champions,1
17491,2010-12-07 12:18:00,2011-12-08 16:18:00,10,3558.87,355.887,1,366,4,4,4,12,Champions,1
17492,2011-04-05 15:21:00,2011-04-05 15:21:00,1,374.57,374.57,248,0,1,2,2,5,Other,0
17495,2011-11-01 12:06:00,2011-12-02 12:08:00,2,497.56000000000006,248.78000000000003,8,31,4,3,2,9,Loyal Customers,0
17496,2010-12-16 08:39:00,2010-12-16 08:39:00,1,271.05,271.05,359,0,1,2,1,4,Other,0
17498,2011-09-25 12:25:00,2011-09-25 12:25:00,1,272.22,272.22,76,0,2,2,1,5,Other,0
17499,2011-02-23 09:14:00,2011-02-23 09:14:00,1,622.88,622.88,290,0,1,2,2,5,Other,0
17500,2011-11-10 09:08:00,2011-11-22 14:25:00,3,1138.0,379.3333333333333,17,12,4,3,3,10,Loyal Customers,1
17501,2011-05-03 09:46:00,2011-05-03 09:47:00,2,288.6,144.3,221,0,1,3,1,5,At Risk,0
17502,2011-11-10 16:39:00,2011-11-30 13:13:00,4,689.1,172.275,9,19,4,3,3,10,Loyal Customers,1
17503,2011-11-01 11:12:00,2011-12-07 09:18:00,2,558.96,279.48,3,35,4,3,2,9,Loyal Customers,1
17504,2011-01-21 11:09:00,2011-05-17 12:59:00,9,2997.03,333.00333333333333,206,116,1,4,4,9,At Risk,1
17505,2011-05-18 09:01:00,2011-07-01 12:50:00,2,1145.8400000000001,572.9200000000001,162,44,1,3,3,7,At Risk,0
17506,2011-09-25 11:39:00,2011-09-25 11:39:00,1,302.2,302.2,76,0,2,2,1,5,Other,0
17507,2011-02-03 18:08:00,2011-03-23 11:48:00,2,605.5799999999999,302.78999999999996,262,47,1,3,2,6,At Risk,0
17508,2011-03-04 08:10:00,2011-03-04 08:10:00,1,387.31,387.31,281,0,1,2,2,5,Other,0
17509,2011-10-07 13:14:00,2011-10-13 10:26:00,8,6083.64,760.455,58,5,2,4,4,10,At Risk,1
17510,2011-11-15 10:00:00,2011-11-15 10:00:00,1,308.48,308.48,25,0,3,2,2,7,New / Promising,0
17511,2010-12-01 10:19:00,2011-12-07 10:12:00,31,91062.38,2937.496129032258,3,370,4,4,4,12,Champions,1
17512,2011-02-11 12:22:00,2011-11-11 12:11:00,10,2924.9900000000002,292.499,29,272,3,4,4,11,Loyal Customers,1
17513,2011-09-28 16:42:00,2011-09-28 16:42:00,1,513.2,513.2,72,0,2,2,2,6,Other,0
17514,2011-08-03 15:45:00,2011-08-03 15:45:00,1,208.65,208.65,128,0,2,2,1,5,Other,0
17515,2011-01-25 14:33:00,2011-11-08 14:04:00,4,639.02,159.755,31,286,3,3,2,8,Loyal Customers,1
17516,2011-02-27 12:41:00,2011-11-24 16:51:00,5,764.88,152.976,15,270,4,4,3,11,Champions,1
17517,2011-02-04 11:48:00,2011-02-04 11:48:00,1,153.94,153.94,309,0,1,2,1,4,Other,0
17519,2010-12-06 15:18:00,2011-11-22 16:43:00,6,1844.02,307.33666666666664,17,351,4,4,4,12,Champions,1
17520,2011-10-17 12:04:00,2011-10-17 12:04:00,1,546.81,546.81,54,0,2,2,2,6,Other,0
17521,2011-05-24 15:14:00,2011-11-10 11:22:00,3,723.21,241.07000000000002,30,169,3,3,3,9,Loyal Customers,0
17522,2011-05-05 16:31:00,2011-12-08 12:31:00,5,1070.71,214.142,2,216,4,4,3,11,Champions,1
17523,2011-11-20 13:40:00,2011-11-28 13:20:00,4,652.74,163.185,11,7,4,3,2,9,Loyal Customers,1
17524,2010-12-13 14:32:00,2010-12-13 14:32:00,1,145.0,145.0,361,0,1,2,1,4,Other,0
17525,2010-12-15 12:05:00,2010-12-15 12:05:00,1,422.70000000000005,422.70000000000005,360,0,1,2,2,5,Other,0
17526,2010-12-09 12:20:00,2011-12-05 11:05:00,4,1195.9,298.975,5,360,4,3,3,10,Loyal Customers,1
17527,2011-05-05 13:43:00,2011-10-17 12:32:00,4,939.37,234.8425,54,164,2,3,3,8,At Risk,0
17528,2011-09-29 13:04:00,2011-12-08 13:27:00,8,3628.5,453.5625,1,70,4,4,4,12,Champions,1
17530,2010-12-09 20:01:00,2011-12-08 18:42:00,10,2367.12,236.712,1,363,4,4,4,12,Champions,1
17531,2011-06-02 19:17:00,2011-06-02 19:17:00,1,296.7,296.7,190,0,1,2,1,4,Other,0
17534,2011-10-17 12:47:00,2011-10-17 12:47:00,1,223.36,223.36,54,0,2,2,1,5,Other,0
17535,2011-03-04 15:20:00,2011-03-04 15:20:00,1,164.4,164.4,280,0,1,2,1,4,Other,0
17536,2011-06-15 13:23:00,2011-06-15 13:23:00,1,76.5,76.5,177,0,1,2,1,4,Other,0
17537,2011-02-09 13:37:00,2011-11-10 10:56:00,2,887.6700000000001,443.83500000000004,30,273,3,3,3,9,Loyal Customers,0
17538,2011-11-14 12:12:00,2011-11-14 12:12:00,1,98.42,98.42,26,0,3,2,1,6,New / Promising,0
17540,2011-01-27 14:35:00,2011-11-15 11:56:00,2,578.9000000000001,289.45000000000005,25,291,3,3,2,8,Loyal Customers,0
17542,2011-03-15 11:45:00,2011-03-15 11:45:00,1,170.75,170.75,270,0,1,2,1,4,Other,0
17545,2011-10-27 13:48:00,2011-10-27 14:04:00,3,642.3199999999999,214.10666666666665,43,0,3,3,2,8,Loyal Customers,0
17548,2011-04-20 12:01:00,2011-04-20 12:01:00,1,103.3,103.3,234,0,1,2,1,4,Other,0
17549,2011-10-19 10:05:00,2011-11-16 09:59:00,2,148.86,74.43,24,27,3,3,1,7,Loyal Customers,0
17550,2011-04-10 15:19:00,2011-05-26 14:09:00,3,267.15999999999997,89.05333333333333,197,45,1,3,1,5,At Risk,0
17551,2010-12-15 14:12:00,2010-12-15 14:12:00,1,290.34,290.34,359,0,1,2,1,4,Other,0
17552,2010-12-02 18:45:00,2011-10-10 17:00:00,4,930.41,232.6025,60,311,2,3,3,8,At Risk,0
17553,2011-08-02 10:00:00,2011-08-02 10:00:00,1,1487.6,1487.6,130,0,2,2,3,7,Other,0
17554,2011-07-14 20:01:00,2011-12-08 14:15:00,5,1952.45,390.49,1,146,4,4,4,12,Champions,1
17555,2011-01-09 12:31:00,2011-11-20 12:22:00,2,480.31,240.155,20,314,3,3,2,8,Loyal Customers,0
17556,2011-05-18 10:48:00,2011-05-18 10:48:00,1,157.9,157.9,206,0,1,2,1,4,Other,0
17557,2011-09-19 14:23:00,2011-11-25 12:57:00,3,541.46,180.48666666666668,14,66,4,3,2,9,Loyal Customers,1
17560,2011-02-02 11:14:00,2011-09-06 09:18:00,4,854.95,213.7375,95,215,2,3,3,8,At Risk,0
17561,2011-11-20 12:53:00,2011-11-20 12:53:00,1,165.12,165.12,19,0,3,2,1,6,New / Promising,0
17562,2011-06-19 13:06:00,2011-11-25 14:21:00,7,1122.38,160.34,14,159,4,4,3,11,Champions,1
17564,2011-09-20 14:00:00,2011-11-15 13:27:00,3,454.01,151.33666666666667,24,55,3,3,2,8,Loyal Customers,0
17566,2011-11-14 13:42:00,2011-12-01 19:54:00,2,869.77,434.885,8,17,4,3,3,10,Loyal Customers,1
17567,2010-12-02 15:18:00,2011-12-02 15:48:00,8,4331.48,541.435,7,365,4,4,4,12,Champions,1
17569,2011-01-11 14:15:00,2011-01-11 14:15:00,1,344.14,344.14,332,0,1,2,2,5,Other,0
17571,2011-02-14 15:15:00,2011-10-20 15:57:00,4,1425.67,356.4175,50,248,3,3,3,9,Loyal Customers,1
17572,2010-12-01 12:51:00,2011-09-29 17:53:00,4,226.75,56.6875,71,302,2,3,1,6,At Risk,0
17573,2011-09-07 10:36:00,2011-11-10 13:01:00,3,380.6,126.86666666666667,29,64,3,3,2,8,Loyal Customers,0
17574,2011-04-11 09:47:00,2011-04-11 09:47:00,1,185.65,185.65,243,0,1,2,1,4,Other,0
17576,2010-12-09 16:57:00,2011-12-01 17:56:00,19,3564.83,187.62263157894736,8,357,4,4,4,12,Champions,1
17578,2011-05-05 18:38:00,2011-05-05 18:38:00,1,143.46,143.46,218,0,1,2,1,4,Other,0
17579,2011-06-13 14:12:00,2011-12-05 12:28:00,3,448.9,149.63333333333333,5,174,4,3,2,9,Loyal Customers,1
17580,2010-12-16 15:27:00,2011-04-01 12:41:00,3,215.72,71.90666666666667,253,105,1,3,1,5,At Risk,0
17581,2010-12-02 14:47:00,2011-12-09 12:21:00,25,11025.24,441.0096,1,371,4,4,4,12,Champions,1
17582,2011-04-17 13:18:00,2011-04-17 13:18:00,1,175.27,175.27,236,0,1,2,1,4,Other,0
17584,2011-08-04 14:12:00,2011-12-02 17:12:00,2,1242.3000000000002,621.1500000000001,7,120,4,3,3,10,Loyal Customers,1
17585,2011-01-05 15:09:00,2011-08-22 13:30:00,4,1116.6799999999998,279.16999999999996,109,228,2,3,3,8,At Risk,0
17588,2011-04-21 10:31:00,2011-08-31 13:37:00,3,1240.2,413.40000000000003,100,132,2,3,3,8,At Risk,0
17589,2011-04-13 13:47:00,2011-10-10 16:58:00,4,2404.17,601.0425,60,180,2,3,4,9,At Risk,1
17590,2011-10-30 14:05:00,2011-12-07 12:55:00,3,1468.02,489.34,2,37,4,3,3,10,Loyal Customers,1
17591,2010-12-07 15:39:00,2011-09-27 13:42:00,7,2203.67,314.81,73,293,2,4,4,10,At Risk,1
17593,2010-12-22 10:29:00,2011-12-06 10:30:00,5,3923.86,784.772,4,349,4,4,4,12,Champions,1
17594,2011-03-30 10:32:00,2011-09-15 16:34:00,2,993.18,496.59,85,169,2,3,3,8,At Risk,0
17595,2011-11-02 16:19:00,2011-11-27 16:08:00,2,386.69,193.345,12,24,4,3,2,9,Loyal Customers,0
17596,2010-12-06 12:34:00,2011-11-16 14:11:00,7,2806.69,400.9557142857143,23,345,3,4,4,11,Loyal Customers,1
17597,2011-05-10 11:54:00,2011-05-10 11:54:00,1,2044.3700000000001,2044.3700000000001,214,0,1,2,4,7,High Value,0
17600,2011-11-22 09:43:00,2011-11-22 09:43:00,1,161.67000000000002,161.67000000000002,18,0,3,2,1,6,New / Promising,0
17601,2011-04-14 18:02:00,2011-04-14 18:02:00,1,116.00999999999999,116.00999999999999,239,0,1,2,1,4,Other,0
17602,2011-01-19 16:18:00,2011-12-07 13:53:00,6,5054.42,842.4033333333333,2,321,4,4,4,12,Champions,1
17603,2011-09-22 14:18:00,2011-09-22 14:18:00,1,394.72,394.72,78,0,2,2,2,6,Other,0
17604,2011-01-31 15:09:00,2011-05-06 13:43:00,2,309.36,154.68,217,94,1,3,2,6,At Risk,0
17608,2011-11-06 13:00:00,2011-11-06 13:06:00,2,191.99,95.995,33,0,3,3,1,7,Loyal Customers,0
17609,2011-01-16 16:23:00,2011-10-30 12:28:00,5,1105.78,221.156,41,286,3,4,3,10,Loyal Customers,1
17611,2010-12-13 13:52:00,2011-12-02 13:29:00,15,3961.12,264.07466666666664,7,353,4,4,4,12,Champions,1
17612,2011-02-15 10:40:00,2011-10-17 14:59:00,6,2048.45,341.4083333333333,53,244,2,4,4,10,At Risk,1
17613,2011-02-07 11:20:00,2011-11-17 10:51:00,14,4544.55,324.6107142857143,23,282,3,4,4,11,Loyal Customers,1
17614,2011-10-13 16:01:00,2011-10-13 16:01:00,1,386.32,386.32,57,0,2,2,2,6,Other,0
17615,2011-05-01 15:33:00,2011-08-01 14:06:00,3,329.6,109.86666666666667,130,91,2,3,2,7,At Risk,0
17616,2010-12-07 10:04:00,2011-06-19 10:11:00,3,571.1999999999999,190.39999999999998,174,194,1,3,2,6,At Risk,0
17618,2010-12-12 16:05:00,2011-12-04 11:50:00,3,930.28,310.0933333333333,6,356,4,3,3,10,Loyal Customers,1
17619,2011-01-31 14:18:00,2011-01-31 14:18:00,1,214.37,214.37,312,0,1,2,1,4,Other,0
17620,2011-10-11 12:08:00,2011-10-11 12:08:00,1,81.44,81.44,60,0,2,2,1,5,Other,0
17621,2010-12-20 13:31:00,2011-11-18 17:11:00,3,1379.9,459.9666666666667,21,333,3,3,3,9,Loyal Customers,1
17623,2011-11-07 11:32:00,2011-11-07 11:32:00,1,527.0500000000001,527.0500000000001,33,0,3,2,2,7,New / Promising,0
17624,2011-05-05 17:59:00,2011-11-25 10:52:00,2,843.48,421.74,15,203,4,3,3,10,Loyal Customers,0
17625,2011-03-27 12:21:00,2011-11-21 13:36:00,4,2020.4,505.1,18,239,3,3,4,10,Loyal Customers,1
17628,2011-09-19 15:21:00,2011-09-19 15:21:00,1,75.75,75.75,81,0,2,2,1,5,Other,0
17629,2010-12-15 09:58:00,2011-12-04 10:56:00,8,1814.12,226.765,6,354,4,4,4,12,Champions,1
17630,2011-04-21 14:03:00,2011-06-23 11:58:00,2,503.6,251.8,170,62,1,3,2,6,At Risk,0
17631,2011-04-21 13:22:00,2011-12-08 09:47:00,3,528.33,176.11,2,230,4,3,2,9,Loyal Customers,1
17633,2011-08-11 15:43:00,2011-11-08 13:25:00,4,1324.8400000000001,331.21000000000004,31,88,3,3,3,9,Loyal Customers,1
17634,2011-01-06 12:45:00,2011-11-03 13:09:00,9,2358.59,262.0655555555556,36,301,3,4,4,11,Loyal Customers,1
17636,2011-11-20 14:40:00,2011-11-20 14:40:00,1,285.56,285.56,19,0,3,2,1,6,New / Promising,0
17637,2011-08-16 13:25:00,2011-11-08 12:51:00,2,547.06,273.53,31,83,3,3,2,8,Loyal Customers,0
17639,2011-03-08 15:22:00,2011-03-08 15:22:00,1,108.5,108.5,276,0,1,2,1,4,Other,0
17640,2011-09-14 09:13:00,2011-09-14 09:13:00,1,621.66,621.66,87,0,2,2,2,6,Other,0
17642,2011-06-16 12:55:00,2011-08-12 09:11:00,2,712.29,356.145,120,56,2,3,3,8,At Risk,0
17643,2010-12-01 14:38:00,2010-12-01 14:38:00,1,101.55,101.55,373,0,1,2,1,4,Other,0
17644,2011-03-24 09:44:00,2011-12-08 13:43:00,11,2895.6400000000003,263.24,1,259,4,4,4,12,Champions,1
17646,2010-12-09 14:28:00,2011-05-04 13:17:00,3,1008.3900000000001,336.13000000000005,219,145,1,3,3,7,At Risk,0
17647,2011-10-05 15:38:00,2011-10-05 15:38:00,1,133.06,133.06,65,0,2,2,1,5,Other,0
17648,2011-04-04 10:29:00,2011-10-10 09:41:00,4,1797.5,449.375,61,188,2,3,4,9,At Risk,1
17649,2011-07-24 15:53:00,2011-07-24 15:53:00,1,868.49,868.49,138,0,2,2,3,7,Other,0
17650,2011-11-18 14:52:00,2011-11-18 14:52:00,1,166.08,166.08,21,0,3,2,1,6,New / Promising,0
17651,2011-06-15 15:57:00,2011-11-28 10:29:00,10,3945.0,394.5,12,165,4,4,4,12,Champions,1
17652,2011-03-03 14:05:00,2011-11-14 12:55:00,12,4867.72,405.6433333333334,25,255,3,4,4,11,Loyal Customers,1
17653,2011-08-11 15:24:00,2011-11-03 12:46:00,4,1207.5600000000002,301.89000000000004,37,83,3,3,3,9,Loyal Customers,1
17654,2011-03-07 13:17:00,2011-03-07 13:17:00,1,117.55,117.55,277,0,1,2,1,4,Other,0
17655,2010-12-08 16:45:00,2011-11-29 11:34:00,7,2638.94,376.99142857142857,11,355,4,4,4,12,Champions,1
17656,2011-08-03 10:45:00,2011-09-27 13:04:00,5,1674.69,334.938,73,55,2,4,4,10,At Risk,1
17658,2011-05-12 15:23:00,2011-11-14 12:07:00,2,595.4200000000001,297.71000000000004,26,185,3,3,2,8,Loyal Customers,0
17659,2010-12-02 16:46:00,2011-11-22 13:29:00,12,2999.46,249.955,17,354,4,4,4,12,Champions,1
17660,2011-07-21 13:37:00,2011-07-21 13:37:00,1,178.75,178.75,141,0,2,2,1,5,Other,0
17663,2011-02-25 14:11:00,2011-11-14 08:56:00,7,1802.91,257.55857142857144,26,261,3,4,4,11,Loyal Customers,1
17664,2011-05-11 14:17:00,2011-11-21 11:29:00,2,604.64,302.32,19,193,3,3,2,8,Loyal Customers,0
17666,2011-10-05 11:06:00,2011-12-06 09:06:00,2,728.1600000000001,364.08000000000004,4,61,4,3,3,10,Loyal Customers,1
17667,2011-02-14 09:24:00,2011-10-04 14:32:00,5,2055.51,411.10200000000003,66,232,2,4,4,10,At Risk,1
17668,2011-11-01 14:45:00,2011-12-08 13:25:00,2,347.75,173.875,1,36,4,3,2,9,Loyal Customers,1
17669,2011-04-04 10:11:00,2011-10-28 08:53:00,7,3406.7200000000003,486.67428571428576,43,206,3,4,4,11,Loyal Customers,1
17670,2011-04-26 09:12:00,2011-04-26 09:12:00,1,205.7,205.7,228,0,1,2,1,4,Other,0
17671,2010-12-09 14:27:00,2011-11-24 12:21:00,4,1572.71,393.1775,16,349,4,3,3,10,Loyal Customers,1
17672,2011-02-03 13:29:00,2011-10-20 14:18:00,2,3178.17,1589.085,50,259,3,3,4,10,Loyal Customers,1
17673,2011-01-23 15:16:00,2011-12-08 12:50:00,6,1594.97,265.8283333333333,2,318,4,4,3,11,Champions,1
17674,2010-12-06 10:20:00,2011-09-26 13:35:00,2,551.04,275.52,74,294,2,3,2,7,At Risk,0
17675,2010-12-07 13:22:00,2011-12-08 18:03:00,31,20374.28,657.2348387096774,1,366,4,4,4,12,Champions,1
17676,2010-12-08 13:49:00,2011-12-05 15:16:00,6,1371.18,228.53,4,362,4,4,3,11,Champions,1
17677,2010-12-06 08:42:00,2011-12-08 09:56:00,30,16345.380000000001,544.846,2,367,4,4,4,12,Champions,1
17678,2011-03-21 11:52:00,2011-03-21 11:52:00,1,298.11,298.11,264,0,1,2,1,4,Other,0
17679,2011-09-15 10:35:00,2011-10-18 07:43:00,2,1992.1100000000001,996.0550000000001,53,32,2,3,4,9,At Risk,0
17680,2011-11-16 12:42:00,2011-11-16 12:42:00,1,184.4,184.4,24,0,3,2,1,6,New / Promising,0
17682,2010-12-06 13:35:00,2011-11-29 15:59:00,6,2474.33,412.3883333333333,10,358,4,4,4,12,Champions,1
17684,2011-10-27 11:10:00,2011-10-27 11:10:00,1,239.40999999999997,239.40999999999997,44,0,3,2,1,6,New / Promising,0
17685,2010-12-02 14:42:00,2011-11-23 11:36:00,7,3155.83,450.8328571428571,17,355,4,4,4,12,Champions,1
17686,2011-02-10 10:18:00,2011-12-02 15:39:00,7,5739.46,819.9228571428572,7,295,4,4,4,12,Champions,1
17690,2010-12-01 16:15:00,2011-11-09 15:17:00,15,4726.8,315.12,30,342,3,4,4,11,Loyal Customers,1
17691,2010-12-06 11:10:00,2010-12-16 17:20:00,2,290.4,145.2,358,10,1,3,1,5,At Risk,0
17692,2010-12-15 13:37:00,2011-08-04 14:01:00,4,740.9399999999999,185.23499999999999,127,232,2,3,3,8,At Risk,0
17693,2011-07-25 15:48:00,2011-07-25 15:48:00,1,200.47,200.47,137,0,2,2,1,5,Other,0
17694,2011-07-21 12:00:00,2011-07-21 12:00:00,1,283.12,283.12,142,0,2,2,1,5,Other,0
17695,2011-06-21 12:35:00,2011-07-31 10:40:00,2,765.34,382.67,132,39,2,3,3,8,At Risk,0
17696,2010-12-10 09:51:00,2011-11-01 13:43:00,8,2285.71,285.71375,38,326,3,4,4,11,Loyal Customers,1
17697,2011-04-17 15:40:00,2011-04-17 15:40:00,1,338.95000000000005,338.95000000000005,236,0,1,2,2,5,Other,0
17698,2011-03-24 11:34:00,2011-03-24 11:34:00,1,154.95,154.95,261,0,1,2,1,4,Other,0
17700,2011-03-03 16:34:00,2011-11-23 11:51:00,4,2534.6400000000003,633.6600000000001,17,264,4,3,4,11,Loyal Customers,1
17701,2011-04-01 12:25:00,2011-04-01 12:25:00,1,417.95,417.95,253,0,1,2,2,5,Other,0
17702,2011-05-17 16:23:00,2011-11-09 16:03:00,4,1824.37,456.0925,30,175,3,3,4,10,Loyal Customers,1
17703,2011-07-24 13:30:00,2011-11-04 15:51:00,3,798.74,266.24666666666667,35,103,3,3,3,9,Loyal Customers,0
17704,2011-04-14 09:28:00,2011-06-24 09:40:00,2,885.19,442.595,169,71,1,3,3,7,At Risk,0
17705,2011-02-11 10:57:00,2011-12-06 13:45:00,9,1823.52,202.61333333333334,3,298,4,4,4,12,Champions,1
17706,2010-12-08 11:02:00,2011-12-05 13:34:00,17,10504.49,617.9111764705882,4,362,4,4,4,12,Champions,1
17707,2011-01-07 13:30:00,2011-06-07 15:03:00,2,152.4,76.2,185,151,1,3,1,5,At Risk,0
17708,2011-01-19 10:09:00,2011-06-05 10:12:00,2,263.33,131.665,188,137,1,3,1,5,At Risk,0
17709,2011-06-23 11:55:00,2011-06-23 11:55:00,1,137.45000000000002,137.45000000000002,170,0,1,2,1,4,Other,0
17711,2011-02-23 11:32:00,2011-11-29 11:40:00,2,385.1,192.55,11,279,4,3,2,9,Loyal Customers,0
17712,2011-10-26 12:28:00,2011-10-26 12:28:00,1,522.91,522.91,45,0,3,2,2,7,New / Promising,0
17714,2011-01-23 10:32:00,2011-01-23 10:32:00,1,153.0,153.0,321,0,1,2,1,4,Other,0
17715,2011-05-23 12:32:00,2011-05-23 12:32:00,1,326.4,326.4,201,0,1,2,2,5,Other,0
17716,2011-03-17 10:38:00,2011-11-17 12:00:00,11,5655.99,514.180909090909,23,245,3,4,4,11,Loyal Customers,1
17718,2011-04-21 13:39:00,2011-04-21 13:39:00,1,139.35,139.35,232,0,1,2,1,4,Other,0
17719,2011-03-29 11:29:00,2011-11-02 10:36:00,15,5396.04,359.736,38,217,3,4,4,11,Loyal Customers,1
17720,2010-12-07 10:43:00,2011-11-13 15:04:00,4,1195.94,298.985,26,341,3,3,3,9,Loyal Customers,1
17722,2010-12-08 12:41:00,2011-09-04 15:22:00,4,2424.04,606.01,96,270,2,3,4,9,At Risk,1
17723,2011-05-09 14:44:00,2011-08-04 18:37:00,6,3276.4000000000005,546.0666666666667,127,87,2,4,4,10,At Risk,1
17724,2011-07-24 13:26:00,2011-09-29 15:26:00,3,1033.0,344.3333333333333,71,67,2,3,3,8,At Risk,0
17725,2011-03-17 19:47:00,2011-11-23 16:34:00,11,3439.08,312.64363636363635,16,250,4,4,4,12,Champions,1
17727,2011-11-24 17:06:00,2011-11-24 17:06:00,1,1060.25,1060.25,15,0,4,2,3,9,New / Promising,0
17728,2011-09-14 11:39:00,2011-12-06 08:52:00,3,2876.0099999999998,958.67,4,82,4,3,4,11,Loyal Customers,1
17730,2011-01-17 14:49:00,2011-12-06 15:43:00,13,5298.4800000000005,407.5753846153847,3,323,4,4,4,12,Champions,1
17731,2011-06-09 14:18:00,2011-09-21 15:02:00,4,1240.1100000000001,310.02750000000003,79,104,2,3,3,8,At Risk,0
17732,2010-12-02 09:29:00,2010-12-02 09:29:00,1,303.97,303.97,373,0,1,2,1,4,Other,0
17733,2011-03-23 09:54:00,2011-11-01 08:16:00,2,692.19,346.095,39,222,3,3,3,9,Loyal Customers,0
17734,2011-04-20 10:04:00,2011-10-17 12:33:00,3,700.6300000000001,233.54333333333338,54,180,2,3,3,8,At Risk,0
17735,2010-12-07 10:32:00,2011-12-07 16:47:00,19,13110.02,690.001052631579,2,365,4,4,4,12,Champions,1
17736,2011-08-18 14:33:00,2011-11-30 15:36:00,3,377.44,125.81333333333333,9,104,4,3,2,9,Loyal Customers,1
17737,2011-10-12 14:42:00,2011-11-30 15:16:00,2,168.24,84.12,9,49,4,3,1,8,Loyal Customers,0
17738,2011-03-02 16:26:00,2011-11-20 15:05:00,4,1879.05,469.7625,19,262,3,3,4,10,Loyal Customers,1
17739,2010-12-14 14:26:00,2011-11-28 09:12:00,7,2791.35,398.7642857142857,12,348,4,4,4,12,Champions,1
17742,2011-01-11 10:04:00,2011-08-18 15:28:00,2,355.11,177.555,113,219,2,3,2,7,At Risk,0
17744,2010-12-16 14:17:00,2011-12-06 12:11:00,6,2322.4,387.06666666666666,4,354,4,4,4,12,Champions,1
17746,2011-04-13 14:31:00,2011-04-13 14:31:00,1,110.25,110.25,240,0,1,2,1,4,Other,0
17747,2011-08-19 08:13:00,2011-08-19 08:13:00,1,71.4,71.4,113,0,2,2,1,5,Other,0
17749,2011-03-28 13:39:00,2011-06-14 15:45:00,2,674.52,337.26,178,78,1,3,3,7,At Risk,0
17750,2011-06-28 15:44:00,2011-12-04 14:09:00,9,1710.45,190.05,5,158,4,4,4,12,Champions,1
17752,2010-12-15 16:19:00,2010-12-15 16:19:00,1,80.64,80.64,359,0,1,2,1,4,Other,0
17754,2011-03-24 13:54:00,2011-12-09 11:20:00,5,1664.65,332.93,1,259,4,4,4,12,Champions,1
17757,2010-12-02 17:17:00,2011-12-08 15:31:00,30,5593.39,186.44633333333334,1,370,4,4,4,12,Champions,1
17758,2011-04-03 15:22:00,2011-11-20 14:45:00,8,3408.2,426.025,19,230,3,4,4,11,Loyal Customers,1
17759,2011-06-23 13:35:00,2011-11-22 16:02:00,3,819.96,273.32,17,152,4,3,3,10,Loyal Customers,1
17760,2010-12-01 15:08:00,2011-11-18 10:56:00,2,287.59,143.795,22,351,3,3,1,7,Loyal Customers,0
17761,2011-11-07 10:23:00,2011-11-07 10:23:00,1,712.78,712.78,33,0,3,2,3,8,New / Promising,0
17763,2011-03-21 14:25:00,2011-03-21 14:25:00,1,15.0,15.0,263,0,1,2,1,4,Other,0
17764,2011-05-12 16:11:00,2011-10-20 11:03:00,2,772.55,386.275,51,160,2,3,3,8,At Risk,0
17765,2011-03-28 11:58:00,2011-07-04 12:41:00,3,367.63,122.54333333333334,159,98,1,3,2,6,At Risk,0
17767,2011-11-24 14:42:00,2011-11-24 14:42:00,1,271.2,271.2,15,0,4,2,1,7,New / Promising,0
17768,2011-06-26 13:46:00,2011-12-01 13:22:00,3,2081.9,693.9666666666667,8,157,4,3,4,11,Loyal Customers,1
17769,2011-01-23 11:15:00,2011-11-27 11:18:00,10,3957.4300000000003,395.74300000000005,13,308,4,4,4,12,Champions,1
17770,2011-03-02 13:35:00,2011-05-25 12:34:00,5,1143.27,228.654,199,83,1,4,3,8,At Risk,0
17771,2011-01-20 14:13:00,2011-10-14 11:43:00,2,245.81,122.905,57,266,2,3,1,6,At Risk,0
17772,2011-11-29 10:57:00,2011-11-29 11:05:00,2,173.45000000000002,86.72500000000001,11,0,4,3,1,8,Loyal Customers,0
17774,2011-02-07 13:13:00,2011-09-04 12:49:00,4,1213.73,303.4325,97,208,2,3,3,8,At Risk,0
17775,2011-03-30 10:50:00,2011-03-30 10:50:00,1,56.4,56.4,255,0,1,2,1,4,Other,0
17777,2011-08-31 14:35:00,2011-11-15 12:02:00,3,647.56,215.85333333333332,25,75,3,3,2,8,Loyal Customers,0
17779,2011-07-19 12:19:00,2011-11-18 14:15:00,3,650.3199999999999,216.7733333333333,21,122,3,3,2,8,Loyal Customers,0
17781,2011-03-31 19:54:00,2011-07-03 16:00:00,2,188.01999999999998,94.00999999999999,159,93,1,3,1,5,At Risk,0
17783,2011-04-06 10:07:00,2011-09-28 16:07:00,2,283.47,141.735,72,175,2,3,1,6,At Risk,0
17785,2011-10-17 13:43:00,2011-10-17 13:43:00,1,131.94,131.94,53,0,2,2,1,5,Other,0
17786,2011-01-26 14:35:00,2011-09-15 12:51:00,2,266.85,133.425,85,231,2,3,1,6,At Risk,0
17787,2010-12-03 13:43:00,2011-07-10 11:24:00,4,1817.54,454.385,153,218,1,3,4,8,At Risk,0
17788,2011-08-02 10:38:00,2011-09-27 10:09:00,2,1117.9,558.95,74,55,2,3,3,8,At Risk,0
17789,2011-03-03 13:14:00,2011-03-03 13:14:00,1,225.9,225.9,281,0,1,2,1,4,Other,0
17790,2010-12-10 10:47:00,2011-11-13 11:30:00,14,1964.3000000000002,140.30714285714288,27,338,3,4,4,11,Loyal Customers,1
17791,2011-11-10 12:09:00,2011-11-10 12:09:00,1,106.1,106.1,30,0,3,2,1,6,New / Promising,0
17793,2011-11-14 14:24:00,2011-11-14 14:24:00,1,300.34000000000003,300.34000000000003,25,0,3,2,1,6,New / Promising,0
17795,2011-03-20 12:02:00,2011-06-13 12:36:00,2,342.83000000000004,171.41500000000002,180,85,1,3,2,6,At Risk,0
17796,2010-12-05 12:23:00,2011-10-30 15:38:00,4,690.0,172.5,40,329,3,3,3,9,Loyal Customers,0
17797,2011-06-10 11:29:00,2011-11-17 13:21:00,3,780.4300000000001,260.1433333333334,22,160,3,3,3,9,Loyal Customers,1
17799,2010-12-13 13:10:00,2011-11-17 15:16:00,10,3039.17,303.91700000000003,22,339,3,4,4,11,Loyal Customers,1
17800,2011-01-09 13:50:00,2011-11-02 12:57:00,9,1187.21,131.91222222222223,37,296,3,4,3,10,Loyal Customers,1
17802,2010-12-02 13:44:00,2011-09-18 14:56:00,3,1285.04,428.34666666666664,82,290,2,3,3,8,At Risk,0
17805,2011-09-27 11:49:00,2011-09-27 11:49:00,1,512.31,512.31,74,0,2,2,2,6,Other,0
17806,2011-11-28 14:12:00,2011-11-28 14:12:00,1,546.04,546.04,11,0,4,2,2,8,New / Promising,0
17809,2010-12-01 09:41:00,2011-11-23 12:59:00,12,5411.91,450.9925,16,357,4,4,4,12,Champions,1
17811,2011-01-10 10:58:00,2011-12-05 13:46:00,39,7761.82,199.02102564102563,4,329,4,4,4,12,Champions,1
17812,2010-12-06 15:27:00,2011-11-27 11:47:00,4,699.81,174.9525,13,355,4,3,3,10,Loyal Customers,1
17813,2011-09-29 15:57:00,2011-11-25 16:13:00,5,1698.07,339.614,14,57,4,4,4,12,Champions,1
17816,2010-12-09 14:10:00,2011-11-03 11:34:00,4,36.56,9.14,37,328,3,3,1,7,Loyal Customers,0
17817,2011-03-07 17:30:00,2011-12-05 14:39:00,3,387.67999999999995,129.22666666666666,4,272,4,3,2,9,Loyal Customers,1
17819,2010-12-03 14:26:00,2011-09-29 10:52:00,7,3704.87,529.2671428571429,72,299,2,4,4,10,At Risk,1
17824,2011-10-19 14:14:00,2011-10-19 14:14:00,1,298.4,298.4,51,0,2,2,1,5,Other,0
17827,2010-12-10 10:18:00,2011-12-04 15:00:00,5,1987.33,397.466,5,359,4,4,4,12,Champions,1
17828,2011-06-08 08:31:00,2011-11-17 08:41:00,4,1820.09,455.0225,23,162,3,3,4,10,Loyal Customers,1
17829,2011-02-14 12:46:00,2011-02-14 12:46:00,1,889.24,889.24,299,0,1,2,3,6,Other,0
17830,2011-02-24 10:15:00,2011-12-08 12:28:00,3,398.7,132.9,2,287,4,3,2,9,Loyal Customers,1
17831,2011-11-06 15:09:00,2011-11-06 15:09:00,1,35.400000000000006,35.400000000000006,33,0,3,2,1,6,New / Promising,0
17832,2011-10-21 11:43:00,2011-10-21 11:43:00,1,155.37,155.37,50,0,3,2,1,6,New / Promising,0
17835,2011-11-16 16:30:00,2011-12-07 11:48:00,3,342.24,114.08,3,20,4,3,2,9,Loyal Customers,1
17836,2011-10-23 16:13:00,2011-10-23 16:13:00,1,110.21,110.21,47,0,3,2,1,6,New / Promising,0
17837,2011-06-29 16:44:00,2011-10-28 16:13:00,8,1541.23,192.65375,42,120,3,4,3,10,Loyal Customers,1
17838,2010-12-02 15:55:00,2011-11-13 11:20:00,5,2720.8,544.1600000000001,27,345,3,4,4,11,Loyal Customers,1
17839,2011-10-28 17:27:00,2011-10-28 17:27:00,1,318.15,318.15,42,0,3,2,2,7,New / Promising,0
17841,2010-12-01 14:41:00,2011-12-08 12:07:00,124,40519.84,326.77290322580643,2,371,4,4,4,12,Champions,1
17843,2011-02-09 15:33:00,2011-02-09 15:33:00,1,205.48,205.48,303,0,1,2,1,4,Other,0
17844,2011-08-25 11:27:00,2011-08-25 11:27:00,1,51.56,51.56,107,0,2,2,1,5,Other,0
17846,2011-09-15 15:20:00,2011-09-15 15:20:00,1,2033.1,2033.1,85,0,2,2,4,8,High Value,0
17848,2010-12-16 18:38:00,2011-09-19 16:49:00,9,901.1999999999999,100.13333333333333,81,276,2,4,3,9,At Risk,1
17849,2011-01-10 11:59:00,2011-05-05 13:46:00,4,605.8,151.45,218,115,1,3,2,6,At Risk,0
17850,2010-12-01 08:26:00,2010-12-02 15:27:00,34,5391.21,158.565,372,1,1,4,4,9,At Risk,1
17852,2011-11-28 12:31:00,2011-11-28 12:36:00,2,114.34,57.17,12,0,4,3,1,8,Loyal Customers,0
17854,2011-04-26 16:53:00,2011-06-07 16:21:00,2,311.26,155.63,185,41,1,3,2,6,At Risk,0
17855,2010-12-02 09:44:00,2010-12-02 09:44:00,1,208.97,208.97,373,0,1,2,1,4,Other,0
17856,2011-03-03 11:40:00,2011-12-08 09:40:00,4,1418.03,354.5075,2,279,4,3,3,10,Loyal Customers,1
17857,2010-12-09 11:35:00,2011-12-05 13:13:00,23,26879.04,1168.6539130434783,4,361,4,4,4,12,Champions,1
17858,2010-12-05 13:08:00,2011-12-04 11:56:00,12,5140.66,428.3883333333333,6,363,4,4,4,12,Champions,1
17859,2011-02-08 10:32:00,2011-02-08 10:32:00,1,141.92000000000002,141.92000000000002,305,0,1,2,1,4,Other,0
17860,2010-12-06 12:41:00,2010-12-06 12:41:00,1,226.45000000000002,226.45000000000002,369,0,1,2,1,4,Other,0
17861,2011-01-24 11:34:00,2011-12-06 16:21:00,8,2097.88,262.235,3,316,4,4,4,12,Champions,1
17862,2011-01-20 12:23:00,2011-01-20 12:23:00,1,330.9,330.9,324,0,1,2,2,5,Other,0
17863,2010-12-05 13:21:00,2011-10-11 13:45:00,6,3160.0,526.6666666666666,59,310,2,4,4,10,At Risk,1
17864,2011-03-09 11:44:00,2011-11-27 11:15:00,3,554.85,184.95000000000002,13,262,4,3,2,9,Loyal Customers,1
17865,2010-12-10 14:53:00,2011-11-09 12:08:00,20,10526.32,526.316,31,333,3,4,4,11,Loyal Customers,1
17866,2011-07-20 11:07:00,2011-07-20 11:07:00,1,329.65,329.65,143,0,1,2,2,5,Other,0
17867,2011-02-24 12:25:00,2011-11-09 14:15:00,6,1157.8700000000001,192.97833333333335,30,258,3,4,3,10,Loyal Customers,1
17869,2010-12-06 17:16:00,2011-08-24 16:16:00,5,428.18,85.636,107,260,2,4,2,8,At Risk,0
17870,2010-12-08 08:12:00,2011-12-07 15:07:00,12,1865.89,155.49083333333334,2,364,4,4,4,12,Champions,1
17871,2011-05-19 11:32:00,2011-05-19 11:32:00,1,155.9,155.9,205,0,1,2,1,4,Other,0
17873,2010-12-01 14:54:00,2011-09-20 16:41:00,5,1848.96,369.79200000000003,80,293,2,4,4,10,At Risk,1
17874,2011-03-29 11:25:00,2011-06-07 12:54:00,6,683.46,113.91000000000001,185,70,1,4,3,8,At Risk,0
17877,2011-06-22 13:00:00,2011-06-22 13:00:00,1,237.61,237.61,170,0,1,2,1,4,Other,0
17878,2011-10-27 11:24:00,2011-10-27 11:24:00,1,379.45,379.45,44,0,3,2,2,7,New / Promising,0
17879,2011-06-19 12:36:00,2011-06-19 12:36:00,1,178.51999999999998,178.51999999999998,174,0,1,2,1,4,Other,0
17880,2010-12-10 10:21:00,2010-12-10 10:21:00,1,458.92,458.92,365,0,1,2,2,5,Other,0
17881,2011-02-08 17:16:00,2011-02-08 17:16:00,1,133.35000000000002,133.35000000000002,304,0,1,2,1,4,Other,0
17883,2011-04-07 19:16:00,2011-12-06 17:49:00,4,664.34,166.085,3,242,4,3,2,9,Loyal Customers,1
17884,2010-12-03 12:11:00,2011-12-06 11:33:00,4,695.0699999999999,173.76749999999998,4,367,4,3,3,10,Loyal Customers,1
17885,2011-11-27 14:40:00,2011-11-27 14:40:00,1,156.34,156.34,12,0,4,2,1,7,New / Promising,0
17886,2011-04-04 12:34:00,2011-11-08 10:09:00,3,869.28,289.76,32,217,3,3,3,9,Loyal Customers,0
17887,2011-08-02 17:29:00,2011-08-02 17:29:00,1,111.35,111.35,129,0,2,2,1,5,Other,0
17888,2010-12-17 13:56:00,2011-11-18 13:45:00,8,716.0,89.5,21,335,3,4,3,10,Loyal Customers,1
17889,2011-01-21 17:14:00,2011-05-11 16:26:00,2,201.37,100.685,212,109,1,3,1,5,At Risk,0
17890,2010-12-13 15:12:00,2011-01-21 11:19:00,2,586.89,293.445,323,38,1,3,2,6,At Risk,0
17891,2011-06-30 20:08:00,2011-06-30 20:08:00,1,203.85999999999999,203.85999999999999,162,0,1,2,1,4,Other,0
17892,2011-07-07 12:56:00,2011-10-14 16:49:00,3,244.1,81.36666666666666,56,99,2,3,1,6,At Risk,0
17893,2011-04-28 13:50:00,2011-04-28 13:50:00,1,107.21000000000001,107.21000000000001,225,0,1,2,1,4,Other,0
17894,2010-12-08 14:50:00,2011-09-29 09:23:00,8,1118.96,139.87,72,294,2,4,3,9,At Risk,1
17895,2011-10-26 17:00:00,2011-10-26 17:00:00,1,95.45,95.45,44,0,3,2,1,6,New / Promising,0
17896,2011-11-16 13:59:00,2011-11-16 13:59:00,1,256.32,256.32,23,0,3,2,1,6,New / Promising,0
17897,2010-12-01 12:31:00,2011-06-20 11:23:00,3,541.81,180.60333333333332,173,200,1,3,2,6,At Risk,0
17898,2011-05-16 17:13:00,2011-09-15 14:56:00,2,152.06,76.03,85,121,2,3,1,6,At Risk,0
17899,2011-07-03 14:58:00,2011-07-03 14:58:00,1,154.54999999999998,154.54999999999998,159,0,1,2,1,4,Other,0
17900,2011-06-02 14:28:00,2011-06-02 14:38:00,2,112.19999999999999,56.099999999999994,190,0,1,3,1,5,At Risk,0
17901,2011-11-10 17:29:00,2011-11-10 17:29:00,1,110.38,110.38,29,0,3,2,1,6,New / Promising,0
17904,2011-11-18 12:57:00,2011-11-18 12:57:00,1,181.07,181.07,21,0,3,2,1,6,New / Promising,0
17905,2010-12-01 13:21:00,2011-09-29 17:33:00,4,798.99,199.7475,71,302,2,3,3,8,At Risk,0
17906,2011-04-06 17:25:00,2011-04-06 17:25:00,1,72.89999999999999,72.89999999999999,247,0,1,2,1,4,Other,0
17908,2010-12-01 11:45:00,2010-12-01 11:45:00,1,232.03,232.03,374,0,1,2,1,4,Other,0
17911,2011-11-30 14:52:00,2011-11-30 14:52:00,1,366.23,366.23,9,0,4,2,2,8,New / Promising,0
17912,2010-12-10 11:11:00,2011-02-02 14:25:00,5,310.06,62.012,310,54,1,4,2,7,At Risk,0
17913,2010-12-19 11:35:00,2011-10-12 10:45:00,2,408.65,204.325,59,296,2,3,2,7,At Risk,0
17914,2011-12-06 11:58:00,2011-12-06 11:58:00,1,329.36,329.36,4,0,4,2,2,8,New / Promising,0
17917,2010-12-12 12:08:00,2011-10-25 13:20:00,3,335.03,111.67666666666666,45,317,3,3,2,8,Loyal Customers,0
17919,2011-09-12 13:41:00,2011-09-12 13:41:00,1,1304.04,1304.04,88,0,2,2,3,7,Other,0
17920,2010-12-01 11:49:00,2011-12-05 14:29:00,17,4119.5,242.3235294117647,4,369,4,4,4,12,Champions,1
17921,2011-03-18 13:19:00,2011-10-06 18:56:00,4,820.23,205.0575,64,202,2,3,3,8,At Risk,0
17923,2011-03-02 15:15:00,2011-03-02 15:15:00,1,207.50000000000003,207.50000000000003,282,0,1,2,1,4,Other,0
17924,2010-12-01 10:51:00,2011-11-28 09:11:00,7,2962.5,423.2142857142857,12,361,4,4,4,12,Champions,1
17925,2010-12-02 10:10:00,2010-12-02 10:10:00,1,244.08,244.08,373,0,1,2,1,4,Other,0
17926,2011-05-20 09:24:00,2011-07-29 14:39:00,2,397.29,198.645,133,70,2,3,2,7,At Risk,0
17928,2011-04-07 18:03:00,2011-10-25 13:52:00,2,212.54000000000002,106.27000000000001,45,200,3,3,1,7,Loyal Customers,0
17929,2011-02-04 11:40:00,2011-11-28 16:01:00,4,843.0,210.75,11,297,4,3,3,10,Loyal Customers,1
17930,2011-04-14 15:46:00,2011-11-04 10:23:00,5,1740.48,348.096,36,203,3,4,4,11,Loyal Customers,1
17931,2011-03-29 12:31:00,2011-07-28 18:33:00,2,408.36,204.18,134,121,2,3,2,7,At Risk,0
17932,2011-05-12 13:58:00,2011-11-10 19:49:00,3,1331.57,443.8566666666666,29,182,3,3,3,9,Loyal Customers,1
17934,2011-10-12 10:50:00,2011-10-19 11:16:00,2,704.25,352.125,52,7,2,3,3,8,At Risk,0
17935,2011-07-21 11:23:00,2011-07-24 13:18:00,2,145.79,72.895,138,3,2,3,1,6,At Risk,0
17936,2011-12-04 13:32:00,2011-12-04 13:32:00,1,380.13,380.13,5,0,4,2,2,8,New / Promising,0
17937,2010-12-12 14:43:00,2011-12-01 11:45:00,7,4301.22,614.46,9,353,4,4,4,12,Champions,1
17939,2011-07-03 12:27:00,2011-07-03 12:27:00,1,99.14,99.14,160,0,1,2,1,4,Other,0
17940,2011-02-10 09:29:00,2011-10-21 13:27:00,10,4020.04,402.004,49,253,3,4,4,11,Loyal Customers,1
17941,2011-08-01 08:30:00,2011-08-01 08:30:00,1,304.56,304.56,131,0,2,2,1,5,Other,0
17942,2011-12-02 10:45:00,2011-12-02 10:45:00,1,77.50000000000001,77.50000000000001,8,0,4,2,1,7,New / Promising,0
17946,2011-03-25 14:34:00,2011-04-20 17:00:00,2,149.57999999999998,74.78999999999999,233,26,1,3,1,5,At Risk,0
17947,2011-11-02 13:05:00,2011-11-02 13:05:00,1,176.68,176.68,37,0,3,2,1,6,New / Promising,0
17948,2011-07-15 12:58:00,2011-07-15 12:58:00,1,358.56000000000006,358.56000000000006,147,0,1,2,2,5,Other,0
17949,2010-12-03 13:12:00,2011-12-08 18:46:00,45,58510.48,1300.232888888889,1,370,4,4,4,12,Champions,1
17950,2010-12-09 15:16:00,2011-09-28 15:18:00,3,482.2,160.73333333333332,72,293,2,3,2,7,At Risk,0
17951,2010-12-01 12:40:00,2011-10-31 12:30:00,3,1008.5400000000001,336.18,40,333,3,3,3,9,Loyal Customers,0
17954,2010-12-03 14:18:00,2011-12-04 14:15:00,12,2314.13,192.84416666666667,5,365,4,4,4,12,Champions,1
17955,2011-05-04 12:29:00,2011-05-25 12:00:00,4,557.3,139.325,199,20,1,3,2,6,At Risk,0
17956,2011-04-04 13:47:00,2011-04-04 13:47:00,1,12.75,12.75,249,0,1,2,1,4,Other,0
17957,2011-10-04 14:58:00,2011-10-04 14:58:00,1,111.68,111.68,66,0,2,2,1,5,Other,0
17958,2011-08-15 12:19:00,2011-08-15 12:19:00,1,508.4599999999999,508.4599999999999,117,0,2,2,2,6,Other,0
17960,2011-06-21 14:15:00,2011-06-21 14:15:00,1,73.78,73.78,171,0,1,2,1,4,Other,0
17961,2010-12-02 19:18:00,2011-11-18 16:55:00,39,1296.44,33.242051282051285,21,350,3,4,3,10,Loyal Customers,1
17962,2011-07-20 14:16:00,2011-07-20 14:16:00,1,102.41,102.41,142,0,1,2,1,4,Other,0
17964,2010-12-02 13:32:00,2011-11-08 10:44:00,2,463.21,231.605,32,340,3,3,2,8,Loyal Customers,0
17965,2010-12-05 15:54:00,2011-11-02 09:31:00,14,2599.19,185.65642857142856,38,331,3,4,4,11,Loyal Customers,1
17966,2011-03-23 17:25:00,2011-11-02 10:26:00,5,1098.4299999999998,219.68599999999998,38,223,3,4,3,10,Loyal Customers,1
17967,2010-12-03 11:19:00,2010-12-03 11:19:00,1,112.27,112.27,372,0,1,2,1,4,Other,0
17968,2010-12-01 12:23:00,2010-12-01 12:23:00,1,265.1,265.1,374,0,1,2,1,4,Other,0
17969,2010-12-13 15:34:00,2011-06-26 13:00:00,2,228.2,114.1,166,194,1,3,1,5,At Risk,0
17970,2011-05-12 20:03:00,2011-05-12 20:03:00,1,562.79,562.79,211,0,1,2,2,5,Other,0
17972,2011-04-12 12:16:00,2011-04-12 12:16:00,1,135.19,135.19,242,0,1,2,1,4,Other,0
17973,2011-10-19 10:34:00,2011-10-19 10:34:00,1,337.04,337.04,52,0,2,2,2,6,Other,0
17974,2011-05-04 11:50:00,2011-11-15 11:37:00,3,703.99,234.66333333333333,25,194,3,3,3,9,Loyal Customers,0
17975,2010-12-08 11:38:00,2011-11-24 13:27:00,13,4483.26,344.86615384615385,15,351,4,4,4,12,Champions,1
17976,2010-12-02 13:49:00,2010-12-02 13:49:00,1,321.79,321.79,372,0,1,2,2,5,Other,0
17977,2011-11-10 13:28:00,2011-11-10 13:28:00,1,288.14,288.14,29,0,3,2,1,6,New / Promising,0
17978,2010-12-09 14:05:00,2010-12-09 14:05:00,1,300.91999999999996,300.91999999999996,365,0,1,2,1,4,Other,0
17979,2011-03-25 11:34:00,2011-11-04 12:05:00,4,732.4100000000001,183.10250000000002,36,224,3,3,3,9,Loyal Customers,1
17980,2010-12-15 15:50:00,2011-06-27 12:01:00,3,811.45,270.48333333333335,166,193,1,3,3,7,At Risk,0
17984,2011-07-17 15:59:00,2011-07-17 15:59:00,1,152.68,152.68,145,0,1,2,1,4,Other,0
17985,2011-11-17 14:24:00,2011-11-17 14:24:00,1,631.35,631.35,22,0,3,2,2,7,New / Promising,0
17986,2011-10-14 14:22:00,2011-10-14 14:22:00,1,20.8,20.8,56,0,2,2,1,5,Other,0
17987,2011-06-07 14:22:00,2011-06-07 14:22:00,1,198.57,198.57,185,0,1,2,1,4,Other,0
17988,2011-01-17 11:59:00,2011-11-28 11:00:00,7,201.12,28.731428571428573,12,314,4,4,1,9,Loyal Customers,1
17990,2010-12-13 12:10:00,2011-04-17 11:44:00,3,630.8399999999999,210.27999999999997,237,124,1,3,2,6,At Risk,0
17991,2011-04-27 16:39:00,2011-04-28 15:58:00,2,93.35000000000001,46.675000000000004,225,0,1,3,1,5,At Risk,0
17994,2011-02-22 11:02:00,2011-08-10 11:41:00,4,674.89,168.7225,122,169,2,3,3,8,At Risk,0
17995,2011-03-03 12:30:00,2011-03-03 12:30:00,1,76.1,76.1,282,0,1,2,1,4,Other,0
17997,2011-06-28 17:28:00,2011-09-26 16:13:00,8,1962.46,245.3075,74,89,2,4,4,10,At Risk,1
17999,2010-12-08 15:17:00,2011-11-02 15:56:00,2,380.39,190.195,37,329,3,3,2,8,Loyal Customers,0
18001,2011-09-14 11:21:00,2011-11-27 16:02:00,2,415.13,207.565,12,74,4,3,2,9,Loyal Customers,0
18004,2010-12-12 13:47:00,2010-12-12 13:47:00,1,157.92000000000002,157.92000000000002,362,0,1,2,1,4,Other,0
18005,2011-10-23 14:40:00,2011-12-06 11:51:00,2,226.47,113.235,4,43,4,3,1,8,Loyal Customers,0
18006,2011-11-16 16:52:00,2011-11-16 16:52:00,1,444.68,444.68,23,0,3,2,2,7,New / Promising,0
18008,2011-01-25 12:26:00,2011-09-30 15:17:00,9,2116.19,235.13222222222223,70,248,2,4,4,10,At Risk,1
18009,2011-04-18 13:36:00,2011-04-18 13:36:00,1,247.39,247.39,235,0,1,2,1,4,Other,0
18010,2011-03-28 12:27:00,2011-03-28 12:27:00,1,174.79999999999998,174.79999999999998,257,0,1,2,1,4,Other,0
18011,2010-12-01 17:35:00,2010-12-01 17:35:00,1,102.78999999999999,102.78999999999999,373,0,1,2,1,4,Other,0
18013,2011-07-07 14:08:00,2011-07-07 14:11:00,2,187.29000000000002,93.64500000000001,155,0,1,3,1,5,At Risk,0
18014,2011-11-11 15:28:00,2011-11-11 15:28:00,1,162.22,162.22,28,0,3,2,1,6,New / Promising,0
18015,2011-12-05 14:49:00,2011-12-05 14:49:00,1,120.03,120.03,4,0,4,2,1,7,New / Promising,0
18016,2010-12-10 17:14:00,2011-11-07 13:25:00,5,1477.66,295.53200000000004,32,331,3,4,3,10,Loyal Customers,1
18017,2011-02-02 13:57:00,2011-09-19 16:15:00,3,523.0,174.33333333333334,81,229,2,3,2,7,At Risk,0
18018,2011-05-24 13:22:00,2011-08-23 17:37:00,2,122.14,61.07,108,91,2,3,1,6,At Risk,0
18019,2011-10-19 12:10:00,2011-10-19 12:10:00,1,38.45,38.45,52,0,2,2,1,5,Other,0
18022,2011-11-04 12:45:00,2011-11-04 12:45:00,1,612.72,612.72,36,0,3,2,2,7,New / Promising,0
18024,2011-07-10 12:28:00,2011-07-10 12:40:00,2,389.78,194.89,153,0,1,3,2,6,At Risk,0
18027,2011-09-02 10:38:00,2011-09-02 10:38:00,1,115.31,115.31,99,0,2,2,1,5,Other,0
18030,2011-10-28 13:55:00,2011-12-05 16:37:00,2,230.64999999999998,115.32499999999999,4,38,4,3,1,8,Loyal Customers,0
18032,2011-01-09 15:32:00,2011-01-09 15:32:00,1,73.5,73.5,334,0,1,2,1,4,Other,0
18033,2011-10-05 17:28:00,2011-10-05 17:28:00,1,93.82,93.82,65,0,2,2,1,5,Other,0
18034,2011-11-18 12:08:00,2011-11-18 12:22:00,2,418.67999999999995,209.33999999999997,22,0,3,3,2,8,Loyal Customers,0
18035,2011-10-27 17:48:00,2011-11-04 12:39:00,3,713.89,237.96333333333334,36,7,3,3,3,9,Loyal Customers,0
18036,2011-04-08 11:26:00,2011-11-07 14:40:00,3,403.12,134.37333333333333,32,213,3,3,2,8,Loyal Customers,0
18037,2010-12-12 16:20:00,2011-07-08 13:39:00,6,70.02,11.67,154,207,1,4,1,6,At Risk,0
18040,2011-04-08 08:27:00,2011-11-20 14:20:00,2,357.2,178.6,19,226,3,3,2,8,Loyal Customers,0
18041,2010-12-02 11:21:00,2011-11-28 11:39:00,21,4097.37,195.11285714285714,12,361,4,4,4,12,Champions,1
18042,2011-10-17 11:49:00,2011-10-17 11:49:00,1,165.04999999999998,165.04999999999998,54,0,2,2,1,5,Other,0
18043,2010-12-08 12:35:00,2011-11-15 12:48:00,3,529.2900000000001,176.43000000000004,25,342,3,3,2,8,Loyal Customers,0
18044,2010-12-14 12:25:00,2011-12-05 14:26:00,10,2088.6,208.85999999999999,4,356,4,4,4,12,Champions,1
18045,2011-10-25 13:07:00,2011-10-25 13:07:00,1,178.34,178.34,45,0,3,2,1,6,New / Promising,0
18048,2011-05-20 14:54:00,2011-05-20 14:58:00,2,172.29000000000002,86.14500000000001,203,0,1,3,1,5,At Risk,0
18050,2010-12-15 14:25:00,2010-12-15 14:25:00,1,74.4,74.4,359,0,1,2,1,4,Other,0
18053,2011-09-30 09:05:00,2011-09-30 09:05:00,1,300.02,300.02,71,0,2,2,1,5,Other,0
18055,2010-12-05 10:52:00,2011-12-02 14:25:00,10,6761.34,676.134,7,362,4,4,4,12,Champions,1
18056,2011-02-24 14:27:00,2011-02-24 14:27:00,1,363.65,363.65,288,0,1,2,2,5,Other,0
18058,2011-11-30 08:38:00,2011-11-30 08:38:00,1,170.16,170.16,10,0,4,2,1,7,New / Promising,0
18059,2011-10-03 09:30:00,2011-11-16 16:49:00,3,306.46,102.15333333333332,23,44,3,3,1,7,Loyal Customers,0
18061,2010-12-08 13:03:00,2011-11-18 11:20:00,10,2119.41,211.94099999999997,22,344,3,4,4,11,Loyal Customers,1
18062,2011-01-06 10:03:00,2011-06-19 14:47:00,3,720.52,240.17333333333332,173,164,1,3,3,7,At Risk,0
18064,2011-04-18 15:08:00,2011-07-29 16:39:00,2,814.0,407.0,133,102,2,3,3,8,At Risk,0
18065,2010-12-10 12:44:00,2011-12-04 10:30:00,14,2392.83,170.91642857142855,6,358,4,4,4,12,Champions,1
18066,2011-09-25 15:30:00,2011-09-25 15:30:00,1,318.0,318.0,75,0,2,2,2,6,Other,0
18067,2011-10-30 15:58:00,2011-10-30 15:58:00,1,396.33,396.33,40,0,3,2,2,7,New / Promising,0
18068,2011-02-23 14:50:00,2011-02-23 14:50:00,1,101.69999999999999,101.69999999999999,289,0,1,2,1,4,Other,0
18069,2011-01-16 15:50:00,2011-11-13 16:03:00,5,2009.24,401.848,26,301,3,4,4,11,Loyal Customers,1
18071,2010-12-09 10:33:00,2011-03-27 11:59:00,2,453.0,226.5,258,108,1,3,2,6,At Risk,0
18072,2011-06-07 10:44:00,2011-06-07 10:44:00,1,247.44,247.44,186,0,1,2,1,4,Other,0
18073,2011-05-26 19:38:00,2011-08-17 14:02:00,12,3859.82,321.6516666666667,114,82,2,4,4,10,At Risk,1
18074,2010-12-01 09:53:00,2010-12-01 09:53:00,1,489.6,489.6,374,0,1,2,2,5,Other,0
18075,2010-12-14 10:48:00,2011-11-16 15:21:00,10,2611.75,261.175,23,337,3,4,4,11,Loyal Customers,1
18077,2010-12-08 10:21:00,2011-12-01 13:32:00,11,2584.41,234.94636363636363,8,358,4,4,4,12,Champions,1
18078,2011-03-25 15:08:00,2011-05-06 14:32:00,2,336.13,168.065,217,41,1,3,2,6,At Risk,0
18079,2011-04-15 12:14:00,2011-10-25 15:27:00,4,3613.15,903.2875,45,193,3,3,4,10,Loyal Customers,1
18080,2011-04-11 10:10:00,2011-11-21 08:02:00,2,1231.5,615.75,19,223,3,3,3,9,Loyal Customers,1
18081,2011-07-29 11:56:00,2011-11-03 16:30:00,3,343.45000000000005,114.48333333333335,36,97,3,3,2,8,Loyal Customers,0
18082,2011-11-14 12:45:00,2011-11-14 12:45:00,1,680.84,680.84,26,0,3,2,3,8,New / Promising,0
18084,2011-11-23 13:57:00,2011-11-23 13:57:00,1,90.47999999999999,90.47999999999999,16,0,4,2,1,7,New / Promising,0
18085,2010-12-01 12:08:00,2011-01-13 15:17:00,2,689.95,344.975,330,43,1,3,3,7,At Risk,0
18086,2011-03-10 13:34:00,2011-03-10 13:34:00,1,101.34,101.34,274,0,1,2,1,4,Other,0
18087,2011-02-22 10:43:00,2011-09-02 15:12:00,2,4055.7199999999993,2027.8599999999997,98,192,2,3,4,9,At Risk,0
18088,2011-10-09 13:41:00,2011-10-09 13:41:00,1,166.03,166.03,61,0,2,2,1,5,Other,0
18092,2010-12-09 10:00:00,2011-12-07 13:14:00,11,9068.26,824.3872727272727,2,363,4,4,4,12,Champions,1
18093,2011-02-10 12:15:00,2011-09-07 15:43:00,4,2106.52,526.63,93,209,2,3,4,9,At Risk,1
18094,2011-02-21 08:50:00,2011-09-19 09:28:00,7,3017.3,431.04285714285714,82,210,2,4,4,10,At Risk,1
18095,2011-01-11 12:37:00,2011-01-31 12:50:00,2,580.05,290.025,313,20,1,3,2,6,At Risk,0
18096,2011-10-07 11:55:00,2011-11-28 12:44:00,3,849.06,283.02,12,52,4,3,3,10,Loyal Customers,1
18097,2010-12-20 14:49:00,2011-12-02 11:16:00,6,2662.4,443.73333333333335,8,346,4,4,4,12,Champions,1
18099,2011-08-04 15:52:00,2011-08-04 15:52:00,1,168.31,168.31,127,0,2,2,1,5,Other,0
18101,2011-07-19 13:05:00,2011-11-28 13:37:00,2,222.39999999999998,111.19999999999999,11,132,4,3,1,8,Loyal Customers,0
18102,2010-12-07 16:42:00,2011-12-09 11:50:00,60,259657.3,4327.621666666667,1,366,4,4,4,12,Champions,1
18104,2011-11-02 14:07:00,2011-11-02 14:07:00,1,754.64,754.64,37,0,3,2,3,8,New / Promising,0
18105,2011-11-02 12:04:00,2011-11-02 12:04:00,1,113.48,113.48,38,0,3,2,1,6,New / Promising,0
18106,2011-01-14 12:23:00,2011-01-14 12:23:00,1,421.9,421.9,330,0,1,2,2,5,Other,0
18108,2011-03-30 13:56:00,2011-03-30 13:56:00,1,271.0,271.0,254,0,1,2,1,4,Other,0
18109,2010-12-05 10:58:00,2011-12-08 11:36:00,26,8004.92,307.88153846153847,2,368,4,4,4,12,Champions,1
18110,2011-11-20 12:34:00,2011-11-20 12:34:00,1,198.8,198.8,20,0,3,2,1,6,New / Promising,0
18112,2011-06-26 13:56:00,2011-11-27 14:43:00,2,352.69,176.345,12,154,4,3,2,9,Loyal Customers,0
18113,2010-12-06 12:31:00,2010-12-06 12:31:00,1,76.32000000000001,76.32000000000001,369,0,1,2,1,4,Other,0
18114,2011-02-22 13:20:00,2011-02-22 13:20:00,1,220.1,220.1,290,0,1,2,1,4,Other,0
18116,2010-12-10 12:14:00,2011-10-03 11:00:00,8,1403.1100000000001,175.38875000000002,68,296,2,4,3,9,At Risk,1
18117,2011-11-14 12:47:00,2011-11-14 12:47:00,1,315.65,315.65,26,0,3,2,2,7,New / Promising,0
18118,2010-12-05 12:13:00,2011-11-29 11:32:00,26,5625.08,216.34923076923076,11,358,4,4,4,12,Champions,1
18119,2010-12-07 11:59:00,2010-12-07 11:59:00,1,180.7,180.7,368,0,1,2,1,4,Other,0
18120,2011-05-09 13:45:00,2011-05-09 13:45:00,1,111.15,111.15,214,0,1,2,1,4,Other,0
18121,2011-07-08 12:14:00,2011-07-13 12:53:00,2,653.3,326.65,149,5,1,3,2,6,At Risk,0
18122,2011-07-12 11:37:00,2011-12-01 13:08:00,6,1793.06,298.8433333333333,8,142,4,4,4,12,Champions,1
18123,2011-11-08 13:31:00,2011-11-15 14:23:00,2,574.44,287.22,24,7,3,3,2,8,Loyal Customers,0
18125,2011-01-27 15:02:00,2011-11-10 12:29:00,4,1131.75,282.9375,30,286,3,3,3,9,Loyal Customers,1
18126,2011-10-10 12:19:00,2011-10-10 12:19:00,1,200.92,200.92,61,0,2,2,1,5,Other,0
18127,2011-07-29 10:06:00,2011-11-20 14:05:00,3,347.08,115.69333333333333,19,114,3,3,2,8,Loyal Customers,0
18129,2011-04-10 14:16:00,2011-04-10 14:16:00,1,112.55000000000001,112.55000000000001,243,0,1,2,1,4,Other,0
18130,2011-10-13 15:58:00,2011-11-24 14:40:00,3,1059.3899999999999,353.12999999999994,15,41,4,3,3,10,Loyal Customers,1
18133,2011-05-11 14:14:00,2011-05-11 14:14:00,1,931.4999999999999,931.4999999999999,212,0,1,2,3,6,Other,0
18135,2011-06-02 14:04:00,2011-11-10 19:32:00,5,681.9100000000001,136.382,29,161,3,4,3,10,Loyal Customers,1
18136,2011-01-24 12:08:00,2011-10-07 15:40:00,3,784.33,261.4433333333333,63,256,2,3,3,8,At Risk,0
18138,2011-02-17 14:51:00,2011-02-17 14:51:00,1,152.65,152.65,295,0,1,2,1,4,Other,0
18139,2011-11-21 14:06:00,2011-11-22 10:44:00,6,8438.34,1406.39,18,0,3,4,4,11,Loyal Customers,1
18142,2011-05-08 12:31:00,2011-07-05 13:19:00,2,1019.52,509.76,157,58,1,3,3,7,At Risk,0
18143,2011-07-21 10:44:00,2011-08-15 12:07:00,2,1000.1600000000001,500.08000000000004,117,25,2,3,3,8,At Risk,0
18144,2010-12-01 13:45:00,2011-12-02 12:46:00,12,2888.75,240.72916666666666,8,365,4,4,4,12,Champions,1
18145,2011-01-31 12:10:00,2011-11-27 11:22:00,4,2861.55,715.3875,13,299,4,3,4,11,Loyal Customers,1
18146,2011-05-03 16:35:00,2011-07-22 12:08:00,2,160.35000000000002,80.17500000000001,141,79,2,3,1,6,At Risk,0
18147,2011-08-23 12:22:00,2011-10-25 11:46:00,2,179.33999999999997,89.66999999999999,46,62,3,3,1,7,Loyal Customers,0
18149,2011-03-11 12:44:00,2011-10-20 12:04:00,3,612.0799999999999,204.02666666666664,51,222,2,3,2,7,At Risk,0
18150,2011-05-22 10:47:00,2011-11-07 16:49:00,3,566.58,188.86,32,169,3,3,2,8,Loyal Customers,0
18151,2011-02-23 08:29:00,2011-07-28 11:35:00,2,653.35,326.675,135,155,2,3,2,7,At Risk,0
18154,2011-10-27 10:40:00,2011-12-06 16:41:00,2,399.18999999999994,199.59499999999997,3,40,4,3,2,9,Loyal Customers,1
18155,2011-02-21 10:36:00,2011-09-25 13:32:00,3,371.62,123.87333333333333,75,216,2,3,2,7,At Risk,0
18156,2010-12-05 12:29:00,2011-11-27 12:24:00,2,675.64,337.82,13,356,4,3,3,10,Loyal Customers,0
18158,2011-09-12 09:03:00,2011-11-30 16:19:00,2,453.4,226.7,9,79,4,3,2,9,Loyal Customers,0
18159,2011-02-11 14:26:00,2011-02-11 14:26:00,1,530.15,530.15,301,0,1,2,2,5,Other,0
18160,2011-05-23 13:41:00,2011-10-13 15:50:00,2,638.06,319.03,57,143,2,3,2,7,At Risk,0
18161,2011-01-24 11:56:00,2011-11-24 16:40:00,5,1618.69,323.738,15,304,4,4,3,11,Champions,1
18164,2011-11-02 12:56:00,2011-11-02 12:56:00,1,399.65000000000003,399.65000000000003,37,0,3,2,2,7,New / Promising,0
18165,2011-06-15 13:23:00,2011-06-15 13:23:00,1,302.46000000000004,302.46000000000004,177,0,1,2,1,4,Other,0
18167,2011-08-26 11:40:00,2011-11-16 15:56:00,3,1384.8600000000001,461.62000000000006,23,82,3,3,3,9,Loyal Customers,1
18168,2010-12-02 18:08:00,2011-06-16 19:21:00,6,1160.04,193.34,176,196,1,4,3,8,At Risk,0
18169,2011-10-10 12:18:00,2011-10-10 12:18:00,1,202.65,202.65,61,0,2,2,1,5,Other,0
18170,2011-05-06 15:13:00,2011-11-06 14:35:00,3,980.31,326.77,33,183,3,3,3,9,Loyal Customers,1
18171,2011-01-10 09:55:00,2011-10-12 09:13:00,5,1231.31,246.262,59,274,2,4,3,9,At Risk,1
18172,2011-02-23 10:44:00,2011-11-25 11:12:00,20,7561.68,378.084,15,275,4,4,4,12,Champions,1
18173,2011-03-10 11:56:00,2011-09-14 11:26:00,4,2106.84,526.71,87,187,2,3,4,9,At Risk,1
18174,2011-12-02 16:56:00,2011-12-02 16:56:00,1,104.0,104.0,7,0,4,2,1,7,New / Promising,0
18176,2010-12-16 15:45:00,2010-12-16 15:45:00,1,476.35,476.35,358,0,1,2,2,5,Other,0
18177,2011-03-29 08:46:00,2011-11-08 14:44:00,6,1340.8700000000001,223.47833333333335,31,224,3,4,3,10,Loyal Customers,1
18178,2010-12-10 12:42:00,2011-08-03 09:30:00,4,1590.81,397.7025,129,235,2,3,3,8,At Risk,0
18179,2011-01-07 14:22:00,2011-11-30 16:23:00,6,1793.17,298.8616666666667,9,327,4,4,4,12,Champions,1
18180,2011-07-20 08:59:00,2011-12-05 08:39:00,6,1843.75,307.2916666666667,5,137,4,4,4,12,Champions,1
18181,2011-11-15 15:08:00,2011-11-15 15:08:00,1,366.85,366.85,24,0,3,2,2,7,New / Promising,0
18183,2011-03-10 10:08:00,2011-04-26 15:26:00,2,632.07,316.035,227,47,1,3,2,6,At Risk,0
18184,2011-11-24 15:28:00,2011-11-24 15:28:00,1,49.8,49.8,15,0,4,2,1,7,New / Promising,0
18185,2011-04-04 13:42:00,2011-04-04 13:42:00,1,304.25,304.25,249,0,1,2,1,4,Other,0
18188,2011-02-22 14:43:00,2011-11-24 16:46:00,3,2001.04,667.0133333333333,15,275,4,3,4,11,Loyal Customers,1
18189,2011-03-17 09:49:00,2011-09-23 12:40:00,2,1090.24,545.12,78,190,2,3,3,8,At Risk,0
18190,2011-01-13 10:35:00,2011-05-31 14:48:00,2,284.46000000000004,142.23000000000002,192,138,1,3,1,5,At Risk,0
18191,2011-03-23 12:08:00,2011-03-23 12:08:00,1,207.8,207.8,262,0,1,2,1,4,Other,0
18192,2011-09-29 09:53:00,2011-09-29 09:53:00,1,957.97,957.97,72,0,2,2,3,7,Other,0
18193,2011-06-27 13:58:00,2011-06-27 13:58:00,1,243.76,243.76,165,0,1,2,1,4,Other,0
18194,2011-09-18 13:29:00,2011-09-18 13:29:00,1,973.8399999999999,973.8399999999999,82,0,2,2,3,7,Other,0
18196,2011-02-22 16:13:00,2011-09-05 16:22:00,2,686.63,343.315,95,195,2,3,3,8,At Risk,0
18198,2011-01-07 13:39:00,2011-12-05 14:49:00,17,5425.56,319.15058823529415,4,332,4,4,4,12,Champions,1
18200,2011-08-25 18:45:00,2011-08-25 18:45:00,1,150.35,150.35,106,0,2,2,1,5,Other,0
18202,2011-02-01 13:36:00,2011-05-24 12:12:00,3,1396.99,465.66333333333336,200,111,1,3,3,7,At Risk,0
18203,2011-07-05 13:07:00,2011-07-05 13:07:00,1,160.42000000000002,160.42000000000002,157,0,1,2,1,4,Other,0
18204,2011-05-31 15:26:00,2011-09-29 16:44:00,3,1975.35,658.4499999999999,71,121,2,3,4,9,At Risk,1
18205,2011-09-26 12:02:00,2011-11-03 13:22:00,2,517.36,258.68,36,38,3,3,2,8,Loyal Customers,0
18209,2011-11-11 12:07:00,2011-11-11 12:07:00,1,139.10000000000002,139.10000000000002,29,0,3,2,1,6,New / Promising,0
18210,2011-03-17 16:58:00,2011-12-08 11:02:00,6,2621.38,436.8966666666667,2,265,4,4,4,12,Champions,1
18211,2011-03-06 12:09:00,2011-11-14 08:10:00,5,600.07,120.01400000000001,26,252,3,4,2,9,Loyal Customers,1
18212,2011-01-17 16:14:00,2011-01-17 16:14:00,1,216.07,216.07,326,0,1,2,1,4,Other,0
18213,2011-04-17 10:21:00,2011-04-17 10:21:00,1,232.48000000000002,232.48000000000002,237,0,1,2,1,4,Other,0
18215,2011-09-11 16:05:00,2011-09-11 16:05:00,1,299.34000000000003,299.34000000000003,89,0,2,2,1,5,Other,0
18216,2011-11-08 16:55:00,2011-11-08 16:55:00,1,481.75,481.75,31,0,3,2,2,7,New / Promising,0
18217,2011-09-30 10:44:00,2011-11-10 13:18:00,2,621.75,310.875,29,41,3,3,2,8,Loyal Customers,0
18218,2011-03-03 12:24:00,2011-05-12 12:53:00,2,641.92,320.96,211,70,1,3,2,6,At Risk,0
18219,2010-12-06 10:05:00,2011-12-07 11:43:00,10,2069.77,206.977,3,366,4,4,4,12,Champions,1
18220,2011-04-27 09:03:00,2011-04-27 09:03:00,1,305.28000000000003,305.28000000000003,227,0,1,2,1,4,Other,0
18221,2011-05-12 14:13:00,2011-11-17 14:40:00,5,1041.6100000000001,208.32200000000003,22,189,3,4,3,10,Loyal Customers,1
18222,2011-09-08 10:45:00,2011-09-08 10:45:00,1,443.0,443.0,93,0,2,2,2,6,Other,0
18223,2010-12-16 16:42:00,2011-12-05 09:11:00,14,6484.54,463.18142857142857,5,353,4,4,4,12,Champions,1
18224,2011-03-21 10:30:00,2011-03-21 10:30:00,1,158.95000000000002,158.95000000000002,264,0,1,2,1,4,Other,0
18225,2010-12-09 15:46:00,2011-12-06 13:27:00,12,5504.96,458.74666666666667,3,361,4,4,4,12,Champions,1
18226,2011-01-06 09:00:00,2011-10-26 13:36:00,11,5228.05,475.27727272727276,44,293,3,4,4,11,Loyal Customers,1
18227,2011-05-06 12:23:00,2011-05-06 12:23:00,1,93.75,93.75,218,0,1,2,1,4,Other,0
18228,2011-09-21 10:48:00,2011-10-14 09:21:00,2,779.9,389.95,57,22,2,3,3,8,At Risk,0
18229,2010-12-01 16:25:00,2011-11-28 09:48:00,20,7276.9,363.84499999999997,12,361,4,4,4,12,Champions,1
18230,2011-02-10 13:06:00,2011-11-30 13:22:00,7,2810.2000000000003,401.4571428571429,9,293,4,4,4,12,Champions,1
18231,2011-02-24 09:08:00,2011-05-31 14:18:00,5,2071.77,414.354,192,96,1,4,4,9,At Risk,1
18232,2011-05-26 16:30:00,2011-09-19 11:49:00,4,592.97,148.2425,82,115,2,3,2,7,At Risk,0
18233,2011-01-18 08:44:00,2011-01-18 08:44:00,1,440.0,440.0,326,0,1,2,2,5,Other,0
18235,2011-05-06 13:35:00,2011-09-29 08:27:00,3,1796.48,598.8266666666667,72,145,2,3,4,9,At Risk,0
18236,2011-04-13 09:52:00,2011-11-10 08:06:00,6,882.24,147.04,30,210,3,4,3,10,Loyal Customers,1
18237,2011-07-28 13:05:00,2011-12-07 12:49:00,5,987.0999999999999,197.42,3,131,4,4,3,11,Champions,1
18239,2010-12-02 17:48:00,2011-05-05 12:38:00,5,1561.6100000000001,312.322,219,153,1,4,3,8,At Risk,0
18240,2011-10-24 13:06:00,2011-10-24 13:06:00,1,422.58,422.58,46,0,3,2,2,7,New / Promising,0
18241,2011-05-06 09:22:00,2011-11-30 12:10:00,17,2073.09,121.9464705882353,10,208,4,4,4,12,Champions,1
18242,2011-05-10 11:20:00,2011-09-28 13:43:00,4,2232.49,558.1225,72,141,2,3,4,9,At Risk,1
18245,2010-12-19 14:58:00,2011-12-02 14:48:00,7,2567.06,366.72285714285715,7,347,4,4,4,12,Champions,1
18246,2011-04-20 13:55:00,2011-11-16 11:49:00,2,596.1,298.05,24,209,3,3,2,8,Loyal Customers,0
18248,2011-06-06 13:18:00,2011-08-09 10:19:00,2,804.02,402.01,123,63,2,3,3,8,At Risk,0
18249,2011-11-22 15:07:00,2011-11-22 15:07:00,1,95.34,95.34,17,0,4,2,1,7,New / Promising,0
18250,2011-02-02 13:16:00,2011-02-02 13:16:00,1,349.27,349.27,310,0,1,2,2,5,Other,0
18251,2011-09-13 15:03:00,2011-09-13 15:03:00,1,4314.72,4314.72,87,0,2,2,4,8,High Value,0
18252,2011-06-21 11:47:00,2011-10-20 12:43:00,2,518.27,259.135,51,121,2,3,2,7,At Risk,0
18255,2011-09-11 13:16:00,2011-09-11 13:16:00,1,103.3,103.3,89,0,2,2,1,5,Other,0
18257,2011-02-16 15:13:00,2011-10-31 14:48:00,8,2337.63,292.20375,39,256,3,4,4,11,Loyal Customers,1
18259,2010-12-08 13:38:00,2011-11-15 12:34:00,3,2338.6000000000004,779.5333333333334,25,341,3,3,4,10,Loyal Customers,1
18260,2010-12-16 18:23:00,2011-06-20 12:37:00,6,2628.35,438.05833333333334,173,185,1,4,4,9,At Risk,1
18261,2011-09-05 09:34:00,2011-10-27 15:36:00,2,324.24,162.12,43,52,3,3,2,8,Loyal Customers,0
18262,2011-07-22 16:04:00,2011-07-22 16:04:00,1,149.48,149.48,140,0,2,2,1,5,Other,0
18263,2011-04-01 11:48:00,2011-11-14 09:00:00,3,1213.16,404.3866666666667,26,226,3,3,3,9,Loyal Customers,1
18265,2011-07-04 15:26:00,2011-09-28 14:10:00,2,801.51,400.755,72,85,2,3,3,8,At Risk,0
18268,2011-07-28 19:13:00,2011-07-28 19:13:00,1,25.5,25.5,134,0,2,2,1,5,Other,0
18269,2010-12-08 13:53:00,2010-12-08 13:53:00,1,168.6,168.6,366,0,1,2,1,4,Other,0
18270,2011-03-18 12:41:00,2011-11-01 13:57:00,2,283.15,141.575,38,228,3,3,1,7,Loyal Customers,0
18272,2011-04-07 09:35:00,2011-12-07 12:43:00,6,3078.58,513.0966666666667,3,244,4,4,4,12,Champions,1
18273,2011-03-27 11:22:00,2011-12-07 13:16:00,3,204.0,68.0,2,255,4,3,1,8,Loyal Customers,1
18274,2011-11-09 17:03:00,2011-11-09 17:03:00,1,175.92,175.92,30,0,3,2,1,6,New / Promising,0
18276,2011-10-27 10:54:00,2011-10-27 10:54:00,1,335.86,335.86,44,0,3,2,2,7,New / Promising,0
18277,2011-10-12 15:22:00,2011-10-12 15:22:00,1,110.38,110.38,58,0,2,2,1,5,Other,0
18278,2011-09-27 11:58:00,2011-09-27 11:58:00,1,173.9,173.9,74,0,2,2,1,5,Other,0
18280,2011-03-07 09:52:00,2011-03-07 09:52:00,1,180.60000000000002,180.60000000000002,278,0,1,2,1,4,Other,0
18281,2011-06-12 10:53:00,2011-06-12 10:53:00,1,80.82,80.82,181,0,1,2,1,4,Other,0
18282,2011-08-05 13:35:00,2011-12-02 11:43:00,2,178.05,89.025,8,118,4,3,1,8,Loyal Customers,0
18283,2011-01-06 14:14:00,2011-12-06 12:02:00,16,2045.53,127.845625,4,333,4,4,4,12,Champions,1
18287,2011-05-22 10:39:00,2011-10-28 09:29:00,3,1837.28,612.4266666666666,43,158,3,3,4,10,Loyal Customers,1
