customer_id,monetary,customer_rank,customer_share,cumulative_revenue,cumulative_revenue_share
14646,280206.02,1,0.0002305209774089442,280206.02,0.031529136238619845
18102,259657.3,2,0.0004610419548178884,539863.3200000001,0.06074610447881749
17450,194390.79,3,0.0006915629322268327,734254.1100000001,0.08261920235673938
16446,168472.5,4,0.0009220839096357768,902726.6100000001,0.10157594141952211
14911,143711.17,5,0.001152604887044721,1046437.7800000001,0.11774650427160309
12415,124914.53,6,0.0013831258644536654,1171352.31,0.13180204538579174
14156,117210.08,7,0.0016136468418626094,1288562.3900000001,0.14499067202864377
17511,91062.38,8,0.0018441678192715537,1379624.77,0.15523712635261927
16029,80850.84,9,0.002074688796680498,1460475.61,0.1643345652633424
12346,77183.6,10,0.002305209774089442,1537659.2100000002,0.1730193616848723
16684,66653.56,11,0.0025357307514983865,1604312.7700000003,0.180519304669784
14096,65164.79,12,0.0027662517289073307,1669477.5600000003,0.18785172936883598
13694,65039.62,13,0.002996772706316275,1734517.1800000004,0.19517006978096582
15311,60632.75,14,0.003227293683725219,1795149.9300000004,0.20199254359959462
13089,58762.08,15,0.003457814661134163,1853912.0100000005,0.2086045272607047
17949,58510.48,16,0.0036883356385431073,1912422.4900000005,0.21518820057117477
15769,56252.72,17,0.003918856615952052,1968675.2100000004,0.22151782786709415
15061,54534.14,18,0.004149377593360996,2023209.3500000003,0.2276540783649099
14298,51527.3,19,0.00437989857076994,2074736.6500000004,0.2334519954178991
14088,50491.810000000005,20,0.004610419548178884,2125228.4600000004,0.23913339782468718
15749,44534.3,21,0.004840940525587829,2169762.7600000002,0.24414445366135892
12931,42055.96,22,0.005071461502996773,2211818.72,0.24887664354252545
17841,40519.84,23,0.005301982480405717,2252338.56,0.25343598725586564
15098,39916.5,24,0.005532503457814661,2292255.06,0.25792744238830306
13798,37153.85,25,0.005763024435223606,2329408.91,0.2621080406439696
16013,37130.6,26,0.00599354541263255,2366539.5100000002,0.266286022780191
16422,34684.4,27,0.006224066390041493,2401223.91,0.270188755394411
15838,33643.08,28,0.006454587367450438,2434866.99,0.27397431736344646
12748,33053.19,29,0.006685108344859382,2467920.18,0.27769350416261296
17404,31906.82,30,0.006915629322268326,2499827.0,0.2812836999575538
17389,31833.68,31,0.00714615029967727,2531660.68,0.2848656659470662
13098,28882.44,32,0.007376671277086215,2560543.12,0.28811555467416694
14680,28754.11,33,0.007607192254495159,2589297.23,0.29135100354714355
13081,28337.38,34,0.007837713231904103,2617634.61,0.2945395614327505
13408,28117.04,35,0.008068234209313048,2645751.65,0.29770332638250685
17857,26879.04,36,0.008298755186721992,2672630.69,0.3007277900043923
16333,26626.8,37,0.008529276164130935,2699257.4899999998,0.3037238712620272
13777,25977.16,38,0.00875979714153988,2725234.65,0.3066468542041226
12753,21429.39,39,0.008990318118948824,2746664.04,0.30905811630627344
12744,21279.29,40,0.009220839096357769,2767943.33,0.31145248896632943
16210,21086.300000000003,41,0.009451360073766712,2789029.63,0.3138251461471723
17675,20374.28,42,0.009681881051175657,2809403.9099999997,0.31611768593587414
17381,20275.61,43,0.0099124020285846,2829679.5199999996,0.3183991232512149
12471,19788.65,44,0.010142923005993546,2849468.1699999995,0.3206257672106429
15039,19766.59,45,0.01037344398340249,2869234.7599999993,0.3228499289509329
12731,18895.91,46,0.010603964960811434,2888130.6699999995,0.3249761206749462
15159,18641.01,47,0.010834485938220378,2906771.6799999992,0.32707363072814016
12901,17654.54,48,0.011065006915629323,2924426.2199999993,0.3290601419276146
12678,17628.46,49,0.011295527893038266,2942054.6799999992,0.3310437185724599
14031,17286.86,50,0.011526048870447211,2959341.539999999,0.3329888579526843
17428,17256.85,51,0.011756569847856155,2976598.389999999,0.3349306205697024
13767,17220.36,52,0.0119870908252651,2993818.749999999,0.33686827728570756
13881,17159.52,53,0.012217611802674043,3010978.269999999,0.33879908820786164
16839,16594.35,54,0.012448132780082987,3027572.619999999,0.3406663054858536
12921,16587.09,55,0.012678653757491932,3044159.709999999,0.34253270585945095
17677,16345.380000000001,56,0.012909174734900875,3060505.089999999,0.34437190871773365
15189,16225.39,57,0.01313969571230982,3076730.479999999,0.34619761014925443
14607,16209.5,58,0.013370216689718764,3092939.979999999,0.34802152361785127
15856,16143.64,59,0.013600737667127709,3109083.619999999,0.3498380264358394
14051,15610.390000000001,60,0.013831258644536652,3124694.0099999993,0.35159452728849055
15513,14758.220000000001,61,0.014061779621945597,3139452.2299999995,0.35325514089350707
16133,14589.039999999999,62,0.01429230059935454,3154041.2699999996,0.35489671815066476
14866,14389.9,63,0.014522821576763486,3168431.1699999995,0.3565158879228207
16705,14034.99,64,0.01475334255417243,3182466.1599999997,0.35809512277229916
12681,13787.539999999999,65,0.014983863531581374,3196253.6999999997,0.3596465142343935
12621,13689.67,66,0.015214384508990318,3209943.3699999996,0.3611868932401398
12540,13400.24,67,0.015444905486399263,3223343.61,0.36269470521573627
12433,13375.87,68,0.015675426463808206,3236719.48,0.36419977504806916
15498,13316.4,69,0.01590594744121715,3250035.88,0.365698153240686
12477,13219.739999999998,70,0.016136468418626097,3263255.62,0.36718565512768736
17735,13110.02,71,0.01636698939603504,3276365.64,0.36866081118133326
16525,13027.45,72,0.016597510373443983,3289393.0900000003,0.37012667635400803
14258,12669.98,73,0.016828031350852927,3302063.0700000003,0.3715523185495633
13078,12627.94,74,0.01705855232826187,3314691.0100000002,0.3729732303510767
12536,12601.830000000002,75,0.017289073305670817,3327292.8400000003,0.3743912042223231
15640,12416.11,76,0.01751959428307976,3339708.95,0.3757882806439634
16000,12393.7,77,0.017750115260488704,3352102.6500000004,0.37718283546402254
17340,12353.29,78,0.017980636237897647,3364455.9400000004,0.37857284329970425
12682,12279.82,79,0.018211157215306594,3376735.7600000002,0.3799545841979395
13113,12245.96,80,0.018441678192715538,3388981.72,0.3813325151260926
14606,12076.15,81,0.01867219917012448,3401057.87,0.38269133881798906
12557,11990.960000000001,82,0.018902720147533424,3413048.83,0.3840405768231962
12939,11581.8,83,0.01913324112494237,3424630.63,0.38534377562702077
15125,11528.48,84,0.019363762102351315,3436159.11,0.386640974796918
14194,11349.52,85,0.019594283079760258,3447508.63,0.3879180371609705
12971,11189.91,86,0.0198248040571692,3458698.54,0.38917714000568415
14895,11138.710000000001,87,0.020055325034578148,3469837.25,0.39043048176155537
12409,11072.67,88,0.02028584601198709,3480909.92,0.39167639261298987
17581,11025.24,89,0.020516366989396035,3491935.16,0.3929169665807565
15482,10879.76,90,0.02074688796680498,3502814.92,0.3941411709546792
13319,10845.55,91,0.020977408944213922,3513660.4699999997,0.3953615259760765
17107,10797.48,92,0.02120792992162287,3524457.9499999997,0.39657647210019537
13340,10736.48,93,0.021438450899031812,3535194.4299999997,0.3977845544270605
17139,10650.77,94,0.021668971876440755,3545845.1999999997,0.3989829925561778
16779,10611.720000000001,95,0.0218994928538497,3556456.92,0.40017703672984006
17865,10526.32,96,0.022130013831258646,3566983.2399999998,0.4013614715873471
17706,10504.49,97,0.02236053480866759,3577487.73,0.40254345010560744
15251,10484.99,98,0.022591055786076533,3587972.72,0.4037232344591719
14062,10464.85,99,0.022821576763485476,3598437.5700000003,0.40490075263442993
14769,10416.98,100,0.023052097740894423,3608854.5500000003,0.40607288441666284
15615,10399.74,101,0.023282618718303366,3619254.2900000005,0.40724307633226203
15502,10384.93,102,0.02351313969571231,3629639.2200000007,0.40841160180790503
16180,10254.18,103,0.023743660673121253,3639893.400000001,0.40956541512795913
16843,10196.57,104,0.0239741816505302,3650089.9700000007,0.4107127460978527
12590,9864.26,105,0.024204702627939143,3659954.2300000004,0.4118226851256907
13199,9817.12,106,0.024435223605348087,3669771.3500000006,0.4129273199010281
13001,9785.970000000001,107,0.02466574458275703,3679557.3200000008,0.41402844963891544
15078,9743.11,108,0.024896265560165973,3689300.4300000006,0.41512475671532245
12709,9706.52,109,0.02512678653757492,3699006.9500000007,0.41621694663859
13458,9646.57,110,0.025357307514983864,3708653.5200000005,0.4173023909119335
14733,9585.91,111,0.025587828492392807,3718239.4300000006,0.4183810096452539
16523,9418.47,112,0.02581834946980175,3727657.900000001,0.41944078781771915
12567,9401.28,113,0.026048870447210697,3737059.1800000006,0.420498631749614
14367,9227.82,114,0.02627939142461964,3746287.0000000005,0.4215369577426296
14667,9175.039999999999,115,0.026509912402028584,3755462.0400000005,0.42256934486320175
18092,9068.26,116,0.026740433379437527,3764530.3000000003,0.4235897169629419
12451,9035.52,117,0.026970954356846474,3773565.8200000003,0.4246064051164183
13969,9024.17,118,0.027201475334255418,3782589.99,0.42562181615352046
13488,8968.31,119,0.02743199631166436,3791558.3000000003,0.42663094175267846
13090,8910.82,120,0.027662517289073305,3800469.12,0.42763359850422794
16033,8778.82,121,0.02789303826648225,3809247.94,0.4286214024486054
17017,8694.26,122,0.028123559243891195,3817942.1999999997,0.42959969159469147
17306,8631.31,123,0.028354080221300138,3826573.51,0.43057089752705424
16656,8625.8,124,0.02858460119870908,3835199.3099999996,0.43154148346723886
17243,8540.05,125,0.02881512217611803,3843739.3599999994,0.43250242070882494
14527,8507.13,126,0.029045643153526972,3852246.4899999993,0.43345965375031936
12683,8476.57,127,0.029276164130935915,3860723.059999999,0.4344134481419109
18139,8438.34,128,0.02950668510834486,3869161.399999999,0.43536294084548594
15358,8347.2,129,0.029737206085753802,3877508.599999999,0.4363021783608363
16558,8338.49,130,0.02996772706316275,3885847.0899999994,0.43724043581595584
14056,8152.71,131,0.030198248040571692,3893999.7999999993,0.4381577890701934
14936,8137.0199999999995,132,0.030428769017980636,3902136.8199999994,0.4390733768657603
16672,8134.9400000000005,133,0.03065928999538958,3910271.7599999993,0.439988730617093
13854,8109.52,134,0.030889810972798526,3918381.2799999993,0.4409012240778324
14952,8099.49,135,0.03112033195020747,3926480.7699999996,0.44181258895026926
18109,8004.92,136,0.03135085292761641,3934485.6899999995,0.44271331268653746
14796,7975.49,137,0.031581373905025356,3942461.1799999997,0.443610724921934
12428,7956.46,138,0.0318118948824343,3950417.6399999997,0.44450599587762984
15290,7943.22,139,0.03204241585984324,3958360.86,0.4453997770517578
14849,7930.54,140,0.03227293683725219,3966291.4,0.4462921314562272
12757,7834.650000000001,141,0.03250345781466114,3974126.05,0.4471736961964562
13093,7832.47,142,0.03273397879207008,3981958.52,0.44805501564032435
12435,7829.89,143,0.03296449976947902,3989788.41,0.448936044779325
13629,7792.36,144,0.03319502074688797,3997580.77,0.44981285099519563
17811,7761.82,145,0.03342554172429691,4005342.59,0.4506862208115887
15044,7634.7300000000005,146,0.033656062701705854,4012977.32,0.4515452903002281
15194,7616.53,147,0.0338865836791148,4020593.8499999996,0.452402311901818
18172,7561.68,148,0.03411710465652374,4028155.53,0.4532531617119429
13263,7436.93,149,0.03434762563393269,4035592.46,0.45408997449407756
12980,7374.900000000001,150,0.034578146611341634,4042967.36,0.454919807582054
15465,7354.62,151,0.03480866758875058,4050321.98,0.45574735873874683
17396,7330.8,152,0.03503918856615952,4057652.78,0.4565722296388726
12474,7324.09,153,0.035269709543568464,4064976.8699999996,0.45739634552130054
12583,7281.38,154,0.03550023052097741,4072258.2499999995,0.45821565562043814
13018,7277.7,155,0.03573075149838635,4079535.9499999997,0.45903455164131524
18229,7276.9,156,0.035961272475795295,4086812.8499999996,0.45985335764517915
16729,7205.33,157,0.036191793453204245,4094018.1799999997,0.4606641105020029
16745,7180.700000000001,158,0.03642231443061319,4101198.88,0.4614720919600339
16873,7123.62,159,0.03665283540802213,4108322.5,0.4622736507041757
13324,7121.95,160,0.036883356385431075,4115444.45,0.46307502153780244
16923,7069.08,161,0.03711387736284002,4122513.5300000003,0.4638704433720718
13985,7060.13,162,0.03734439834024896,4129573.66,0.46466485814100633
14961,7044.68,163,0.037574919317657905,4136618.3400000003,0.46545753445637417
12766,6989.63,164,0.03780544029506685,4143607.97,0.4662440164760236
12798,6977.04,165,0.03803596127247579,4150585.0100000002,0.46702908185292846
12989,6924.11,166,0.03826648224988474,4157509.12,0.46780819147919983
13027,6912.0,167,0.038497003227293686,4164421.12,0.4685859384729344
16187,6911.4400000000005,168,0.03872752420470263,4171332.56,0.4693636224547598
16713,6910.78,169,0.03895804518211157,4178243.34,0.47014123217254933
17416,6893.42,170,0.039188566159520516,4185136.76,0.4709168885211532
12705,6868.29,171,0.03941908713692946,4192005.05,0.4716897172103311
12476,6816.42,172,0.0396496081143384,4198821.47,0.47245670942141793
12830,6814.64,173,0.039880129091747346,4205636.109999999,0.47322350134465047
15601,6776.56,174,0.040110650069156296,4212412.669999999,0.47398600845805644
16652,6773.97,175,0.04034117104656524,4219186.639999999,0.4747482241413823
18055,6761.34,176,0.04057169202397418,4225947.979999999,0.47550901868111284
16532,6748.8,177,0.04080221300138313,4232696.779999998,0.476268402204162
15023,6720.41,178,0.04103273397879207,4239417.189999999,0.4770245912484566
13576,6717.34,179,0.04126325495620101,4246134.529999998,0.47778043485246313
15249,6688.46,180,0.04149377593360996,4252822.989999998,0.47853302884229443
16746,6680.11,181,0.0417242969110189,4259503.099999999,0.4792846832795509
16353,6675.710000000001,182,0.041954817888427844,4266178.809999999,0.48003584262323495
12626,6620.48,183,0.042185338865836794,4272799.289999999,0.48078078741737273
16182,6617.65,184,0.04241585984324574,4279416.9399999995,0.48152541377632646
15144,6580.4400000000005,185,0.04264638082065468,4285997.38,0.48226585321895543
12472,6572.110000000001,186,0.042876901798063624,4292569.49,0.4830053553594348
17338,6493.54,187,0.04310742277547257,4299063.03,0.4837360167040088
18223,6484.54,188,0.04333794375288151,4305547.57,0.4844656653571847
15694,6479.4,189,0.043568464730290454,4312026.970000001,0.4851947356510511
13225,6463.84,190,0.0437989857076994,4318490.8100000005,0.4859220551140114
13102,6424.09,191,0.04402950668510835,4324914.9,0.48664490185663006
12431,6419.95,192,0.04426002766251729,4331334.850000001,0.48736728276120567
16814,6416.7,193,0.044490548639926235,4337751.550000001,0.48808929797166534
13871,6403.25,194,0.04472106961733518,4344154.800000001,0.4888097997710911
12359,6310.030000000001,195,0.04495159059474412,4350464.830000001,0.489519812338058
13668,6309.83,196,0.045182111572153065,4356774.660000001,0.4902298024007717
13709,6307.65,197,0.04541263254956201,4363082.310000001,0.49093954716712446
15005,6295.37,198,0.04564315352697095,4369377.680000002,0.4916479101723251
16126,6287.77,199,0.045873674504379895,4375665.450000001,0.4923554180159007
17315,6281.23,200,0.046104195481788846,4381946.680000002,0.49306218997039375
14057,6211.66,201,0.04633471645919779,4388158.340000002,0.4937611338203795
12357,6207.67,202,0.04656523743660673,4394366.010000002,0.49445962871051213
14060,6140.42,203,0.046795758414015676,4400506.430000002,0.49515055654547563
13418,6127.43,204,0.04702627939142462,4406633.860000001,0.49584002272918787
15939,6115.01,205,0.04725680036883356,4412748.870000001,0.49652809139877074
17509,6083.64,206,0.047487321346242506,4418832.510000001,0.497212630276225
14735,6065.6900000000005,207,0.04771784232365145,4424898.200000001,0.49789514939694635
13097,6003.22,208,0.0479483633010604,4430901.420000001,0.4985706393141523
12637,6002.9,209,0.04817888427846934,4436904.320000001,0.499246093224553
14101,5976.79,210,0.048409405255878286,4442881.110000001,0.49991860920468656
15382,5955.71,211,0.04863992623328723,4448836.820000001,0.5005887532365232
14944,5900.250000000001,212,0.04887044721069617,4454737.070000001,0.5012526568389224
13209,5891.61,213,0.04910096818810512,4460628.680000002,0.5019155882575793
13534,5870.08,214,0.04933148916551406,4466498.760000002,0.5025760970933695
14505,5859.43,215,0.049562010142923,4472358.190000001,0.5032354075776719
14415,5855.57,216,0.04979253112033195,4478213.760000002,0.5038942837298859
13050,5836.86,217,0.0500230520977409,4484050.620000002,0.5045510546092045
12720,5781.73,218,0.05025357307514984,4489832.350000002,0.5052016221911034
15218,5756.889999999999,219,0.050484094052558784,4495589.240000002,0.5058493947447436
17686,5739.46,220,0.05071461502996773,4501328.700000002,0.5064952060527094
13316,5732.93,221,0.05094513600737667,4507061.630000002,0.5071402825968052
13178,5725.47,222,0.051175656984785614,4512787.1000000015,0.5077845197322534
16553,5719.82,223,0.05140617796219456,4518506.920000002,0.5084281211225461
13468,5704.97,224,0.0516366989396035,4524211.8900000015,0.5090700515720319
14110,5683.150000000001,225,0.05186721991701245,4529895.040000002,0.5097095268074838
17716,5655.99,226,0.052097740894421395,4535551.030000002,0.5103459459653387
13004,5655.91,227,0.05232826187183034,4541206.940000002,0.5109823561214923
17049,5655.03,228,0.05255878284923928,4546861.9700000025,0.5116186672589315
18118,5625.08,229,0.052789303826648225,4552487.050000003,0.5122516083844402
17757,5593.39,230,0.05301982480405717,4558080.440000002,0.512880983711015
12839,5591.42,231,0.05325034578146611,4563671.860000002,0.513510137370695
12481,5579.82,232,0.053480866758875055,4569251.6800000025,0.514137985783684
14688,5579.1,233,0.053711387736284005,4574830.780000002,0.5147657531813611
14049,5578.719999999999,234,0.05394190871369295,4580409.500000002,0.515393477820957
16767,5575.5599999999995,235,0.05417242969110189,4585985.060000001,0.5160208468933509
12539,5568.35,236,0.054402950668510835,4591553.410000001,0.5166474046874137
16161,5533.67,237,0.05463347164591978,4597087.080000001,0.5172700602439558
18225,5504.96,238,0.05486399262332872,4602592.040000001,0.5178894853149381
16609,5493.46,239,0.055094513600737666,4608085.500000001,0.5185076163913561
15805,5488.18,240,0.05532503457814661,4613573.680000001,0.5191251533554873
16985,5464.12,241,0.05555555555555555,4619037.800000001,0.5197399830579474
16265,5447.0,242,0.0557860765329645,4624484.800000001,0.520352886396326
18198,5425.56,243,0.056016597510373446,4629910.36,0.5209633772787517
12490,5417.93,244,0.05624711848778239,4635328.29,0.5215730096239144
17809,5411.91,245,0.05647763946519133,4640740.2,0.522181964591053
16701,5398.3,246,0.056708160442600276,4646138.5,0.5227893881437552
17719,5396.04,247,0.05693868142000922,4651534.54,0.5233965573983952
17850,5391.21,248,0.05716920239741816,4656925.75,0.5240031831753182
16303,5360.63,249,0.05739972337482711,4662286.38,0.5246063680519131
13269,5343.28,250,0.05763024435223606,4667629.66,0.525207600684535
17730,5298.4800000000005,251,0.057860765329645,4672928.140000001,0.5258037923644197
15150,5291.33,252,0.058091286307053944,4678219.470000001,0.5263991795172492
17061,5232.2300000000005,253,0.05832180728446289,4683451.700000001,0.5269879166632313
18226,5228.05,254,0.05855232826187183,4688679.750000001,0.5275761834703196
12362,5226.23,255,0.058782849239280774,4693905.980000001,0.528164245488703
16258,5203.51,256,0.05901337021668972,4699109.490000001,0.5287497510239124
13756,5189.52,257,0.05924389119409866,4704299.010000001,0.5293336823866042
16191,5180.52,258,0.059474412171507604,4709479.53,0.5299166010578978
15727,5159.06,259,0.059704933148916554,4714638.59,0.5304971050228133
13599,5149.92,260,0.0599354541263255,4719788.51,0.5310765805433536
17858,5140.66,261,0.06016597510373444,4724929.17,0.5316550141169664
15903,5126.76,262,0.060396496081143385,4730055.93,0.5322318836449754
13941,5112.96,263,0.06062701705855233,4735168.89,0.5328072003795075
15046,5090.42,264,0.06085753803596127,4740259.31,0.5333799808846936
16700,5076.55,265,0.061088059013370215,4745335.859999999,0.533951200719914
13139,5064.94,266,0.06131857999077916,4750400.8,0.5345211141832309
12432,5059.32,267,0.06154910096818811,4755460.12,0.5350903952770303
17602,5054.42,268,0.06177962194559705,4760514.54,0.535659125016624
15301,5049.95,269,0.062010142923005995,4765564.49,0.5362273517861568
17426,5037.26,270,0.06224066390041494,4770601.75,0.5367941506608181
15719,5030.07,271,0.06247118487782388,4775631.82,0.5373601405075739
14755,5010.28,272,0.06270170585523283,4780642.100000001,0.5379239035584663
14562,5006.7699999999995,273,0.06293222683264177,4785648.87,0.5384872716597134
12444,5005.46,274,0.06316274781005071,4790654.33,0.5390504923581015
14329,4975.24,275,0.06339326878745966,4795629.57,0.5396103126638175
15032,4959.1,276,0.0636237897648686,4800588.67,0.5401683168762927
12437,4951.41,277,0.06385431074227754,4805540.08,0.540725455800229
12700,4939.99,278,0.06408483171968649,4810480.07,0.5412813097313024
14709,4921.04,279,0.06431535269709543,4815401.11,0.5418350313843765
15786,4919.0,280,0.06454587367450439,4820320.11,0.542388523494067
15547,4910.6,281,0.06477639465191333,4825230.71,0.5429410704251192
17133,4892.24,282,0.06500691562932227,4830122.95,0.5434915514657194
12664,4881.88,283,0.06523743660673122,4835004.83,0.5440408667859989
12688,4873.81,284,0.06546795758414016,4839878.64,0.5445892740596583
14292,4871.93,285,0.0656984785615491,4844750.569999999,0.5451374697933368
17652,4867.72,286,0.06592899953895805,4849618.289999999,0.5456851918124834
15738,4812.42,287,0.06615952051636699,4854430.709999999,0.5462266914055951
13013,4810.9400000000005,288,0.06639004149377593,4859241.649999999,0.5467680244672326
15298,4799.9,289,0.06662056247118488,4864041.55,0.5473081152940883
15555,4794.86,290,0.06685108344859382,4868836.41,0.5478476390137611
15187,4777.18,291,0.06708160442600276,4873613.59,0.548385173357443
17365,4767.36,292,0.06731212540341171,4878380.95,0.5489216027422883
12955,4757.16,293,0.06754264638082065,4883138.11,0.5494568844102158
14180,4748.52,294,0.0677731673582296,4887886.63,0.549991193894401
15152,4745.6900000000005,295,0.06800368833563854,4892632.32,0.5505251849434023
16722,4730.8099999999995,296,0.06823420931304748,4897363.13,0.5510575016759586
17690,4726.8,297,0.06846473029045644,4902089.93,0.5515893671982365
12714,4708.86,298,0.06869525126786538,4906798.79,0.5521192140889942
14135,4690.31,299,0.06892577224527432,4911489.1,0.5526469737102591
14191,4684.76,300,0.06915629322268327,4916173.859999999,0.5531741088384953
15291,4668.3,301,0.06938681420009221,4920842.159999999,0.5536993918666855
14189,4654.08,302,0.06961733517750116,4925496.239999999,0.5542230748424668
14390,4642.570000000001,303,0.0698478561549101,4930138.81,0.5547454626984712
14159,4630.35,304,0.07007837713231904,4934769.159999999,0.5552664755445995
14286,4628.75,305,0.07030889810972799,4939397.909999999,0.5557873083567015
13802,4599.42,306,0.07053941908713693,4943997.329999999,0.5563048409200584
15093,4597.02,307,0.07076994006454587,4948594.349999999,0.5568221034323758
14004,4582.64,308,0.07100046104195482,4953176.989999998,0.5573377478888816
16931,4554.87,309,0.07123098201936376,4957731.8599999985,0.5578502676298179
17068,4552.14,310,0.0714615029967727,4962283.999999998,0.5583624801876967
17613,4544.55,311,0.07169202397418165,4966828.549999998,0.5588738387091633
12484,4527.32,312,0.07192254495159059,4971355.869999998,0.5593832584892088
13267,4521.49,313,0.07215306592899953,4975877.3599999985,0.5598920222702709
15299,4507.01,314,0.07238358690640849,4980384.369999998,0.5603991567433947
12524,4485.719999999999,315,0.07261410788381743,4984870.089999998,0.5609038956387556
17975,4483.26,316,0.07284462886122638,4989353.349999998,0.5614083577318012
14426,4481.67,317,0.07307514983863532,4993835.019999998,0.561912640916033
12627,4478.53,318,0.07330567081604426,4998313.549999998,0.5624165707834883
17364,4462.68,319,0.0735361917934532,5002776.229999998,0.5629187171888701
16984,4459.52,320,0.07376671277086215,5007235.749999997,0.5634205080270499
13069,4431.44,321,0.0739972337482711,5011667.189999998,0.5639191392680678
14085,4421.29,322,0.07422775472568004,5016088.479999998,0.5644166284182311
15955,4416.26,323,0.07445827570308898,5020504.739999997,0.5649135515864242
16626,4413.1,324,0.07468879668049792,5024917.839999997,0.5654101191874152
15874,4405.88,325,0.07491931765790687,5029323.719999997,0.5659058743848624
14534,4397.3,326,0.07514983863531581,5033721.019999997,0.5664006641498435
12712,4396.13,327,0.07538035961272475,5038117.149999997,0.5668953222649428
13505,4393.63,328,0.0756108805901337,5042510.779999997,0.567389699076876
12752,4366.78,329,0.07584140156754264,5046877.559999997,0.5678810546928049
16945,4345.5,330,0.07607192254495158,5051223.059999997,0.5683700158561836
14016,4341.21,331,0.07630244352236054,5055564.269999997,0.5688584943033292
14800,4331.79,332,0.07653296449976948,5059896.059999997,0.5693459128001449
17567,4331.48,333,0.07676348547717843,5064227.539999997,0.569833296415368
18251,4314.72,334,0.07699400645458737,5068542.259999997,0.5703187941741652
12347,4310.0,335,0.07722452743199631,5072852.259999997,0.5708037608325848
17937,4301.22,336,0.07745504840940526,5077153.479999997,0.5712877395542849
15034,4274.16,337,0.0776855693868142,5081427.639999997,0.5717686734505147
14422,4263.64,338,0.07791609036422315,5085691.279999997,0.5722484236230214
12500,4257.82,339,0.07814661134163209,5089949.099999997,0.5727275189217574
17419,4226.57,340,0.07837713231904103,5094175.669999997,0.5732030979309167
14525,4215.9,341,0.07860765329644998,5098391.5699999975,0.573677476338163
15804,4206.39,342,0.07883817427385892,5102597.959999997,0.5741507846681652
15971,4199.85,343,0.07906869525126786,5106797.809999997,0.5746233571090847
12747,4196.01,344,0.0792992162286768,5110993.819999997,0.5750954974683411
14146,4191.0,345,0.07952973720608575,5115184.819999997,0.5755670740960526
14277,4188.0,346,0.07976025818349469,5119372.819999997,0.5760383131599648
12949,4167.22,347,0.07999077916090364,5123540.039999996,0.5765072140319599
13384,4151.93,348,0.08022130013831259,5127691.969999996,0.576974394453791
15570,4148.82,349,0.08045182111572154,5131840.789999996,0.5774412249344835
13988,4147.96,350,0.08068234209313048,5135988.749999996,0.5779079586468867
12569,4124.6900000000005,351,0.08091286307053942,5140113.439999997,0.5783720739894196
17920,4119.5,352,0.08114338404794837,5144232.939999997,0.5788356053465796
16592,4113.68,353,0.08137390502535731,5148346.619999996,0.5792984818299688
13555,4098.88,354,0.08160442600276625,5152445.499999996,0.5797596929986144
16401,4098.32,355,0.0818349469801752,5156543.819999997,0.5802208411553509
18041,4097.37,356,0.08206546795758414,5160641.189999997,0.5806818824168842
16670,4095.9,357,0.08229598893499308,5164737.089999997,0.5811427582721559
12749,4090.88,358,0.08252650991240203,5168827.969999997,0.58160306927067
14092,4076.9100000000003,359,0.08275703088981097,5172904.879999997,0.5820618083470916
12449,4067.29,360,0.08298755186721991,5176972.169999997,0.58251946496893
17377,4058.32,361,0.08321807284462886,5181030.489999997,0.5829761122750083
18087,4055.7199999999993,362,0.0834485938220378,5185086.209999997,0.5834324670257938
14401,4051.48,363,0.08367911479944674,5189137.689999998,0.5838883446864096
12656,4051.17,364,0.08390963577685569,5193188.859999998,0.5843441874654327
16549,4034.9,365,0.08414015675426464,5197223.759999998,0.5847981995234507
13815,4027.36,366,0.08437067773167359,5201251.119999998,0.5852513631711195
15514,4023.72,367,0.08460119870908253,5205274.839999998,0.5857041172413785
17940,4020.04,368,0.08483171968649147,5209294.879999998,0.5861564572333768
12957,4017.54,369,0.08506224066390042,5213312.419999998,0.5866085159222091
12867,4009.34,370,0.08529276164130936,5217321.759999998,0.5870596519366564
12378,4008.62,371,0.0855232826187183,5221330.379999998,0.5875107069357919
16186,4006.94,372,0.08575380359612725,5225337.319999998,0.5879615728991998
12841,3991.58,373,0.08598432457353619,5229328.8999999985,0.5884107105359548
17001,3989.57,374,0.08621484555094514,5233318.469999999,0.5888596220049644
15416,3984.32,375,0.08644536652835408,5237302.789999999,0.5893079427373251
12779,3981.36,376,0.08667588750576302,5241284.149999999,0.589755930406737
12727,3980.7,377,0.08690640848317197,5245264.85,0.5902038438121131
14547,3974.75,378,0.08713692946058091,5249239.6,0.5906510877159538
14299,3965.62,379,0.08736745043798985,5253205.22,0.5910973043006318
13523,3964.88,380,0.0875979714153988,5257170.1,0.5915434376195725
15529,3962.6,381,0.08782849239280774,5261132.699999999,0.5919893143900257
17611,3961.12,382,0.0880590133702167,5265093.819999999,0.5924350246290045
13183,3957.78,383,0.08828953434762564,5269051.6,0.5928803590469536
17769,3957.4300000000003,384,0.08852005532503458,5273009.029999999,0.5933256540824592
17651,3945.0,385,0.08875057630244353,5276954.029999999,0.5937695504786228
12473,3928.05,386,0.08898109727985247,5280882.079999999,0.59421153963932
17593,3923.86,387,0.08921161825726141,5284805.9399999995,0.5946530573359108
14739,3902.2799999999997,388,0.08944213923467036,5288708.22,0.5950921468235716
13999,3901.81,389,0.0896726602120793,5292610.029999999,0.595531183426237
14291,3883.25,390,0.08990318118948824,5296493.279999999,0.595968131634197
15195,3861.0,391,0.09013370216689719,5300354.279999999,0.5964025762439785
18073,3859.82,392,0.09036422314430613,5304214.1,0.5968368880786655
12662,3849.78,393,0.09059474412171507,5308063.88,0.5972700701998374
16717,3843.08,394,0.09082526509912402,5311906.96,0.597702498428524
13266,3834.2599999999998,395,0.09105578607653296,5315741.22,0.5981339342196403
17091,3827.76,396,0.0912863070539419,5319568.9799999995,0.5985646386225248
16327,3820.27,397,0.09151682803135085,5323389.249999999,0.5989945002411236
12755,3811.95,398,0.09174734900875979,5327201.199999999,0.5994234256827854
12597,3811.22,399,0.09197786998616875,5331012.419999999,0.5998522689839227
15867,3810.14,400,0.09220839096357769,5334822.559999999,0.6002809907620922
13435,3809.89,401,0.09243891194098663,5338632.449999998,0.6007096844099451
12668,3807.1499999999996,402,0.09266943291839558,5342439.599999999,0.601138069749528
16145,3799.4900000000002,403,0.09289995389580452,5346239.089999999,0.6015655931762098
16655,3789.52,404,0.09313047487321346,5350028.6099999985,0.6019919947658651
16168,3787.6,405,0.09336099585062241,5353816.209999998,0.6024181803146887
16019,3786.2400000000002,406,0.09359151682803135,5357602.449999998,0.60284421283459
12562,3781.74,407,0.0938220378054403,5361384.189999999,0.6032697390087923
17173,3766.6,408,0.09405255878284924,5365150.789999998,0.6036935616110204
13124,3756.33,409,0.09428307976025818,5368907.119999998,0.604116228619842
12429,3750.4,410,0.09451360073766712,5372657.519999999,0.6045382283775537
14145,3742.2,411,0.09474412171507607,5376399.719999999,0.6049593054608803
13552,3740.07,412,0.09497464269248501,5380139.789999999,0.6053801428739094
16570,3738.4,413,0.09520516366989396,5383878.1899999995,0.6058007923764236
12502,3723.87,414,0.0954356846473029,5387602.06,0.606219806944936
12647,3722.8199999999997,415,0.09566620562471184,5391324.88,0.6066387033661188
13680,3719.1200000000003,416,0.0958967266021208,5395044.0,0.6070571834586157
17238,3719.1000000000004,417,0.09612724757952974,5398763.1,0.6074756613006872
16240,3718.8,418,0.09635776855693869,5402481.899999999,0.6078941053863788
14364,3717.35,419,0.09658828953434763,5406199.249999999,0.608312386316234
15845,3711.77,420,0.09681881051175657,5409911.019999999,0.6087300393774223
15622,3709.56,421,0.09704933148916552,5413620.579999998,0.6091474437666118
17819,3704.87,422,0.09727985246657446,5417325.449999998,0.6095643204310617
15379,3703.29,423,0.0975103734439834,5421028.739999998,0.6099810193119106
14282,3701.44,424,0.09774089442139235,5424730.179999999,0.6103975100284166
12553,3692.28,425,0.09797141539880129,5428422.459999999,0.6108129700501218
16253,3683.86,426,0.09820193637621023,5432106.319999999,0.6112274826427635
13148,3683.26,427,0.09843245735361918,5435789.579999999,0.6116419277226453
15581,3675.77,428,0.09866297833102812,5439465.349999999,0.6120555300182413
15296,3672.8599999999997,429,0.09889349930843706,5443138.209999999,0.612468804876952
16904,3653.75,430,0.099124020285846,5446791.959999999,0.6128799294542607
15808,3651.2700000000004,431,0.09935454126325495,5450443.229999999,0.6132907749788286
12417,3649.1,432,0.0995850622406639,5454092.329999998,0.6137013763322482
13426,3641.32,433,0.09981558321807285,5457733.6499999985,0.6141111022702149
12619,3641.24,434,0.1000461041954818,5461374.889999999,0.6145208192064803
16440,3640.67,435,0.10027662517289074,5465015.559999999,0.6149304720056238
13381,3639.31,436,0.10050714615029968,5468654.869999998,0.6153399717758449
17230,3638.41,437,0.10073766712770862,5472293.279999998,0.6157493702769262
17528,3628.5,438,0.10096818810511757,5475921.779999998,0.616157653692257
13327,3627.77,439,0.10119870908252651,5479549.549999998,0.6165658549670631
13520,3624.35,440,0.10142923005993545,5483173.899999998,0.616973671419138
13082,3613.63,441,0.1016597510373444,5486787.5299999975,0.6173802816432366
18079,3613.15,442,0.10189027201475334,5490400.679999998,0.6177868378571272
16712,3611.31,443,0.10212079299216228,5494011.989999997,0.6181931870318875
15505,3610.96,444,0.10235131396957123,5497622.949999997,0.6185994968242047
13137,3603.29,445,0.10258183494698017,5501226.239999997,0.6190049435784081
14543,3599.73,446,0.10281235592438911,5504825.969999998,0.619409989756903
15484,3590.41,447,0.10304287690179806,5508416.379999998,0.6198139872371945
14132,3586.03,448,0.103273397879207,5512002.409999998,0.6202174918743389
16242,3579.86,449,0.10350391885661595,5515582.269999999,0.6206203022552693
17576,3564.83,450,0.1037344398340249,5519147.099999999,0.6210214214415649
14040,3560.32,451,0.10396496081143385,5522707.419999999,0.6214220331569488
17203,3560.08,452,0.10419548178884279,5526267.499999999,0.6218226178672287
17491,3558.87,453,0.10442600276625173,5529826.369999999,0.6222230664267763
15544,3546.71,454,0.10465652374366068,5533373.079999999,0.6226221467277236
14503,3543.26,455,0.10488704472106962,5536916.339999999,0.6230208388303017
12370,3541.9399999999996,456,0.10511756569847856,5540458.279999999,0.6234193824048082
13448,3534.6900000000005,457,0.1053480866758875,5543992.97,0.6238171102001329
12454,3528.34,458,0.10557860765329645,5547521.31,0.6242141234854155
17160,3518.03,459,0.10580912863070539,5551039.34,0.624609976676441
13953,3515.68,460,0.10603964960811434,5554555.02,0.6250055654424903
15113,3509.43,461,0.10627017058552328,5558064.449999999,0.6254004509506242
16131,3506.54,462,0.10650069156293222,5561570.989999999,0.6257950112722982
13334,3502.32,463,0.10673121254034117,5565073.31,0.6261890967542277
14907,3501.1000000000004,464,0.10696173351775011,5568574.409999999,0.626583044960212
16458,3482.7400000000002,465,0.10719225449515905,5572057.149999999,0.6269749272757443
14395,3479.91,466,0.10742277547256801,5575537.06,0.6273664911560927
13993,3466.36,467,0.10765329644997695,5579003.42,0.6277565303732805
13014,3466.2799999999997,468,0.1078838174273859,5582469.7,0.628146560588767
15410,3450.84,469,0.10811433840479484,5585920.54,0.6285348534758993
16360,3450.41,470,0.10834485938220378,5589370.95,0.6289230979788871
15129,3447.4,471,0.10857538035961273,5592818.350000001,0.629311003792863
13536,3444.3900000000003,472,0.10880590133702167,5596262.74,0.6296985709178268
15974,3442.15,473,0.10903642231443061,5599704.890000001,0.6300858859951537
17725,3439.08,474,0.10926694329183956,5603143.970000001,0.6304728556321926
15676,3435.76,475,0.1094974642692485,5606579.73,0.6308594516986268
14221,3432.8,476,0.10972798524665744,5610012.53,0.6312457147021123
12406,3415.3,477,0.10995850622406639,5613427.83,0.631630008583435
15981,3408.48,478,0.11018902720147533,5616836.3100000005,0.6320135350697204
17758,3408.2,479,0.11041954817888427,5620244.510000001,0.6323970300500512
13437,3408.06,480,0.11065006915629322,5623652.57,0.6327805092774046
17669,3406.7200000000003,481,0.11088059013370216,5627059.29,0.633163837726261
13198,3401.24,482,0.1111111111111111,5630460.53,0.6335465495585773
15228,3386.71,483,0.11134163208852006,5633847.24,0.6339276264568919
13842,3385.62,484,0.111572153065929,5637232.86,0.6343085807070261
16011,3352.96,485,0.11180267404333795,5640585.82,0.634685860012598
14227,3350.96,486,0.11203319502074689,5643936.78,0.6350629142756369
16818,3349.57,487,0.11226371599815584,5647286.350000001,0.6354398121341154
16607,3347.71,488,0.11249423697556478,5650634.0600000005,0.6358165007030383
17183,3347.3100000000004,489,0.11272475795297372,5653981.37,0.6361931442634546
12643,3344.6400000000003,490,0.11295527893038267,5657326.01,0.6365694873920895
12613,3344.38,491,0.11318579990779161,5660670.39,0.6369458012651952
13015,3339.64,492,0.11341632088520055,5664010.029999999,0.6373215817874978
12594,3338.2200000000003,493,0.1136468418626095,5667348.249999999,0.637697202529602
16556,3313.79,494,0.11387736284001844,5670662.039999999,0.6380700743771668
13373,3312.25,495,0.11410788381742738,5673974.289999999,0.6384427729419813
14841,3295.76,496,0.11433840479483633,5677270.049999999,0.6388136160311119
15632,3285.31,497,0.11456892577224527,5680555.3599999985,0.639183283273008
12480,3281.63,498,0.11479944674965421,5683836.989999998,0.6395525364366436
15764,3279.9700000000003,499,0.11502996772706316,5687116.959999998,0.6399216028149768
17723,3276.4000000000005,500,0.11526048870447211,5690393.3599999985,0.6402902674923889
14702,3251.79,501,0.11549100968188106,5693645.1499999985,0.6406561630214335
13952,3251.071,502,0.11572153065929,5696896.220999999,0.6410219776476875
13047,3237.54,503,0.11595205163669894,5700133.760999999,0.6413862697486852
15708,3235.25,504,0.11618257261410789,5703369.010999999,0.6417503041759827
14175,3222.3,505,0.11641309359151683,5706591.310999999,0.6421128814528795
13880,3219.77,506,0.11664361456892577,5709811.080999998,0.6424751740509721
15443,3213.59,507,0.11687413554633472,5713024.670999998,0.6428367712676382
14388,3212.84,508,0.11710465652374366,5716237.510999998,0.6431982840933543
16107,3204.1600000000003,509,0.1173351775011526,5719441.670999998,0.6435588202344777
13868,3192.54,510,0.11756569847856155,5722634.210999998,0.6439180488784849
13758,3190.55,511,0.11779621945597049,5725824.760999998,0.6442770536051717
14844,3189.81,512,0.11802674043337943,5729014.570999998,0.6446359750661215
17220,3187.55,513,0.11825726141078838,5732202.1209999975,0.644994642229009
17050,3185.64,514,0.11848778238819732,5735387.760999997,0.6453530944762775
12456,3181.04,515,0.11871830336560626,5738568.800999997,0.6457110291257205
17672,3178.17,516,0.11894882434301521,5741746.970999997,0.6460686408391287
13268,3174.75,517,0.11917934532042417,5744921.720999997,0.6464258677298056
16837,3170.98,518,0.11940986629783311,5748092.700999998,0.6467826704153081
16041,3166.4,519,0.11964038727524205,5751259.100999998,0.6471389577534101
17863,3160.0,520,0.119870908252651,5754419.100999998,0.6474945249554069
15065,3158.13,521,0.12010142923005994,5757577.230999998,0.6478498817426354
17685,3155.83,522,0.12033195020746888,5760733.060999998,0.6482049797309509
15861,3146.92,523,0.12056247118487783,5763879.980999998,0.6485590751547824
14235,3144.86,524,0.12079299216228677,5767024.840999998,0.648912938784805
17231,3124.72,525,0.12102351313969571,5770149.560999998,0.6492645362365213
13685,3119.44,526,0.12125403411710466,5773269.000999998,0.6496155395759506
16678,3109.9900000000002,527,0.1214845550945136,5776378.9909999985,0.649965479589412
13742,3107.87,528,0.12171507607192254,5779486.860999999,0.6503151810577884
14099,3104.17,529,0.12194559704933149,5782591.030999999,0.650664466197479
15491,3100.09,530,0.12217611802674043,5785691.120999998,0.6510132922504024
14257,3099.7200000000003,531,0.12240663900414937,5788790.840999998,0.6513620766704572
14565,3099.12,532,0.12263715998155832,5791889.960999998,0.6517107935777522
13135,3096.0,533,0.12286768095896726,5794985.960999998,0.6520591594186959
16156,3092.04,534,0.12309820193637622,5798078.000999998,0.6524070796754243
13362,3090.7400000000002,535,0.12332872291378516,5801168.7409999985,0.6527548536545064
16218,3084.68,536,0.1235592438911941,5804253.420999998,0.6531019457547137
13869,3083.65,537,0.12378976486860305,5807337.070999999,0.6534489219580167
17059,3080.3900000000003,538,0.12402028584601199,5810417.460999998,0.6537955313419909
15998,3080.22,539,0.12425080682342093,5813497.680999998,0.6541421215973499
18272,3078.58,540,0.12448132780082988,5816576.260999998,0.6544885273178319
12910,3075.04,541,0.12471184877823882,5819651.300999998,0.6548345347130305
13631,3070.42,542,0.12494236975564776,5822721.720999998,0.6551800222599783
16940,3049.88,543,0.1251728907330567,5825771.600999998,0.655523198620113
16393,3040.96,544,0.12540341171046565,5828812.560999998,0.655865371290551
16326,3039.22,545,0.1256339326878746,5831851.780999998,0.6562073481739853
17799,3039.17,546,0.12586445366528354,5834890.950999998,0.6565493194313563
16905,3037.6,547,0.12609497464269248,5837928.550999997,0.656891114030339
16709,3029.87,548,0.12632549562010142,5840958.420999997,0.657232038839932
12598,3023.08,549,0.12655601659751037,5843981.500999997,0.6575721996301257
12395,3018.63,550,0.1267865375749193,5847000.130999997,0.6579118597006837
18094,3017.3,551,0.12701705855232825,5850017.430999997,0.6582513701179573
14456,3017.2799999999997,552,0.1272475795297372,5853034.710999997,0.6585908782848057
12754,3010.74,553,0.12747810050714614,5856045.450999998,0.6589296505625714
15521,3000.2,554,0.12770862148455508,5859045.650999998,0.6592672368661887
17659,2999.46,555,0.12793914246196403,5862045.110999998,0.6596047399040688
17504,2997.03,556,0.12816966343937297,5865042.140999998,0.6599419695152714
12670,2996.0499999999997,557,0.12840018441678192,5868038.190999998,0.6602790888556329
14307,2995.7200000000003,558,0.12863070539419086,5871033.9109999975,0.6606161710639764
15687,2993.1,559,0.1288612263715998,5874027.010999997,0.6609529584666018
14639,2984.49,560,0.12909174734900877,5877011.500999997,0.6612887770611231
14032,2975.59,561,0.12932226832641772,5879987.090999997,0.661623594216373
15854,2969.12,562,0.12955278930382666,5882956.210999997,0.6619576833590288
16497,2965.69,563,0.1297833102812356,5885921.900999998,0.6622913865537408
17924,2962.5,564,0.13001383125864455,5888884.400999998,0.6626247308056127
16686,2959.88,565,0.1302443522360535,5891844.280999998,0.6629577802517665
14868,2953.59,566,0.13047487321346243,5894797.8709999975,0.6632901219391543
12916,2944.95,567,0.13070539419087138,5897742.820999998,0.6636214914428
17444,2940.04,568,0.13093591516828032,5900682.860999998,0.6639523084670274
16316,2938.91,569,0.13116643614568926,5903621.770999998,0.6642829983422236
17512,2924.9900000000002,570,0.1313969571230982,5906546.760999998,0.6646121219213909
15606,2920.16,571,0.13162747810050715,5909466.920999998,0.6649407020228412
12906,2919.81,572,0.1318579990779161,5912386.730999998,0.6652692427418481
14112,2915.15,573,0.13208852005532504,5915301.880999998,0.6655972591117534
12438,2906.85,574,0.13231904103273398,5918208.730999998,0.6659243415551471
13451,2898.26,575,0.13254956201014292,5921106.990999998,0.666250457440862
17644,2895.6400000000003,576,0.13278008298755187,5924002.630999997,0.6665762785208587
18144,2888.75,577,0.1330106039649608,5926891.380999997,0.6669013243293296
12408,2888.55,578,0.13324112494236975,5929779.930999997,0.6672263476335472
13735,2883.54,579,0.1334716459197787,5932663.470999997,0.6675508072062198
16633,2883.1,580,0.13370216689718764,5935546.570999997,0.6678752172695352
14251,2879.7,581,0.13393268787459658,5938426.270999997,0.6681992447605447
17728,2876.0099999999998,582,0.13416320885200553,5941302.280999997,0.668522857048081
14005,2874.7200000000003,583,0.13439372982941447,5944177.000999996,0.6688463241831835
15628,2870.2400000000002,584,0.13462425080682341,5947047.240999997,0.6691692872230124
13901,2867.2,585,0.13485477178423236,5949914.440999997,0.6694919081981912
12685,2863.08,586,0.1350852927616413,5952777.520999997,0.6698140655857522
14530,2862.11,587,0.13531581373905024,5955639.630999997,0.6701361138276848
18145,2861.55,588,0.1355463347164592,5958501.180999997,0.670458099057708
14535,2854.84,589,0.13577685569386813,5961356.020999997,0.6707793292700335
14711,2839.62,590,0.13600737667127707,5964195.640999997,0.6710988469086835
14852,2836.69,591,0.13623789764868602,5967032.330999997,0.6714180348600228
14842,2824.69,592,0.13646841862609496,5969857.020999998,0.6717358725561646
16928,2814.7,593,0.1366989396035039,5972671.720999998,0.6720525861648546
16871,2812.34,594,0.13692946058091288,5975484.060999998,0.6723690342233557
12356,2811.43,595,0.13715998155832182,5978295.490999998,0.6726853798875043
18230,2810.2000000000003,596,0.13739050253573076,5981105.690999998,0.6730015871504952
17596,2806.69,597,0.1376210235131397,5983912.380999998,0.6733173994638408
14572,2804.54,598,0.13785154449054865,5986716.920999998,0.6736329698564636
16081,2799.42,599,0.1380820654679576,5989516.340999998,0.6739479641402021
13769,2796.51,600,0.13831258644536654,5992312.850999998,0.6742626309870552
14903,2795.33,601,0.13854310742277548,5995108.180999998,0.6745771650588139
12578,2794.51,602,0.13877362840018442,5997902.690999998,0.6748916068631341
12758,2791.59,603,0.13900414937759337,6000694.280999998,0.6752057201053563
17739,2791.35,604,0.1392346703550023,6003485.630999997,0.6755198063424744
14626,2791.27,605,0.13946519133241125,6006276.900999997,0.6758338835778913
16764,2790.9500000000003,606,0.1396957123098202,6009067.850999997,0.676147924806503
17213,2781.23,607,0.13992623328722914,6011849.080999997,0.6764608723284047
12388,2780.66,608,0.14015675426463808,6014629.740999998,0.6767737557131845
15984,2780.6299999999997,609,0.14038727524204703,6017410.3709999975,0.6770866357223263
14121,2780.15,610,0.14061779621945597,6020190.520999998,0.6773994617212603
15993,2777.67,611,0.14084831719686491,6022968.190999998,0.6777120086674534
13870,2770.94,612,0.14107883817427386,6025739.130999998,0.6780237983455233
15114,2760.56,613,0.1413093591516828,6028499.690999998,0.6783344200528474
13971,2758.26,614,0.14153988012909174,6031257.950999998,0.6786447829612585
13230,2755.63,615,0.1417704011065007,6034013.580999997,0.678954849938739
15321,2748.31,616,0.14200092208390963,6036761.890999997,0.6792640932605489
17084,2747.99,617,0.14223144306131857,6039509.880999997,0.6795733005755538
12669,2744.0299999999997,618,0.14246196403872752,6042253.9109999975,0.6798820623063433
13174,2742.8199999999997,619,0.14269248501613646,6044996.730999998,0.6801906878864006
14854,2740.03,620,0.1429230059935454,6047736.760999998,0.6804989995321243
16003,2735.37,621,0.14315352697095435,6050472.130999998,0.6808067868287464
12840,2726.77,622,0.1433840479483633,6053198.900999998,0.681113606442477
15673,2726.23,623,0.14361456892577223,6055925.130999998,0.6814203652947237
12380,2724.81,624,0.14384508990318118,6058649.940999998,0.6817269643667719
17838,2720.8,625,0.14407561088059012,6061370.740999998,0.6820331122285418
14125,2720.63,626,0.14430613185799906,6064091.3709999975,0.6823392409616963
14808,2718.6,627,0.14453665283540804,6066809.970999997,0.68264514127668
15356,2718.03,628,0.14476717381281698,6069528.000999997,0.6829509774545417
12708,2712.91,629,0.14499769479022592,6072240.9109999975,0.6832562375235193
16938,2711.6800000000003,630,0.14522821576763487,6074952.590999997,0.683561359191339
15696,2711.11,631,0.1454587367450438,6077663.700999998,0.6838664167220369
17069,2709.7,632,0.14568925772245275,6080373.400999998,0.6841713155977491
13285,2709.12,633,0.1459197786998617,6083082.520999998,0.6844761492111268
15796,2708.61,634,0.14615029967727064,6085791.130999998,0.6847809254386585
13654,2707.33,635,0.14638082065467958,6088498.460999998,0.6850855576389693
14107,2703.23,636,0.14661134163208853,6091201.690999999,0.6853897285020876
14732,2702.49,637,0.14684186260949747,6093904.180999999,0.6856938160994687
17386,2686.42,638,0.1470723835869064,6096590.600999999,0.6859960954800978
12625,2683.8199999999997,639,0.14730290456431536,6099274.420999999,0.6862980823054341
13883,2674.48,640,0.1475334255417243,6101948.901,0.6865990181821419
18097,2662.4,641,0.14776394651913324,6104611.301,0.6868985948019508
14713,2662.2,642,0.1479944674965422,6107273.501,0.6871981489175064
12360,2662.06,643,0.14822498847395113,6109935.561,0.6874976872800846
14439,2661.24,644,0.14845550945136007,6112596.801,0.6877971333752244
15671,2657.13,645,0.14868603042876902,6115253.931,0.6880961170079591
12721,2656.13,646,0.14891655140617796,6117910.061,0.6883949881194273
13851,2651.46,647,0.1491470723835869,6120561.521,0.6886933337565811
16618,2647.59,648,0.14937759336099585,6123209.111,0.6889912439364339
13658,2639.17,649,0.1496081143384048,6125848.2809999995,0.689288206687223
17655,2638.94,650,0.14983863531581373,6128487.221,0.689585143558121
13771,2634.45,651,0.15006915629322268,6131121.671,0.6898815752085324
12520,2634.26,652,0.15029967727063162,6133755.931,0.6901779854799033
17402,2633.85,653,0.15053019824804056,6136389.7809999995,0.6904743496175548
18260,2628.35,654,0.1507607192254495,6139018.130999999,0.6907700948882409
15752,2626.6,655,0.15099124020285845,6141644.730999999,0.6910656432467106
13422,2626.3,656,0.1512217611802674,6144271.030999999,0.6913611578488005
13644,2624.26,657,0.15145228215767634,6146895.290999998,0.6916564429075068
17346,2622.88,658,0.15168280313508528,6149518.170999998,0.6919515726868654
18210,2621.38,659,0.15191332411249422,6152139.550999998,0.6922465336843243
16255,2619.91,660,0.15214384508990317,6154759.460999998,0.6925413292755215
14262,2618.23,661,0.15237436606731214,6157377.690999999,0.6928359358309911
13021,2616.38,662,0.15260488704472108,6159994.070999999,0.6931303342221178
15782,2614.7400000000002,663,0.15283540802213003,6162608.810999999,0.6934245480783675
14397,2612.96,664,0.15306592899953897,6165221.770999999,0.6937185616467628
18075,2611.75,665,0.1532964499769479,6167833.520999999,0.6940124390644258
12836,2610.36,666,0.15352697095435686,6170443.880999999,0.6943061600775284
12726,2609.1,667,0.1537574919317658,6173052.980999999,0.6945997393138352
13136,2607.61,668,0.15398801290917474,6175660.590999999,0.694893150893455
13983,2603.43,669,0.1542185338865837,6178264.020999999,0.6951860921341811
17317,2600.34,670,0.15444905486399263,6180864.360999999,0.6954786856841938
17965,2599.19,671,0.15467957584140157,6183463.550999999,0.6957711498347502
12600,2599.04,672,0.15491009681881052,6186062.590999999,0.6960635971071165
14408,2599.03,673,0.15514061779621946,6188661.620999999,0.6963560432542701
13895,2593.07,674,0.1553711387736284,6191254.691,0.6966478187746757
16919,2592.25,675,0.15560165975103735,6193846.941,0.6969395020276429
16241,2590.31,676,0.1558321807284463,6196437.250999999,0.697230966989353
14243,2588.77,677,0.15606270170585523,6199026.020999999,0.6975222586683127
13804,2588.39,678,0.15629322268326418,6201614.410999998,0.6978135075891914
18077,2584.41,679,0.15652374366067312,6204198.820999999,0.6981043086754294
13911,2580.91,680,0.15675426463808206,6206779.730999999,0.6983947159372349
14546,2573.93,681,0.156984785615491,6209353.660999998,0.6986843378006006
18245,2567.06,682,0.15721530659289995,6211920.720999998,0.6989731866428656
15485,2564.5,683,0.1574458275703089,6214485.220999998,0.6992617474306886
16308,2560.0,684,0.15767634854771784,6217045.220999998,0.6995498018728125
15033,2557.18,685,0.15790686952512678,6219602.400999998,0.699837539004965
16912,2555.58,686,0.15813739050253572,6222157.980999998,0.7001250961030913
14334,2552.21,687,0.15836791147994467,6224710.190999998,0.7004122740045494
14676,2548.24,688,0.1585984324573536,6227258.430999998,0.7006990051965799
14776,2538.3,689,0.15882895343476255,6229796.730999998,0.7009846179272218
17700,2534.6400000000003,690,0.1590594744121715,6232331.3709999975,0.7012698188300284
15572,2533.42,691,0.15928999538958044,6234864.790999997,0.7015548824568899
14659,2529.93,692,0.15952051636698938,6237394.720999997,0.7018395533845315
17314,2527.92,693,0.15975103734439833,6239922.640999997,0.7021239981444276
14701,2526.09,694,0.15998155832180727,6242448.730999997,0.702408236990406
13394,2520.02,695,0.16021207929921624,6244968.750999996,0.702691792832297
17449,2519.21,696,0.16044260027662519,6247487.960999996,0.7029752575319622
15245,2515.84,697,0.16067312125403413,6250003.800999996,0.7032583430349595
13344,2511.69,698,0.16090364223144307,6252515.490999997,0.7035409615747011
12352,2506.04,699,0.16113416320885202,6255021.530999997,0.7038229443692872
13695,2504.13,700,0.16136468418626096,6257525.660999997,0.7041047122482542
13471,2501.84,701,0.1615952051636699,6260027.500999996,0.7043862224535211
15932,2495.87,702,0.16182572614107885,6262523.370999997,0.7046670609068273
16477,2494.46,703,0.1620562471184878,6265017.8309999965,0.7049477407051479
15271,2493.34,704,0.16228676809589673,6267511.170999996,0.7052282944796499
12483,2484.98,705,0.16251728907330568,6269996.150999997,0.7055079075763644
12913,2483.63,706,0.16274781005071462,6272479.780999997,0.7057873687693692
12517,2481.6,707,0.16297833102812356,6274961.380999996,0.7060666015442031
14315,2481.13,708,0.1632088520055325,6277442.510999996,0.7063457814340417
13507,2479.1600000000003,709,0.16343937298294145,6279921.670999996,0.7066247396569855
13588,2478.95,710,0.1636698939603504,6282400.620999997,0.7069036742504632
17682,2474.33,711,0.16390041493775934,6284874.950999997,0.70718208899569
17188,2474.23,712,0.16413093591516828,6287349.180999997,0.7074604924887902
14766,2473.37,713,0.16436145689257722,6289822.550999997,0.7077387992136012
16710,2467.9900000000002,714,0.16459197786998617,6292290.540999997,0.7080165005739986
17164,2467.35,715,0.1648224988473951,6294757.890999997,0.7082941299207854
12455,2466.86,716,0.16505301982480405,6297224.750999997,0.7085717041321519
17131,2463.17,717,0.165283540802213,6299687.920999997,0.7088488631400449
15750,2463.05,718,0.16551406177962194,6302150.970999997,0.7091260086453861
13784,2462.79,719,0.16574458275703088,6304613.760999997,0.709403124895198
13975,2461.24,720,0.16597510373443983,6307075.000999997,0.7096800667370469
15674,2446.6000000000004,721,0.16620562471184877,6309521.600999997,0.7099553612675548
14163,2445.91,722,0.16643614568925771,6311967.510999997,0.710230578158389
14502,2429.83,723,0.16666666666666666,6314397.340999997,0.7105039857072585
17071,2429.03,724,0.1668971876440756,6316826.3709999975,0.7107773032391148
15527,2428.53,725,0.16712770862148454,6319254.900999998,0.711050564510338
13949,2427.32,726,0.1673582295988935,6321682.220999998,0.7113236896308288
16143,2424.94,727,0.16758875057630243,6324107.160999998,0.7115965469507054
17722,2424.04,728,0.16781927155371137,6326531.2009999985,0.7118693030014421
15089,2420.84,729,0.16804979253112035,6328952.040999998,0.7121416989841263
15373,2415.91,730,0.1682803135085293,6331367.9509999985,0.7124135402369667
12397,2409.8999999999996,731,0.16851083448593823,6333777.850999999,0.7126847052369959
17589,2404.17,732,0.16874135546334718,6336182.020999999,0.7129552254901681
15980,2398.8599999999997,733,0.16897187644075612,6338580.880999999,0.7132251482554156
18065,2392.83,734,0.16920239741816506,6340973.710999999,0.7134943925174263
13141,2388.75,735,0.169432918395574,6343362.460999999,0.71376317769267
15370,2386.05,736,0.16966343937298295,6345748.510999999,0.714031659060494
14493,2383.24,737,0.1698939603503919,6348131.750999999,0.7142998242435594
14239,2380.85,738,0.17012448132780084,6350512.600999999,0.714567720500798
15270,2379.49,739,0.17035500230520978,6352892.090999999,0.7148354637291142
13722,2375.41,740,0.17058552328261872,6355267.500999999,0.7151027478706633
17434,2373.82,741,0.17081604426002767,6357641.3209999995,0.7153698531033987
13908,2369.55,742,0.1710465652374366,6360010.870999999,0.7156364778703264
17530,2367.12,743,0.17127708621484555,6362377.990999999,0.7159028292105765
15755,2364.25,744,0.1715076071922545,6364742.240999999,0.716168857614792
12457,2363.23,745,0.17173812816966344,6367105.471,0.7164347712473156
14930,2362.96,746,0.17196864914707238,6369468.431,0.7167006544990974
14030,2358.84,747,0.17219917012448133,6371827.271,0.7169660741632612
17634,2358.59,748,0.17242969110189027,6374185.861,0.7172314656971085
14440,2357.6800000000003,749,0.1726602120792992,6376543.540999999,0.7174967548366032
15140,2354.25,750,0.17289073305670816,6378897.790999999,0.7177616580281542
14309,2352.53,751,0.1731212540341171,6381250.3209999995,0.7180263676831268
12704,2340.84,752,0.17335177501152604,6383591.160999999,0.7182897619644945
18259,2338.6000000000004,753,0.173582295988935,6385929.760999999,0.7185529041982254
12584,2338.15,754,0.17381281696634393,6388267.910999999,0.7188159957973863
18257,2337.63,755,0.17404333794375287,6390605.540999999,0.7190790288854887
15281,2332.15,756,0.17427385892116182,6392937.691,0.719341445357051
12782,2330.92,757,0.17450437989857076,6395268.611,0.7196037234274555
15785,2328.9700000000003,758,0.1747349008759797,6397597.580999999,0.7198657820813904
17313,2328.84,759,0.17496542185338865,6399926.420999999,0.7201278261075607
17744,2322.4,760,0.1751959428307976,6402248.8209999995,0.720389145496775
17211,2317.2200000000003,761,0.17542646380820653,6404566.040999999,0.720649882025829
14290,2314.65,762,0.17565698478561548,6406880.691,0.7209103293752284
15365,2314.32,763,0.17588750576302445,6409195.011,0.7211707395926097
17954,2314.13,764,0.1761180267404334,6411509.141,0.7214311284309505
13704,2308.06,765,0.17634854771784234,6413817.200999999,0.7216908342652038
15288,2306.52,766,0.17657906869525128,6416123.720999999,0.7219503668167067
16550,2298.9700000000003,767,0.17680958967266022,6418422.690999999,0.7222090498326479
15105,2298.93,768,0.17704011065006917,6420721.620999998,0.7224677283477385
13115,2294.78,769,0.1772706316274781,6423016.400999999,0.7227259398995733
15704,2293.62,770,0.17750115260488705,6425310.020999999,0.7229840209267391
12615,2291.19,771,0.177731673582296,6427601.210999999,0.7232418285272274
17696,2285.71,772,0.17796219455970494,6429886.920999999,0.7234990195111755
12684,2283.63,773,0.17819271553711388,6432170.550999999,0.7237559764508893
14554,2279.49,774,0.17842323651452283,6434450.040999999,0.7240124675525601
13994,2274.14,775,0.17865375749193177,6436724.180999999,0.7242683566654552
13317,2273.6800000000003,776,0.1788842784693407,6438997.860999999,0.7245241940185678
14466,2272.4,777,0.17911479944674966,6441270.260999999,0.7247798873444594
16782,2267.95,778,0.1793453204241586,6443538.210999999,0.7250350799507154
16057,2263.12,779,0.17957584140156754,6445801.330999999,0.7252897290792542
16209,2262.62,780,0.1798063623789765,6448063.950999999,0.7255443219471599
16293,2248.9900000000002,781,0.18003688335638543,6450312.941,0.7257973811502038
13700,2248.63,782,0.18026740433379437,6452561.5709999995,0.7260503998455917
17442,2248.56,783,0.18049792531120332,6454810.130999999,0.7263034106644909
14432,2248.5,784,0.18072844628861226,6457058.630999999,0.7265564147321142
15235,2247.51,785,0.1809589672660212,6459306.140999999,0.7268093074036838
16735,2247.41,786,0.18118948824343015,6461553.550999999,0.7270621888231266
16771,2242.61,787,0.1814200092208391,6463796.160999999,0.7273145301404905
13527,2242.36,788,0.18165053019824803,6466038.521,0.7275668433275378
14211,2241.1,789,0.18188105117565698,6468279.620999999,0.7278190147377893
14560,2237.77,790,0.18211157215306592,6470517.390999999,0.7280708114522235
16076,2234.73,791,0.18234209313047486,6472752.120999999,0.7283222661020078
18242,2232.49,792,0.1825726141078838,6474984.611,0.7285734687041552
12783,2225.91,793,0.18280313508529275,6477210.521,0.7288239309163693
13365,2225.37,794,0.1830336560627017,6479435.891,0.7290743323670995
15834,2225.15,795,0.18326417704011064,6481661.041,0.7293247090631512
15665,2222.21,796,0.18349469801751958,6483883.251,0.7295747549466793
14825,2221.01,797,0.18372521899492855,6486104.261,0.7298246658046877
15811,2218.62,798,0.1839557399723375,6488322.881,0.7300743077368694
12876,2218.02,799,0.18418626094974644,6490540.901,0.7303238821562912
14226,2214.79,800,0.18441678192715538,6492755.691,0.7305730931320222
16743,2213.13,801,0.18464730290456433,6494968.8209999995,0.7308221173224511
15722,2211.21,802,0.18487782388197327,6497180.0309999995,0.7310709254720483
12653,2209.85,803,0.1851083448593822,6499389.880999999,0.7313195805927231
13862,2209.36,804,0.18533886583679116,6501599.240999999,0.7315681805779773
15797,2207.4,805,0.1855693868142001,6503806.641,0.7318165600215494
15179,2206.95,806,0.18579990779160904,6506013.591,0.7320648888305515
17591,2203.67,807,0.18603042876901799,6508217.261,0.7323128485697997
15123,2199.31,808,0.18626094974642693,6510416.5709999995,0.732560317716326
13831,2198.45,809,0.18649147072383587,6512615.021,0.7328076900945634
14700,2195.1,810,0.18672199170124482,6514810.120999999,0.733054685526558
16628,2188.05,811,0.18695251267865376,6516998.170999999,0.733300887683624
17406,2184.42,812,0.1871830336560627,6519182.590999999,0.7335466813884929
15394,2183.54,813,0.18741355463347165,6521366.130999999,0.7337923760746473
12909,2178.67,814,0.1876440756108806,6523544.800999999,0.7340375227822341
12856,2170.78,815,0.18787459658828953,6525715.580999999,0.7342817816970285
12501,2169.39,816,0.18810511756569848,6527884.970999999,0.7345258842072626
14341,2166.98,817,0.18833563854310742,6530051.950999999,0.7347697155412446
12633,2163.98,818,0.18856615952051636,6532215.931,0.7350132093114271
12935,2160.7,819,0.1887966804979253,6534376.631,0.7352563340118557
16456,2158.18,820,0.18902720147533425,6536534.811,0.7354991751586928
14407,2157.73,821,0.1892577224527432,6538692.541,0.7357419656709601
16379,2157.4,822,0.18948824343015214,6540849.941000001,0.7359847190512094
13224,2155.95,823,0.18971876440756108,6543005.891000001,0.7362273092756224
16966,2154.97,824,0.18994928538497002,6545160.8610000005,0.7364697892291941
17272,2148.63,825,0.19017980636237897,6547309.491,0.7367115557979366
14828,2139.76,826,0.1904103273397879,6549449.251,0.7369523243030456
12560,2134.01,827,0.19064084831719685,6551583.261,0.7371924458108725
13517,2128.42,828,0.1908713692946058,6553711.681,0.7374319383248199
18061,2119.41,829,0.19110189027201474,6555831.091,0.7376704170221566
13632,2118.93,830,0.19133241124942368,6557950.021,0.7379088417092854
14360,2118.0299999999997,831,0.19156293222683266,6560068.051,0.7381471651272743
18008,2116.19,832,0.1917934532042416,6562184.241,0.738385281506133
14691,2114.33,833,0.19202397418165054,6564298.571,0.7386231885954362
13755,2108.06,834,0.19225449515905949,6566406.631,0.7388603901763985
14640,2107.38,835,0.19248501613646843,6568514.011,0.7390975152428997
18173,2106.84,836,0.19271553711387737,6570620.851,0.739334579547917
18093,2106.52,837,0.19294605809128632,6572727.370999999,0.7395716078461291
14461,2103.06,838,0.19317657906869526,6574830.430999999,0.7398082468207592
15058,2102.54,839,0.1934071000461042,6576932.970999999,0.7400448272843307
15815,2100.6,840,0.19363762102351315,6579033.570999999,0.7402811894566453
13126,2099.64,841,0.1938681420009221,6581133.210999998,0.7405174436085442
12610,2099.54,842,0.19409866297833103,6583232.750999998,0.7407536865083164
17861,2097.88,843,0.19432918395573998,6585330.630999998,0.7409897426227863
17400,2097.84,844,0.19455970493314892,6587428.470999998,0.7412257942364056
16875,2095.53,845,0.19479022591055786,6589524.000999998,0.7414615859258993
17191,2093.68,846,0.1950207468879668,6591617.680999998,0.74169716945105
14306,2093.32,847,0.19525126786537575,6593711.000999998,0.741932712468545
13265,2092.6600000000003,848,0.1954817888427847,6595803.660999998,0.742168181222004
17490,2092.32,849,0.19571230982019364,6597895.980999999,0.7424036117182324
13297,2089.85,850,0.19594283079760258,6599985.830999998,0.7426387642869327
13571,2088.94,851,0.19617335177501152,6602074.770999999,0.7428738144612805
18044,2088.6,852,0.19640387275242047,6604163.370999998,0.7431088263783977
14810,2085.33,853,0.1966343937298294,6606248.7009999985,0.7433434703509736
16954,2085.08,854,0.19686491470723835,6608333.780999999,0.7435780861932328
17768,2081.9,855,0.1970954356846473,6610415.680999999,0.7438123442178649
16407,2079.68,856,0.19732595666205624,6612495.360999999,0.7440463524452853
14696,2078.95,857,0.19755647763946518,6614574.310999999,0.7442802785321811
14515,2076.89,858,0.19778699861687413,6616651.2009999985,0.7445139728252682
14209,2073.4300000000003,859,0.19801751959428307,6618724.630999998,0.7447472777947732
18241,2073.09,860,0.198248040571692,6620797.720999998,0.7449805445070476
18231,2071.77,861,0.19847856154910096,6622869.490999998,0.7452136626912504
18219,2069.77,862,0.1987090825265099,6624939.260999997,0.7454465558329202
12948,2064.95,863,0.19893960350391884,6627004.210999997,0.7456789066220858
12928,2062.7,864,0.1991701244813278,6629066.9109999975,0.7459110042384018
16281,2062.06,865,0.19940064545873676,6631128.970999997,0.7461430298411073
14409,2059.4500000000003,866,0.1996311664361457,6633188.420999997,0.7463747617633074
12518,2056.89,867,0.19986168741355465,6635245.310999997,0.7466062056310653
17667,2055.51,868,0.2000922083909636,6637300.820999997,0.7468374942194754
14188,2054.36,869,0.20032272936837253,6639355.180999997,0.7470686534084293
16150,2053.02,870,0.20055325034578148,6641408.200999997,0.747299661818886
17086,2050.08,871,0.20078377132319042,6643458.280999997,0.7475303394168193
17612,2048.45,872,0.20101429230059936,6645506.730999997,0.7477608336050884
14232,2048.07,873,0.2012448132780083,6647554.800999997,0.7479912850352762
18283,2045.53,874,0.20147533425541725,6649600.330999997,0.7482214506614473
13495,2044.87,875,0.2017058552328262,6651645.200999998,0.7484515420235824
17597,2044.3700000000001,876,0.20193637621023514,6653689.570999998,0.7486815771250843
13450,2043.72,877,0.20216689718764408,6655733.290999997,0.7489115390877631
14001,2043.0800000000002,878,0.20239741816505302,6657776.3709999975,0.7491414290368312
12585,2040.1,879,0.20262793914246197,6659816.470999997,0.7493709836725254
17846,2033.1,880,0.2028584601198709,6661849.570999997,0.7495997506593542
13630,2031.78,881,0.20308898109727985,6663881.350999997,0.7498283691181116
16358,2027.5,882,0.2033195020746888,6665908.850999997,0.7500565059858484
16409,2022.98,883,0.20355002305209774,6667931.830999997,0.7502841342574609
14482,2022.81,884,0.20378054402950668,6669954.640999997,0.750511743400458
15341,2020.52,885,0.20401106500691563,6671975.160999997,0.7507390948697549
17625,2020.4,886,0.20424158598432457,6673995.560999997,0.7509664328365
13593,2011.88,887,0.2044721069617335,6676007.440999997,0.7511928121220547
18069,2009.24,888,0.20470262793914246,6678016.680999997,0.7514188943514661
15372,2007.3999999999999,889,0.2049331489165514,6680024.080999997,0.7516447695417473
16098,2005.63,890,0.20516366989396034,6682029.710999997,0.7518704455693866
14217,2004.98,891,0.2053941908713693,6684034.690999998,0.752096048458203
14544,2004.3,892,0.20562471184877823,6686038.990999998,0.7523215748325581
17082,2003.8500000000001,893,0.20585523282618717,6688042.840999997,0.7525470505723432
16754,2002.4,894,0.20608575380359612,6690045.240999998,0.752772363156292
18188,2001.04,895,0.20631627478100506,6692046.280999998,0.7529975227113185
13305,2000.86,896,0.206546795758414,6694047.140999998,0.753222662012517
16698,1998.0,897,0.20677731673582295,6696045.140999998,0.7534474795028934
17679,1992.1100000000001,898,0.2070078377132319,6698037.250999998,0.7536716342430104
17088,1991.01,899,0.20723835869064086,6700028.260999998,0.7538956652097343
17827,1987.33,900,0.2074688796680498,6702015.590999998,0.7541192820981977
13590,1981.92,901,0.20769940064545875,6703997.510999998,0.7543422902466095
17337,1981.06,902,0.2079299216228677,6705978.570999998,0.7545652016267321
14462,1980.5700000000002,903,0.20816044260027664,6707959.140999998,0.7547880578714342
13725,1980.56,904,0.20839096357768558,6709939.700999998,0.7550109129909236
17422,1979.37,905,0.20862148455509452,6711919.070999998,0.755233634210106
18204,1975.35,906,0.20885200553250347,6713894.420999997,0.7554559030937972
17090,1974.65,907,0.2090825265099124,6715869.070999998,0.7556780932126019
15531,1972.3899999999999,908,0.20931304748732135,6717841.460999997,0.7559000290333444
16341,1971.87,909,0.2095435684647303,6719813.330999997,0.7561219063430283
12674,1970.6,910,0.20977408944213924,6721783.930999997,0.7563436407507038
17790,1964.3000000000002,911,0.21000461041954818,6723748.230999997,0.7565646662744008
17997,1962.46,912,0.21023513139695713,6725710.690999997,0.7567854847589673
13246,1961.52,913,0.21046565237436607,6727672.210999996,0.7570061974735435
14506,1960.65,914,0.210696173351775,6729632.860999997,0.7572268122946177
14498,1957.32,915,0.21092669432918396,6731590.180999997,0.7574470524198749
12853,1957.1,916,0.2111572153065929,6733547.280999997,0.7576672677904532
15493,1953.4099999999999,917,0.21138773628400184,6735500.690999997,0.7578870679575584
17554,1952.45,918,0.21161825726141079,6737453.140999997,0.7581067601042478
17218,1951.97,919,0.21184877823881973,6739405.110999997,0.7583263982407293
14533,1949.72,920,0.21207929921622867,6741354.8309999965,0.7585457832043613
15814,1945.33,921,0.21230982019363762,6743300.160999997,0.7587646741996336
14418,1937.25,922,0.21254034117104656,6745237.410999997,0.7589826560230728
15864,1936.32,923,0.2127708621484555,6747173.730999997,0.7592005332017344
15157,1936.0700000000002,924,0.21300138312586445,6749109.800999997,0.7594183822500793
15351,1934.6600000000003,925,0.2132319041032734,6751044.460999997,0.7596360726434385
12528,1933.48,926,0.21346242508068233,6752977.940999998,0.7598536302617033
14655,1932.23,927,0.21369294605809128,6754910.170999998,0.760071047228385
13094,1927.3200000000002,928,0.21392346703550022,6756837.4909999985,0.7602879117156485
14653,1926.6499999999999,929,0.21415398801290916,6758764.140999999,0.7605047008136634
15518,1921.55,930,0.2143845089903181,6760685.690999999,0.7607209160532192
14978,1921.3700000000001,931,0.21461502996772705,6762607.060999999,0.7609371110389472
14285,1910.0100000000002,932,0.21484555094513602,6764517.070999999,0.7611520277830883
17228,1906.09,933,0.21507607192254496,6766423.160999998,0.7613665034438649
16983,1905.87,934,0.2153065928999539,6768329.030999999,0.7615809543499629
14210,1905.8400000000001,935,0.21553711387736285,6770234.870999998,0.7617954018804227
15819,1905.45,936,0.2157676348547718,6772140.320999999,0.7620098055275888
16942,1904.9899999999998,937,0.21599815583218074,6774045.310999999,0.7622241574149723
14250,1904.05,938,0.21622867680958968,6775949.360999999,0.7624384035323652
12762,1898.52,939,0.21645919778699863,6777847.880999998,0.7626520274071548
14730,1897.57,940,0.21668971876440757,6779745.4509999985,0.7628655443867411
14934,1890.94,941,0.2169202397418165,6781636.390999999,0.763078315350331
12371,1887.96,942,0.21715076071922546,6783524.350999999,0.7632907510005467
15641,1887.2000000000003,943,0.2173812816966344,6785411.550999999,0.7635031011346
16170,1885.05,944,0.21761180267404334,6787296.600999999,0.7637152093479302
13890,1883.81,945,0.21784232365145229,6789180.410999998,0.7639271780348902
16128,1880.22,946,0.21807284462886123,6791060.630999998,0.7641387427705035
17738,1879.05,947,0.21830336560627017,6792939.680999998,0.7643501758562351
17368,1878.87,948,0.21853388658367912,6794818.550999998,0.7645615886881388
15367,1877.5900000000001,949,0.21876440756108806,6796696.140999998,0.7647728574928214
17463,1875.8600000000001,950,0.218994928538497,6798572.000999998,0.7649839316357131
16986,1873.2,951,0.21922544951590595,6800445.2009999985,0.765194706472036
13982,1871.81,952,0.2194559704933149,6802317.010999998,0.7654053249037984
15021,1871.77,953,0.21968649147072383,6804188.780999998,0.7656159388347102
17469,1870.97,954,0.21991701244813278,6806059.750999997,0.7658264627486089
16841,1869.82,955,0.22014753342554172,6807929.570999998,0.7660368572630512
17870,1865.89,956,0.22037805440295066,6809795.460999997,0.7662468095689162
16426,1863.76,957,0.2206085753803596,6811659.220999997,0.7664565222044837
16201,1863.4699999999998,958,0.22083909635776855,6813522.690999997,0.7666662022088839
14887,1862.0,959,0.2210696173351775,6815384.690999997,0.7668757168070225
12423,1859.31,960,0.22130013831258644,6817244.000999996,0.7670849287229543
14305,1858.96,961,0.22153065928999538,6819102.960999996,0.7672941012564428
12963,1856.63,962,0.22176118026740432,6820959.590999996,0.7675030116153806
17293,1854.06,963,0.22199170124481327,6822813.650999996,0.7677116327946635
14472,1852.67,964,0.2222222222222222,6824666.320999996,0.767920097569386
16979,1852.0,965,0.22245274319963115,6826518.320999996,0.76812848695486
12383,1850.56,966,0.22268326417704012,6828368.880999995,0.7683367143097103
17873,1848.96,967,0.22291378515444907,6830217.840999995,0.7685447616305343
12381,1845.31,968,0.223144306131858,6832063.150999995,0.7687523982487358
17519,1844.02,969,0.22337482710926695,6833907.1709999945,0.7689598897145034
14524,1843.83,970,0.2236053480866759,6835751.000999995,0.7691673598012305
18180,1843.75,971,0.22383586906408484,6837594.750999995,0.7693748208862563
12950,1843.0,972,0.22406639004149378,6839437.750999995,0.7695821975803322
16102,1842.14,973,0.22429691101890273,6841279.890999994,0.7697894775061189
16455,1841.1799999999998,974,0.22452743199631167,6843121.070999994,0.7699966494114899
14113,1840.42,975,0.22475795297372061,6844961.490999994,0.7702037358006983
14216,1839.3,976,0.22498847395112956,6846800.790999994,0.7704106961660884
13924,1838.85,977,0.2252189949285385,6848639.640999993,0.7706176058969085
17015,1838.61,978,0.22544951590594745,6850478.250999994,0.7708244886226248
14459,1837.92,979,0.2256800368833564,6852316.170999994,0.7710312937086671
18287,1837.28,980,0.22591055786076533,6854153.450999994,0.771238026781099
13650,1836.34,981,0.22614107883817428,6855989.790999994,0.7714446540835403
15827,1836.0900000000001,982,0.22637159981558322,6857825.8809999935,0.771651253255665
14665,1835.6999999999998,983,0.22660212079299216,6859661.580999994,0.7718578085444958
13421,1833.71,984,0.2268326417704011,6861495.290999994,0.7720641399160064
16152,1829.04,985,0.22706316274781005,6863324.330999994,0.7722699458132026
15203,1827.8,986,0.227293683725219,6865152.1309999935,0.7724756121840285
17702,1824.37,987,0.22752420470262794,6866976.500999994,0.7726808926069104
16153,1824.23,988,0.22775472568003688,6868800.730999994,0.772886157276815
17705,1823.52,989,0.22798524665744582,6870624.250999994,0.7730913420566203
16169,1822.97,990,0.22821576763485477,6872447.220999993,0.7732964649497291
17828,1820.09,991,0.2284462886122637,6874267.310999993,0.7735012637815907
13048,1819.41,992,0.22867680958967265,6876086.720999993,0.7737059860989909
17787,1817.54,993,0.2289073305670816,6877904.260999993,0.7739104980016229
17629,1814.12,994,0.22913785154449054,6879718.3809999935,0.7741146250815236
15260,1810.77,995,0.22936837252189948,6881529.150999993,0.7743183752151818
16474,1810.65,996,0.22959889349930843,6883339.800999993,0.7745221118462879
13481,1804.56,997,0.22982941447671737,6885144.360999993,0.7747251632228813
17663,1802.91,998,0.2300599354541263,6886947.270999993,0.7749280289393851
15812,1801.14,999,0.23029045643153526,6888748.410999993,0.7751306954932472
16249,1800.0700000000002,1000,0.23052097740894423,6890548.480999993,0.7753332416493542
13562,1799.33,1001,0.23075149838635317,6892347.810999993,0.7755357045397241
13196,1797.78,1002,0.23098201936376211,6894145.5909999935,0.775737993022131
17648,1797.5,1003,0.23121254034117106,6895943.0909999935,0.7759402499985832
12348,1797.24,1004,0.23144306131858,6897740.330999994,0.7761424777195063
18235,1796.48,1005,0.23167358229598894,6899536.810999994,0.7763446199242667
13134,1793.58,1006,0.2319041032733979,6901330.390999994,0.7765464358173545
18179,1793.17,1007,0.23213462425080683,6903123.560999994,0.776748205576723
18122,1793.06,1008,0.23236514522821577,6904916.620999994,0.7769499629587522
13510,1791.56,1009,0.23259566620562472,6906708.180999993,0.7771515515588816
12523,1789.77,1010,0.23282618718303366,6908497.950999993,0.7773529387459441
14215,1789.72,1011,0.2330567081604426,6910287.670999993,0.7775543203069434
14621,1788.3600000000001,1012,0.23328722913785155,6912076.030999993,0.7777555488390202
13875,1786.79,1013,0.2335177501152605,6913862.820999993,0.7779566007127088
14608,1785.15,1014,0.23374827109266944,6915647.970999993,0.7781574680515203
14935,1784.71,1015,0.23397879207007838,6917432.680999993,0.7783582858809747
15220,1778.96,1016,0.23420931304748732,6919211.640999993,0.7785584567131468
12645,1775.18,1017,0.23443983402489627,6920986.820999993,0.7787582022149317
17092,1774.03,1018,0.2346703550023052,6922760.850999993,0.7789578183172603
15594,1771.78,1019,0.23490087597971415,6924532.6309999935,0.7791571812467394
15473,1771.2,1020,0.2351313969571231,6926303.830999994,0.7793564789138839
16681,1770.34,1021,0.23536191793453204,6928074.170999994,0.7795556798127392
16719,1770.22,1022,0.23559243891194098,6929844.390999993,0.7797548672090426
13456,1766.72,1023,0.23582295988934993,6931611.110999993,0.7799536607809133
16751,1764.72,1024,0.23605348086675887,6933375.830999993,0.7801522293102512
12424,1760.96,1025,0.2362840018441678,6935136.790999993,0.7803503747596272
12823,1759.5,1026,0.23651452282157676,6936896.290999993,0.7805483559279541
12349,1757.55,1027,0.2367450437989857,6938653.840999993,0.7807461176798115
15241,1756.44,1028,0.23697556477639464,6940410.280999993,0.7809437545330632
16359,1750.92,1029,0.23720608575380359,6942161.200999993,0.7811407702689239
13808,1747.6599999999999,1030,0.23743660673121253,6943908.860999993,0.7813374191854562
15067,1744.7599999999998,1031,0.23766712770862147,6945653.620999993,0.7815337417903155
15950,1744.71,1032,0.23789764868603042,6947398.330999993,0.7817300587691116
16380,1743.15,1033,0.23812816966343936,6949141.480999993,0.7819262002147321
13157,1741.22,1034,0.23835869064084833,6950882.700999993,0.7821221244943083
14595,1740.6,1035,0.23858921161825727,6952623.3009999925,0.7823179790106992
17930,1740.48,1036,0.23881973259566622,6954363.780999993,0.7825138200245383
17353,1740.0,1037,0.23905025357307516,6956103.780999993,0.7827096070281694
17457,1737.6999999999998,1038,0.2392807745504841,6957841.480999993,0.7829051352328876
15050,1737.69,1039,0.23951129552789305,6959579.170999994,0.7831006623123933
14673,1736.4,1040,0.239741816505302,6961315.570999994,0.7832960442394652
17043,1735.18,1041,0.23997233748271093,6963050.750999994,0.783491288890592
14387,1727.6,1042,0.24020285846011988,6964778.350999993,0.783685680630519
13564,1724.67,1043,0.24043337943752882,6966503.020999993,0.7838797426831354
17451,1721.4,1044,0.24066390041493776,6968224.420999994,0.7840734367912104
14834,1720.3,1045,0.2408944213923467,6969944.720999993,0.7842670071258924
15267,1717.36,1046,0.24112494236975565,6971662.080999994,0.784460246648051
17162,1715.46,1047,0.2413554633471646,6973377.540999994,0.7846532723798033
13763,1714.96,1048,0.24158598432457354,6975092.500999994,0.7848462418509224
17147,1714.5900000000001,1049,0.24181650530198248,6976807.0909999935,0.7850391696891729
14441,1712.89,1050,0.24204702627939143,6978519.980999993,0.7852319062412704
17750,1710.45,1051,0.24227754725680037,6980230.430999993,0.7854243682414778
12405,1710.39,1052,0.2425080682342093,6981940.820999993,0.7856168234904091
15947,1708.24,1053,0.24273858921161826,6983649.060999993,0.7858090368186177
12407,1708.12,1054,0.2429691101890272,6985357.180999993,0.7860012366442742
16902,1706.88,1055,0.24319963116643614,6987064.060999993,0.7861932969435603
15240,1706.57,1056,0.24343015214384509,6988770.6309999935,0.7863853223612539
16398,1705.8000000000002,1057,0.24366067312125403,6990476.430999993,0.7865772611375722
16791,1705.78,1058,0.24389119409866297,6992182.210999994,0.7867691976634653
12843,1702.26,1059,0.24412171507607192,6993884.470999993,0.7869607381145004
17193,1699.3,1060,0.24435223605348086,6995583.770999993,0.7871519455025867
13824,1698.94,1061,0.2445827570308898,6997282.710999994,0.7873431123830172
17813,1698.07,1062,0.24481327800829875,6998980.780999994,0.787534181369946
12764,1693.88,1063,0.2450437989857077,7000674.660999994,0.7877247788927682
16007,1693.81,1064,0.24527431996311663,7002368.470999993,0.7879153685391017
14245,1693.45,1065,0.24550484094052558,7004061.920999994,0.7881059176777794
16671,1692.2700000000002,1066,0.24573536191793452,7005754.190999993,0.7882963340413626
16775,1691.51,1067,0.24596588289534346,7007445.700999993,0.7884866648887833
15380,1690.2600000000002,1068,0.24619640387275243,7009135.960999993,0.7886768550846208
17152,1689.5,1069,0.24642692485016138,7010825.460999993,0.788866959764296
12635,1689.1799999999998,1070,0.24665744582757032,7012514.640999992,0.7890570284371659
13162,1688.29,1071,0.24688796680497926,7014202.930999992,0.7892469969661086
13577,1687.6,1072,0.2471184877823882,7015890.530999992,0.7894368878553775
17282,1685.46,1073,0.24734900875979715,7017575.990999992,0.7896265379491361
15549,1681.46,1074,0.2475795297372061,7019257.450999992,0.789815737957829
16638,1680.72,1075,0.24781005071461504,7020938.170999992,0.7900048547007846
13149,1676.06,1076,0.24804057169202398,7022614.230999991,0.7901934470946386
17656,1674.69,1077,0.24827109266943292,7024288.920999992,0.7903818853343576
13184,1668.95,1078,0.24850161364684187,7025957.870999992,0.7905696777020071
17754,1664.65,1079,0.2487321346242508,7027622.520999992,0.7907569862282109
12912,1662.3,1080,0.24896265560165975,7029284.820999992,0.7909440303294385
12530,1662.2800000000002,1081,0.2491931765790687,7030947.100999992,0.7911310721802407
15214,1661.44,1082,0.24942369755647764,7032608.540999993,0.7913180195131791
15332,1661.06,1083,0.24965421853388658,7034269.600999992,0.7915049240880363
12967,1660.9,1084,0.24988473951129553,7035930.500999993,0.7916918106594909
16115,1660.88,1085,0.25011526048870447,7037591.380999993,0.7918786949805201
14045,1659.75,1086,0.2503457814661134,7039251.130999993,0.7920654521525182
15953,1657.28,1087,0.25057630244352236,7040908.410999993,0.7922519313969882
15826,1654.31,1088,0.2508068234209313,7042562.720999992,0.7924380764532968
16813,1652.18,1089,0.25103734439834025,7044214.900999992,0.7926239818393078
16711,1651.0300000000002,1090,0.2512678653757492,7045865.930999992,0.7928097578258625
14837,1649.5,1091,0.25149838635315813,7047515.430999992,0.7929953616548795
13647,1648.1200000000001,1092,0.2517289073305671,7049163.5509999925,0.7931808102045488
17284,1647.48,1093,0.251959428307976,7050811.030999993,0.7933661867406075
13750,1647.26,1094,0.25218994928538496,7052458.290999993,0.7935515385219876
13012,1646.8400000000001,1095,0.2524204702627939,7054105.130999993,0.7937368430444358
12657,1643.18,1096,0.25265099124020285,7055748.310999992,0.7939217357390487
15002,1641.76,1097,0.2528815122176118,7057390.070999992,0.7941064686534632
14573,1639.82,1098,0.25311203319502074,7059029.890999992,0.794290983276621
13627,1638.47,1099,0.2533425541724297,7060668.360999992,0.794475345996069
15024,1636.43,1100,0.2535730751498386,7062304.790999992,0.7946594791721333
12398,1635.6599999999999,1101,0.25380359612724757,7063940.450999992,0.7948435257068226
15122,1633.78,1102,0.2540341171046565,7065574.230999992,0.7950273607015309
14164,1631.77,1103,0.25426463808206545,7067206.000999992,0.7952109695284936
12377,1628.12,1104,0.2544951590594744,7068834.120999992,0.7953941676528337
14759,1625.97,1105,0.25472568003688334,7070460.090999992,0.795577123856451
13425,1624.21,1106,0.2549562010142923,7072084.300999992,0.7957598820226393
16515,1624.14,1107,0.2551867219917012,7073708.440999991,0.795942632312339
15172,1624.05,1108,0.25541724296911017,7075332.490999991,0.7961253724751246
14937,1621.8799999999999,1109,0.2556477639465191,7076954.370999991,0.796307868466762
17101,1621.73,1110,0.25587828492392806,7078576.100999991,0.7964903475802096
18161,1618.69,1111,0.256108805901337,7080194.790999992,0.7966724846290072
16987,1616.8,1112,0.25633932687874594,7081811.590999992,0.7968544090126111
14336,1614.91,1113,0.2565698478561549,7083426.500999992,0.7970361207310214
16992,1614.31,1114,0.25680036883356383,7085040.810999991,0.7972177649366717
15791,1612.69,1115,0.2570308898109728,7086653.500999992,0.7973992268578706
14312,1611.5900000000001,1116,0.2572614107883817,7088265.090999992,0.7975805650056762
14918,1610.15,1117,0.25749193176579066,7089875.240999992,0.7977617411228582
12868,1607.0600000000002,1118,0.2577224527431996,7091482.300999992,0.7979425695493267
16817,1604.75,1119,0.2579529737206086,7093087.050999992,0.7981231380516699
12947,1603.99,1120,0.25818349469801755,7094691.040999992,0.7983036210378506
15660,1600.8600000000001,1121,0.2584140156754265,7096291.900999992,0.7984837518324672
14178,1600.26,1122,0.25864453665283543,7097892.160999992,0.7986638151143239
16496,1599.52,1123,0.2588750576302444,7099491.6809999915,0.7988437951304433
16466,1595.96,1124,0.2591055786076533,7101087.640999991,0.7990233745708544
13850,1595.48,1125,0.25933609958506226,7102683.120999992,0.7992029000010575
17673,1594.97,1126,0.2595666205624712,7104278.090999992,0.7993823680454146
16801,1594.23,1127,0.25979714153988015,7105872.320999992,0.7995617528240347
16676,1592.12,1128,0.2600276625172891,7107464.440999992,0.7997409001827825
14970,1592.06,1129,0.26025818349469804,7109056.500999992,0.7999200407902542
15611,1591.45,1130,0.260488704472107,7110647.950999992,0.8000991127597535
18178,1590.81,1131,0.2607192254495159,7112238.760999992,0.8002781127156423
14442,1589.8200000000002,1132,0.26094974642692487,7113828.580999992,0.8004570012754773
13614,1585.46,1133,0.2611802674043338,7115414.040999992,0.8006353992425904
16332,1582.8,1134,0.26141078838174275,7116996.840999992,0.8008134979031348
12393,1582.6,1135,0.2616413093591517,7118579.440999991,0.800991574059426
14719,1581.8400000000001,1136,0.26187183033656064,7120161.280999991,0.8011695646995546
14587,1580.29,1137,0.2621023513139696,7121741.570999991,0.8013473809317202
12607,1579.51,1138,0.2623328722913785,7123321.080999991,0.801525109397298
13814,1579.12,1139,0.26256339326878747,7124900.200999991,0.8017027939795819
16889,1578.6699999999998,1140,0.2627939142461964,7126478.870999991,0.8018804279272959
13186,1575.89,1141,0.26302443522360536,7128054.760999991,0.8020577490658891
17671,1572.71,1142,0.2632549562010143,7129627.470999991,0.802234712386855
16283,1570.81,1143,0.26348547717842324,7131198.28099999,0.8024114619174146
12865,1568.23,1144,0.2637159981558322,7132766.510999991,0.8025879211431068
15906,1567.6899999999998,1145,0.26394651913324113,7134334.200999991,0.8027643196073152
15111,1567.48,1146,0.2641770401106501,7135901.6809999915,0.8029406944420576
15532,1564.73,1147,0.264407561088059,7137466.410999992,0.8031167598433172
17204,1564.5600000000002,1148,0.26463808206546796,7139030.9709999915,0.8032928061159614
13659,1563.0,1149,0.2648686030428769,7140593.9709999915,0.8034686768554301
17085,1562.4,1150,0.26509912402028585,7142156.370999992,0.803644480082139
18239,1561.6100000000001,1151,0.2653296449976948,7143717.980999992,0.8038201944170472
14038,1560.38,1152,0.26556016597510373,7145278.360999992,0.8039957703507977
16394,1555.34,1153,0.2657906869525127,7146833.700999992,0.8041707791773653
13313,1555.3200000000002,1154,0.2660212079299216,7148389.020999992,0.8043457857535076
15620,1553.1799999999998,1155,0.26625172890733056,7149942.200999992,0.8045205515341396
15117,1551.78,1156,0.2664822498847395,7151493.980999992,0.8046951597849986
13634,1547.3600000000001,1157,0.26671277086214845,7153041.340999993,0.80486927069186
14229,1547.1999999999998,1158,0.2669432918395574,7154588.540999993,0.8050433635953187
16790,1545.6200000000001,1159,0.26717381281696634,7156134.160999993,0.8052172787151763
16369,1545.41,1160,0.2674043337943753,7157679.570999993,0.805391170205568
13397,1544.13,1161,0.2676348547717842,7159223.700999993,0.8055649176687386
12818,1542.08,1162,0.26786537574919317,7160765.780999993,0.8057384344633131
17837,1541.23,1163,0.2680958967266021,7162307.010999993,0.805911855614811
16365,1540.42,1164,0.26832641770401106,7163847.430999993,0.8060851856240832
17159,1538.88,1165,0.26855693868142,7165386.310999993,0.8062583423506049
13849,1537.9499999999998,1166,0.26878745965882894,7166924.260999993,0.8064313944323488
12877,1535.77,1167,0.2690179806362379,7168460.030999993,0.8066042012177318
15392,1535.53,1168,0.26924850161364683,7169995.560999993,0.806776980998011
15625,1534.2599999999998,1169,0.2694790225910558,7171529.820999993,0.8069496178762817
13320,1532.2,1170,0.2697095435684647,7173062.020999993,0.8071220229607435
13107,1531.6200000000001,1171,0.26994006454587366,7174593.640999993,0.8072943627828708
12759,1531.44,1172,0.2701705855232826,7176125.080999994,0.8074666823511703
14321,1530.75,1173,0.27040110650069155,7177655.830999994,0.8076389242797957
14567,1530.3600000000001,1174,0.2706316274781005,7179186.190999994,0.8078111223251273
15701,1529.0,1175,0.27086214845550943,7180715.190999994,0.8079831673415364
16244,1522.75,1176,0.2710926694329184,7182237.940999994,0.8081545091000303
16066,1521.04,1177,0.2713231904103273,7183758.980999994,0.8083256584471585
13213,1520.5800000000002,1178,0.27155371138773626,7185279.560999994,0.8084967560345041
13764,1519.42,1179,0.2717842323651452,7186798.980999994,0.8086677230971806
14267,1516.24,1180,0.27201475334255415,7188315.220999994,0.8088383323422299
13791,1516.0,1181,0.2722452743199631,7189831.220999994,0.8090089145821752
16748,1515.9,1182,0.27247579529737204,7191347.120999995,0.8091794855699939
16053,1511.95,1183,0.272706316274781,7192859.070999995,0.80934961209881
16434,1511.8,1184,0.2729368372521899,7194370.870999995,0.8095197217494361
16910,1508.96,1185,0.27316735822959887,7195879.830999995,0.8096895118396655
15265,1506.12,1186,0.2733978792070078,7197385.950999995,0.8098589823694983
12937,1504.27,1187,0.2736284001844168,7198890.220999994,0.8100282447349879
15916,1502.8600000000001,1188,0.27385892116182575,7200393.080999995,0.810197348445492
16279,1502.7800000000002,1189,0.2740894421392347,7201895.860999995,0.8103664431542947
13810,1499.01,1190,0.27431996311664364,7203394.870999995,0.810535113657923
15530,1497.31,1191,0.2745504840940526,7204892.180999994,0.8107035928753982
14414,1496.98,1192,0.2747810050714615,7206389.160999995,0.8108720349608555
14704,1493.96,1193,0.27501152604887047,7207883.120999995,0.8110401372320881
17002,1493.73,1194,0.2752420470262794,7209376.850999995,0.8112082136234294
16880,1491.43,1195,0.27547256800368836,7210868.280999995,0.8113760312158579
15057,1489.5,1196,0.2757030889810973,7212357.780999995,0.8115436316422421
13110,1488.67,1197,0.27593360995850624,7213846.450999995,0.8117111386759751
13692,1488.3200000000002,1198,0.2761641309359152,7215334.770999995,0.8118786063272649
17553,1487.6,1199,0.27639465191332413,7216822.370999995,0.8120459929632429
14758,1484.06,1200,0.2766251728907331,7218306.430999994,0.8122129812739376
16395,1482.06,1201,0.276855693868142,7219788.490999994,0.8123797445420993
18016,1477.66,1202,0.27708621484555096,7221266.150999994,0.8125460127166887
14878,1476.09,1203,0.2773167358229599,7222742.240999994,0.8127121042328898
14403,1475.81,1204,0.27754725680036885,7224218.050999993,0.8128781642431362
16755,1475.4299999999998,1205,0.2777777777777778,7225693.480999993,0.8130441814953013
12826,1474.72,1206,0.27800829875518673,7227168.200999993,0.8132101188573673
14246,1474.06,1207,0.2782388197325957,7228642.2609999925,0.8133759819553974
14963,1472.34,1208,0.2784693407100046,7230114.600999992,0.8135416515168492
15128,1471.0,1209,0.27869986168741356,7231585.600999992,0.8137071702998041
17590,1468.02,1210,0.2789303826648225,7233053.620999992,0.8138723537693848
16016,1465.51,1211,0.27916090364223145,7234519.130999992,0.8140372548105868
14875,1465.32,1212,0.2793914246196404,7235984.450999992,0.8142021344727481
15983,1465.12,1213,0.27962194559704934,7237449.570999992,0.8143669916306562
12882,1463.04,1214,0.2798524665744583,7238912.610999992,0.81453161474433
14233,1462.72,1215,0.2800829875518672,7240375.330999992,0.8146962018511985
17063,1461.1399999999999,1216,0.28031350852927617,7241836.4709999915,0.8148606111744661
16996,1456.96,1217,0.2805440295066851,7243293.4309999915,0.8150245501588398
13309,1456.79,1218,0.28077455048409405,7244750.2209999915,0.8151884700145983
13477,1454.58,1219,0.281005071461503,7246204.800999992,0.815352141198358
14541,1453.35,1220,0.28123559243891194,7247658.150999991,0.8155156739809598
16059,1453.16,1221,0.2814661134163209,7249111.310999991,0.8156791853845211
14404,1449.32,1222,0.28169663439372983,7250560.630999992,0.8158422647064192
14740,1448.21,1223,0.28192715537113877,7252008.840999992,0.8160052191297115
17073,1446.0900000000001,1224,0.2821576763485477,7253454.9309999915,0.8161679350079188
13717,1445.01,1225,0.28238819732595666,7254899.940999991,0.8163305293631585
13461,1445.0,1226,0.2826187183033656,7256344.940999991,0.8164931225931855
17175,1443.69,1227,0.28284923928077454,7257788.630999992,0.8166555684203535
14071,1437.57,1228,0.2830797602581835,7259226.200999992,0.8168173256173707
15987,1432.77,1229,0.28331028123559243,7260658.9709999915,0.8169785427123089
14566,1432.0,1230,0.2835408022130014,7262090.9709999915,0.817139673165872
16503,1431.9299999999998,1231,0.2837713231904103,7263522.900999991,0.8173007957429463
13475,1431.78,1232,0.28400184416781926,7264954.6809999915,0.8174619014418308
15427,1430.54,1233,0.2842323651452282,7266385.2209999915,0.8176228676143449
16103,1429.64,1234,0.28446288612263715,7267814.860999991,0.8177837325177191
13159,1429.35,1235,0.2846934071000461,7269244.210999991,0.817944564789926
14035,1428.02,1236,0.28492392807745504,7270672.23099999,0.8181052474088486
15858,1427.5700000000002,1237,0.285154449054864,7272099.800999991,0.8182658793932013
15681,1426.16,1238,0.2853849700322729,7273525.960999991,0.8184263527225683
17571,1425.67,1239,0.28561549100968187,7274951.630999991,0.8185867709165147
15106,1422.52,1240,0.2858460119870908,7276374.15099999,0.8187468346684718
16463,1422.4,1241,0.28607653296449975,7277796.550999991,0.8189068849178769
16571,1421.69,1242,0.2863070539419087,7279218.240999991,0.8190668552771828
14019,1421.61,1243,0.28653757491931764,7280639.850999991,0.8192268166347875
14901,1421.29,1244,0.2867680958967266,7282061.140999991,0.8193867419855868
14443,1420.2,1245,0.2869986168741355,7283481.340999992,0.8195465446882058
16173,1418.3200000000002,1246,0.28722913785154447,7284899.660999992,0.8197061358508437
17856,1418.03,1247,0.2874596588289534,7286317.690999992,0.8198656943823145
17288,1417.63,1248,0.28769017980636236,7287735.320999992,0.8200252079052786
14748,1415.75,1249,0.2879207007837713,7289151.070999992,0.8201845098882617
16348,1415.6499999999999,1250,0.28815122176118024,7290566.720999992,0.8203438006191184
16012,1415.29,1251,0.2883817427385892,7291982.0109999925,0.820503050842319
16245,1413.66,1252,0.28861226371599813,7293395.670999993,0.8206621176558553
15237,1412.32,1253,0.2888427846934071,7294807.990999993,0.8208210336908945
15444,1411.21,1254,0.28907330567081607,7296219.200999993,0.820979824827328
15596,1406.59,1255,0.289303826648225,7297625.790999993,0.8211380961155105
17083,1405.78,1256,0.28953434762563396,7299031.570999993,0.8212962762614672
16271,1404.64,1257,0.2897648686030429,7300436.210999993,0.82145432813318
15426,1404.07,1258,0.28999538958045185,7301840.280999993,0.8216123158677711
18116,1403.1100000000001,1259,0.2902259105578608,7303243.390999993,0.8217701955819463
14649,1402.5900000000001,1260,0.29045643153526973,7304645.980999993,0.8219280167850629
15563,1400.44,1261,0.2906869525126787,7306046.420999994,0.8220855960674567
14741,1400.3400000000001,1262,0.2909174734900876,7307446.760999993,0.8222431640977238
15478,1399.92,1263,0.29114799446749656,7308846.680999993,0.822400684869059
18202,1396.99,1264,0.2913785154449055,7310243.670999994,0.8225578759530835
13995,1393.69,1265,0.29160903642231445,7311637.360999994,0.8227146957169288
17354,1393.06,1266,0.2918395573997234,7313030.420999994,0.822871444592376
15810,1391.98,1267,0.29207007837713234,7314422.400999994,0.8230280719448556
13414,1390.5,1268,0.2923005993545413,7315812.900999994,0.8231845327658609
13516,1389.41,1269,0.2925311203319502,7317202.310999994,0.8233408709386857
16539,1388.81,1270,0.29276164130935917,7318591.120999994,0.8234971415987505
15134,1387.99,1271,0.2929921622867681,7319979.110999994,0.8236533199913769
12952,1387.79,1272,0.29322268326417705,7321366.900999994,0.8238094758797501
12775,1386.04,1273,0.293453204241586,7322752.940999994,0.8239654348559069
13308,1385.51,1274,0.29368372521899494,7324138.450999994,0.8241213341957925
18167,1384.8600000000001,1275,0.2939142461964039,7325523.310999994,0.8242771603968548
17311,1384.85,1276,0.2941447671738128,7326908.160999994,0.8244329854727046
13572,1384.25,1277,0.29437528815122177,7328292.410999994,0.8245887430357944
15898,1383.83,1278,0.2946058091286307,7329676.240999994,0.8247444533399524
15051,1383.36,1279,0.29483633010603966,7331059.600999994,0.8249001107591152
14116,1382.74,1280,0.2950668510834486,7332442.340999994,0.8250556984150926
16389,1382.07,1281,0.29529737206085754,7333824.410999995,0.8252112106818217
17621,1379.9,1282,0.2955278930382665,7335204.310999995,0.8253664787774025
12886,1378.4,1283,0.29575841401567543,7336582.7109999955,0.8255215780910837
15569,1375.71,1284,0.2959889349930844,7337958.420999995,0.8256763747225581
14434,1372.8,1285,0.2962194559704933,7339331.220999995,0.825830843917147
15453,1371.77,1286,0.29644997694790226,7340702.990999995,0.8259851972148314
17676,1371.18,1287,0.2966804979253112,7342074.1709999945,0.8261394841249686
15095,1370.6,1288,0.29691101890272015,7343444.770999994,0.8262937057727714
14507,1367.88,1289,0.2971415398801291,7344812.650999994,0.8264476213627294
13813,1366.8600000000001,1290,0.29737206085753803,7346179.510999994,0.8266014221809956
14897,1366.38,1291,0.297602581834947,7347545.890999994,0.826755168989054
13396,1360.99,1292,0.2978331028123559,7348906.880999994,0.826908309307486
16726,1358.74,1293,0.29806362378976486,7350265.620999995,0.8270611964530687
17054,1356.33,1294,0.2982941447671738,7351621.950999995,0.8272138124223992
14859,1353.74,1295,0.29852466574458275,7352975.690999995,0.8273661369616495
15116,1352.75,1296,0.2987551867219917,7354328.440999995,0.8275183501048461
16079,1352.0,1297,0.29898570769940064,7355680.440999995,0.8276704788570928
16493,1351.63,1298,0.2992162286768096,7357032.070999995,0.8278225659764709
12770,1351.4499999999998,1299,0.2994467496542185,7358383.520999995,0.8279746328420211
15411,1348.93,1300,0.29967727063162747,7359732.450999995,0.8281264161539797
16669,1348.88,1301,0.2999077916090364,7361081.330999995,0.8282781938398751
12646,1346.9699999999998,1302,0.30013831258644535,7362428.300999994,0.8284297566101515
14154,1345.62,1303,0.3003688335638543,7363773.9209999945,0.8285811674767182
15398,1345.5300000000002,1304,0.30059935454126324,7365119.450999995,0.828732568216371
12463,1344.78,1305,0.3008298755186722,7366464.230999995,0.8288838845650739
16317,1341.65,1306,0.30106039649608113,7367805.880999995,0.8290348487222128
13743,1341.6,1307,0.30129091747349007,7369147.480999995,0.8291858072532884
18177,1340.8700000000001,1308,0.301521438450899,7370488.350999995,0.8293366836438394
16045,1340.7,1309,0.30175195942830796,7371829.050999995,0.8294875409057753
13501,1340.32,1310,0.3019824804057169,7373169.370999996,0.8296383554096297
15734,1339.4500000000003,1311,0.30221300138312585,7374508.820999996,0.8297890720199824
12620,1339.4099999999999,1312,0.3024435223605348,7375848.230999996,0.8299397841294845
15059,1337.72,1313,0.30267404333794373,7377185.950999996,0.8300903060780462
17372,1337.18,1314,0.3029045643153527,7378523.130999995,0.8302407672651241
12919,1335.19,1315,0.3031350852927616,7379858.320999996,0.8303910045348817
14064,1334.34,1316,0.30336560627017056,7381192.660999996,0.8305411461615627
15680,1333.68,1317,0.3035961272475795,7382526.340999995,0.8306912135242079
17932,1331.57,1318,0.30382664822498845,7383857.910999996,0.8308410434669811
12676,1331.39,1319,0.3040571692023974,7385189.300999995,0.8309908531559261
16295,1328.55,1320,0.30428769017980634,7386517.850999995,0.8311403432844744
13232,1328.35,1321,0.3045182111572153,7387846.200999995,0.8312898109087694
15146,1327.16,1322,0.3047487321346243,7389173.360999995,0.8314391446327574
17633,1324.8400000000001,1323,0.3049792531120332,7390498.200999995,0.8315882173074072
17095,1324.1599999999999,1324,0.30520977408944217,7391822.360999995,0.8317372134675958
16110,1320.95,1325,0.3054402950668511,7393143.310999995,0.8318858484345191
14591,1320.21,1326,0.30567081604426005,7394463.520999995,0.8320344001357052
14794,1319.9099999999999,1327,0.305901337021669,7395783.430999995,0.8321829180805114
16083,1317.62,1328,0.30613185799907794,7397101.050999995,0.8323311783516174
12526,1316.6599999999999,1329,0.3063623789764869,7398417.7109999955,0.8324793306023076
12854,1316.25,1330,0.3065928999538958,7399733.9609999955,0.8326274367192785
14921,1316.07,1331,0.30682342093130477,7401050.030999996,0.8327755225824216
12576,1315.83,1332,0.3070539419087137,7402365.860999996,0.8329235814404606
14511,1314.81,1333,0.30728446288612266,7403680.670999995,0.8330715255268079
14738,1314.45,1334,0.3075149838635316,7404995.120999996,0.8332194291054992
14973,1314.45,1335,0.30774550484094054,7406309.570999996,0.8333673326841905
16040,1313.55,1336,0.3079760258183495,7407623.120999996,0.833515134993742
12364,1313.1,1337,0.30820654679575843,7408936.220999995,0.8336628866687236
17004,1312.14,1338,0.3084370677731674,7410248.360999995,0.8338105303232893
12516,1312.06,1339,0.3086675887505763,7411560.4209999945,0.8339581649761538
14477,1309.6,1340,0.30889810972798526,7412870.020999994,0.8341055228267028
16120,1309.1399999999999,1341,0.3091286307053942,7414179.160999994,0.8342528289174692
14047,1308.6100000000001,1342,0.30935915168280315,7415487.770999994,0.8344000753719645
13328,1308.48,1343,0.3095896726602121,7416796.250999995,0.8345473071986951
14297,1305.33,1344,0.30982019363762103,7418101.580999995,0.8346941845834364
12507,1304.81,1345,0.31005071461503,7419406.390999994,0.8348410034571191
17919,1304.04,1346,0.3102812355924389,7420710.430999994,0.8349877356894266
15813,1303.9099999999999,1347,0.31051175656984786,7422014.340999994,0.8351344532939695
16370,1301.91,1348,0.3107422775472568,7423316.250999995,0.8352809458559796
15108,1300.25,1349,0.31097279852466575,7424616.500999995,0.8354272516326872
13168,1299.5900000000001,1350,0.3112033195020747,7425916.090999994,0.835573483145359
12488,1298.66,1351,0.31143384047948364,7427214.750999995,0.835719610013253
16464,1298.6599999999999,1352,0.3116643614568926,7428513.410999995,0.8358657368811471
12372,1298.04,1353,0.3118948824343015,7429811.450999995,0.8360117939858558
15602,1297.87,1354,0.31212540341171047,7431109.320999995,0.8361578319619494
17961,1296.44,1355,0.3123559243891194,7432405.760999995,0.8363037090326318
16929,1295.39,1356,0.31258644536652835,7433701.150999995,0.8364494679559845
16224,1295.3000000000002,1357,0.3128169663439373,7434996.450999995,0.8365952167524232
15621,1293.03,1358,0.31304748732134624,7436289.480999995,0.8367407101255872
16744,1291.9099999999999,1359,0.3132780082987552,7437581.390999995,0.8368860774749326
16101,1290.7,1360,0.3135085292761641,7438872.090999995,0.8370313086735457
14856,1290.53,1361,0.31373905025357307,7440162.620999996,0.8371765207435434
15171,1289.5,1362,0.313969571230982,7441452.120999996,0.8373216169166368
15136,1286.7,1363,0.31420009220839096,7442738.820999996,0.837466398030184
16949,1286.27,1364,0.3144306131857999,7444025.090999995,0.8376111307595865
17802,1285.04,1365,0.31466113416320884,7445310.130999995,0.8377557250878315
17350,1281.32,1366,0.3148916551406178,7446591.450999996,0.8378999008369652
13538,1280.8500000000001,1367,0.31512217611802673,7447872.300999995,0.8380440237011035
15494,1280.5800000000002,1368,0.3153526970954357,7449152.880999995,0.8381881161845001
16951,1277.75,1369,0.3155832180728446,7450430.630999995,0.8383318902327125
16692,1276.0,1370,0.31581373905025356,7451706.630999995,0.8384754673687087
12394,1272.48,1371,0.3160442600276625,7452979.110999996,0.8386186484298469
13878,1271.57,1372,0.31627478100507145,7454250.680999996,0.8387617270966328
16899,1271.06,1373,0.3165053019824804,7455521.740999996,0.8389047483775726
12630,1270.88,1374,0.31673582295988933,7456792.620999996,0.8390477494046844
13492,1269.8400000000001,1375,0.3169663439372983,7458062.4609999955,0.8391906334096791
14898,1269.31,1376,0.3171968649147072,7459331.770999995,0.8393334577784027
13431,1269.1000000000001,1377,0.31742738589211617,7460600.870999995,0.8394762585176603
14916,1268.98,1378,0.3176579068695251,7461869.850999995,0.839619045754366
15199,1268.6999999999998,1379,0.31788842784693405,7463138.550999995,0.839761801485117
16660,1267.6499999999999,1380,0.318118948824343,7464406.200999996,0.8399044390685383
17037,1267.32,1381,0.31834946980175194,7465673.520999996,0.8400470395199416
17158,1266.97,1382,0.3185799907791609,7466940.490999996,0.8401896005889017
14105,1266.23,1383,0.3188105117565698,7468206.720999996,0.8403320783921246
13989,1266.08,1384,0.31904103273397877,7469472.800999996,0.8404745393171575
16842,1264.19,1385,0.3192715537113877,7470736.990999997,0.8406167875769969
15497,1262.2,1386,0.31950207468879666,7471999.190999997,0.840758811919516
16688,1260.86,1387,0.3197325956662056,7473260.050999997,0.840900685483538
17388,1259.56,1388,0.31996311664361454,7474519.610999997,0.8410424127699136
15009,1259.4299999999998,1389,0.3201936376210235,7475779.0409999965,0.8411841254285246
14669,1259.24,1390,0.3204241585984325,7477038.280999997,0.841325816708095
17019,1258.08,1391,0.32065467957584143,7478296.360999997,0.8414673774629963
17412,1258.06,1392,0.32088520055325037,7479554.420999996,0.8416089359674722
13151,1257.8700000000001,1393,0.3211157215306593,7480812.2909999965,0.8417504730929075
14931,1257.68,1394,0.32134624250806826,7482069.970999996,0.8418919888393022
16639,1257.5100000000002,1395,0.3215767634854772,7483327.480999996,0.8420334854570816
17481,1255.59,1396,0.32180728446288615,7484583.070999996,0.8421747660340293
13848,1255.0,1397,0.3220378054402951,7485838.070999996,0.8423159802234299
17262,1253.3600000000001,1398,0.32226832641770403,7487091.430999996,0.8424570098779536
14383,1247.69,1399,0.322498847395113,7488339.120999997,0.8425974015368964
12689,1247.61,1400,0.3227293683725219,7489586.730999997,0.842737784194138
13029,1247.5,1401,0.32295988934993086,7490834.230999997,0.8428781544740401
12494,1246.1000000000001,1402,0.3231904103273398,7492080.3309999965,0.8430183672241693
13860,1245.9,1403,0.32342093130474875,7493326.230999997,0.8431585574700452
16531,1244.59,1404,0.3236514522821577,7494570.820999997,0.843298600313062
17584,1242.3000000000002,1405,0.32388197325956664,7495813.120999997,0.8434383854823786
17588,1240.2,1406,0.3241124942369756,7497053.320999997,0.8435779343570357
17731,1240.1100000000001,1407,0.3243430152143845,7498293.430999997,0.8437174731047788
12985,1239.38,1408,0.32457353619179347,7499532.810999997,0.8438569297119973
13476,1238.47,1409,0.3248040571692024,7500771.280999997,0.8439962839248635
14893,1237.85,1410,0.32503457814661135,7502009.130999996,0.8441355683745443
13931,1237.5300000000002,1411,0.3252650991240203,7503246.660999997,0.84427481681742
15201,1236.54,1412,0.32549562010142924,7504483.200999997,0.8444139538642418
18080,1231.5,1413,0.3257261410788382,7505714.700999997,0.8445525238038807
18171,1231.31,1414,0.3259566620562471,7506946.010999996,0.8446910723644789
15910,1228.8799999999999,1415,0.32618718303365607,7508174.890999996,0.8448293474983998
14913,1227.43,1416,0.326417704011065,7509402.320999996,0.8449674594764842
12997,1226.89,1417,0.32664822498847396,7510629.2109999955,0.8451055106930847
12412,1226.88,1418,0.3268787459658829,7511856.090999995,0.8452435607844726
15841,1224.06,1419,0.32710926694329184,7513080.150999995,0.845381293565889
14428,1224.06,1420,0.3273397879207008,7514304.210999995,0.8455190263473055
15376,1221.56,1421,0.32757030889810973,7515525.770999994,0.8456564778255558
15004,1220.77,1422,0.3278008298755187,7516746.540999994,0.8457938404120056
14745,1220.26,1423,0.3280313508529276,7517966.800999993,0.8459311456126095
15227,1219.4,1424,0.32826187183033656,7519186.200999994,0.8460683540449244
13208,1217.65,1425,0.3284923928077455,7520403.850999994,0.8462053655650229
14698,1217.27,1426,0.32872291378515445,7521621.120999994,0.8463423343270402
13491,1215.82,1427,0.3289534347625634,7522836.940999994,0.8464791399332211
17410,1214.72,1428,0.32918395573997233,7524051.660999994,0.8466158217660089
13055,1214.41,1429,0.3294144767173813,7525266.070999994,0.8467524687172041
17774,1213.73,1430,0.3296449976947902,7526479.800999994,0.8468890391539381
18263,1213.16,1431,0.32987551867219916,7527692.960999995,0.8470255454535502
13918,1212.84,1432,0.3301060396496081,7528905.800999994,0.8471620157463572
16653,1212.6599999999999,1433,0.33033656062701705,7530118.460999995,0.8472984657853361
12464,1212.05,1434,0.330567081604426,7531330.510999994,0.8474348471863424
17653,1207.5600000000002,1435,0.33079760258183494,7532538.070999994,0.8475707233668623
16762,1207.24,1436,0.3310281235592439,7533745.310999994,0.8477065635405772
14684,1201.51,1437,0.3312586445366528,7534946.820999994,0.8478417589674351
13158,1201.06,1438,0.33148916551406177,7536147.8809999935,0.847976903759723
17320,1200.62,1439,0.3317196864914707,7537348.500999994,0.8481119990426538
15605,1198.23,1440,0.33195020746887965,7538546.730999994,0.8482468253997578
13118,1197.81,1441,0.3321807284462886,7539744.540999994,0.8483816044979299
16794,1196.5,1442,0.33241124942369754,7540941.040999994,0.8485162361932429
17720,1195.94,1443,0.3326417704011065,7542136.980999994,0.8486508048766467
17526,1195.9,1444,0.33287229137851543,7543332.880999994,0.8487853690591999
15145,1194.73,1445,0.33310281235592437,7544527.610999995,0.8489198015918713
12611,1193.32,1446,0.3333333333333333,7545720.930999995,0.849054075469557
13882,1191.13,1447,0.33356385431074226,7546912.060999995,0.8491881029256692
12462,1189.5900000000001,1448,0.3337943752881512,7548101.650999995,0.8493219570990309
15737,1188.1200000000001,1449,0.33402489626556015,7549289.770999995,0.849455645866131
16612,1187.66,1450,0.3342554172429691,7550477.430999995,0.8495892828734486
17800,1187.21,1451,0.33448593822037803,7551664.640999995,0.8497228692461962
15630,1186.35,1452,0.334716459197787,7552850.990999995,0.8498563588506547
17058,1179.89,1453,0.3349469801751959,7554030.880999994,0.8499891215677318
16950,1178.56,1454,0.33517750115260486,7555209.440999994,0.8501217346315245
16042,1177.47,1455,0.3354080221300138,7556386.910999994,0.8502542250471369
13752,1175.3799999999999,1456,0.33563854310742275,7557562.290999994,0.8503864802933023
12885,1175.22,1457,0.3358690640848317,7558737.510999993,0.8505187175360652
12640,1174.5800000000002,1458,0.3360995850622407,7559912.0909999935,0.8506508827652175
15306,1174.35,1459,0.33633010603964963,7561086.440999993,0.8507830221144785
14857,1173.12,1460,0.3365606270170586,7562259.560999993,0.8509150230625818
12358,1168.06,1461,0.3367911479944675,7563427.620999993,0.8510464546530768
13500,1166.77,1462,0.33702166897187646,7564594.390999992,0.8511777410911381
14487,1165.48,1463,0.3372521899492854,7565759.870999993,0.8513088823767657
14737,1164.55,1464,0.33748271092669435,7566924.420999993,0.8514399190176154
14261,1163.45,1465,0.3377132319041033,7568087.870999993,0.8515708318850721
14447,1163.23,1466,0.33794375288151224,7569251.100999993,0.8517017199978503
16800,1162.65,1467,0.3381742738589212,7570413.750999994,0.8518325428482938
12546,1161.5,1468,0.3384047948363301,7571575.250999994,0.8519632362992808
15088,1160.0700000000002,1469,0.33863531581373907,7572735.320999994,0.852093768844857
18168,1160.04,1470,0.338865836791148,7573895.360999994,0.852224298014795
13499,1159.1100000000001,1471,0.33909635776855696,7575054.470999994,0.8523547225399554
16184,1158.79,1472,0.3393268787459659,7576213.260999994,0.8524851110583104
17867,1157.8700000000001,1473,0.33955739972337484,7577371.130999994,0.8526153960571002
17348,1156.6,1474,0.3397879207007838,7578527.730999994,0.8527455381538817
16637,1154.47,1475,0.34001844167819273,7579682.200999994,0.8528754405803655
13611,1154.4,1476,0.34024896265560167,7580836.600999994,0.8530053351303608
16062,1153.62,1477,0.3404794836330106,7581990.220999994,0.8531351419137683
12710,1149.02,1478,0.34071000461041956,7583139.240999994,0.8532644310993499
17505,1145.8400000000001,1479,0.3409405255878285,7584285.080999994,0.8533933624673044
16766,1145.6,1480,0.34117104656523745,7585430.680999993,0.8535222668301548
12769,1143.6,1481,0.3414015675426464,7586574.280999993,0.8536509461504722
17770,1143.27,1482,0.34163208852005533,7587717.5509999925,0.8537795883387718
15985,1142.42,1483,0.3418626094974643,7588859.970999992,0.853908134883995
16270,1141.24,1484,0.3420931304748732,7590001.210999993,0.8540365486541237
13330,1140.9299999999998,1485,0.34232365145228216,7591142.140999992,0.8541649275426597
13819,1140.35,1486,0.3425541724296911,7592282.490999992,0.8542932411688613
16172,1140.21,1487,0.34278469340710005,7593422.700999992,0.8544215390420855
17135,1139.73,1488,0.343015214384509,7594562.430999992,0.854549782905102
17500,1138.0,1489,0.34324573536191794,7595700.430999992,0.8546778321063274
17302,1135.63,1490,0.3434762563393269,7596836.060999992,0.8548056146321512
17242,1135.04,1491,0.3437067773167358,7597971.100999992,0.854933330770428
15489,1134.28,1492,0.34393729829414477,7599105.380999993,0.8550609613925422
16989,1133.25,1493,0.3441678192715537,7600238.630999993,0.855188476117752
13282,1132.14,1494,0.34439834024896265,7601370.770999992,0.8553158659443558
13310,1132.03,1495,0.3446288612263716,7602502.8009999925,0.8554432433936205
18125,1131.75,1496,0.34485938220378054,7603634.5509999925,0.8555705893369306
15500,1131.56,1497,0.3450899031811895,7604766.110999992,0.8556979139012
13447,1129.14,1498,0.3453204241585984,7605895.250999992,0.8558249661640046
16714,1129.0600000000002,1499,0.34555094513600737,7607024.310999991,0.8559520094251079
14824,1127.71,1500,0.3457814661134163,7608152.020999991,0.8560789007825015
12609,1126.85,1501,0.34601198709082526,7609278.870999991,0.8562056953716058
14708,1126.37,1502,0.3462425080682342,7610405.240999991,0.8563324359505023
17470,1125.07,1503,0.34647302904564314,7611530.310999991,0.8564590302517525
14129,1123.8600000000001,1504,0.3467035500230521,7612654.170999992,0.8565854884022703
13772,1122.6299999999999,1505,0.34693407100046103,7613776.800999992,0.8567118081516303
13486,1122.41,1506,0.34716459197787,7614899.210999992,0.8568381031463117
17562,1122.38,1507,0.3473951129552789,7616021.590999992,0.856964394765355
14723,1122.3600000000001,1508,0.34762563393268786,7617143.950999992,0.8570906841339732
16807,1121.5900000000001,1509,0.3478561549100968,7618265.540999992,0.857216886861216
16086,1121.3899999999999,1510,0.34808667588750575,7619386.9309999915,0.8573430670842056
15730,1120.88,1511,0.3483171968649147,7620507.810999991,0.8574691899213492
14276,1119.74,1512,0.34854771784232363,7621627.550999992,0.8575951844842492
12842,1118.99,1513,0.3487782388197326,7622746.540999992,0.8577210946561994
17894,1118.96,1514,0.3490087597971415,7623865.500999992,0.8578470014525115
17788,1117.9,1515,0.34923928077455046,7624983.400999992,0.8579727889762812
13591,1117.13,1516,0.3494698017519594,7626100.530999992,0.8580984898586757
17585,1116.6799999999998,1517,0.34970032272936835,7627217.210999992,0.8582241401065002
16350,1116.47,1518,0.3499308437067773,7628333.6809999915,0.8583497667248589
12679,1113.02,1519,0.35016136468418624,7629446.700999991,0.8584750051448481
14817,1110.34,1520,0.3503918856615952,7630557.040999991,0.8585999420078434
15069,1109.53,1521,0.3506224066390041,7631666.570999991,0.8587247877286128
12399,1108.65,1522,0.35085292761641307,7632775.2209999915,0.8588495344306678
15933,1107.46,1523,0.351083448593822,7633882.6809999915,0.8589741472324157
16833,1106.53,1524,0.35131396957123096,7634989.210999992,0.8590986553893858
12857,1106.4,1525,0.3515444905486399,7636095.610999992,0.8592231489185913
14102,1105.88,1526,0.3517750115260489,7637201.490999992,0.8593475839367382
17609,1105.78,1527,0.35200553250345784,7638307.270999992,0.8594720077027584
13064,1105.5900000000001,1528,0.3522360534808668,7639412.860999992,0.859596410089738
14948,1101.97,1529,0.3524665744582757,7640514.830999992,0.859720405149733
15716,1101.1100000000001,1530,0.35269709543568467,7641615.940999992,0.8598443034414389
17047,1100.9,1531,0.3529276164130936,7642716.840999993,0.859968178103679
14410,1100.27,1532,0.35315813739050256,7643817.110999992,0.860091981877521
14744,1099.98,1533,0.3533886583679115,7644917.090999993,0.8602157530201958
15978,1098.78,1534,0.35361917934532044,7646015.870999993,0.8603393891373509
13104,1098.48,1535,0.3538497003227294,7647114.350999993,0.860462991498126
17966,1098.4299999999998,1536,0.35408022130013833,7648212.780999993,0.8605865882328378
14971,1097.98,1537,0.3543107422775473,7649310.760999993,0.8607101343329797
14161,1097.62,1538,0.3545412632549562,7650408.3809999935,0.8608336399254657
16225,1096.3200000000002,1539,0.35477178423236516,7651504.700999994,0.8609569992403053
13211,1095.42,1540,0.3550023052097741,7652600.120999994,0.8610802572860051
13652,1095.08,1541,0.35523282618718305,7653695.200999994,0.8612034770744743
15745,1094.5900000000001,1542,0.355463347164592,7654789.790999994,0.8613266417275228
15608,1093.68,1543,0.35569386814200094,7655883.470999993,0.8614497039862189
18189,1090.24,1544,0.3559243891194099,7656973.710999994,0.8615723791717586
13853,1090.14,1545,0.3561549100968188,7658063.850999993,0.8616950431051713
12534,1089.18,1546,0.35638543107422777,7659153.030999993,0.8618175990181685
15763,1086.92,1547,0.3566159520516367,7660239.950999993,0.8619399006331033
16533,1082.81,1548,0.35684647302904565,7661322.7609999925,0.862061739785633
13610,1082.33,1549,0.3570769940064546,7662405.090999993,0.8621835249279549
14561,1080.76,1550,0.35730751498386354,7663485.850999992,0.8623051334118884
13744,1080.52,1551,0.3575380359612725,7664566.370999992,0.862426714890718
13726,1079.66,1552,0.3577685569386814,7665646.030999992,0.8625481996012584
15197,1079.6100000000001,1553,0.35799907791609037,7666725.640999992,0.8626696786857355
12354,1079.4,1554,0.3582295988934993,7667805.040999993,0.8627911341407467
14352,1078.96,1555,0.35846011987090826,7668884.000999993,0.8629125400864007
16094,1078.23,1556,0.3586906408483172,7669962.230999993,0.8630338638915301
16563,1077.74,1557,0.35892116182572614,7671039.970999993,0.863155132561239
13715,1077.3899999999999,1558,0.3591516828031351,7672117.360999993,0.8632763618485045
16049,1074.81,1559,0.35938220378054403,7673192.170999993,0.8633973008309026
13131,1073.3,1560,0.359612724757953,7674265.470999992,0.8635180699061884
15712,1072.3600000000001,1561,0.3598432457353619,7675337.830999993,0.8636387332114838
15238,1071.99,1562,0.36007376671277086,7676409.820999993,0.8637593548839105
13467,1071.9099999999999,1563,0.3603042876901798,7677481.730999993,0.8638799675546359
13521,1071.73,1564,0.36053480866758875,7678553.460999994,0.8640005599715335
17041,1071.49,1565,0.3607653296449977,7679624.950999994,0.864121125383327
13635,1071.03,1566,0.36099585062240663,7680695.980999994,0.8642416390353379
17522,1070.71,1567,0.3612263715998156,7681766.690999994,0.8643621166805436
13761,1070.65,1568,0.3614568925772245,7682837.340999994,0.8644825875744734
14212,1070.48,1569,0.36168741355463346,7683907.820999995,0.8646030393397878
16200,1068.87,1570,0.3619179345320424,7684976.690999995,0.8647233099458632
16918,1068.82,1571,0.36214845550945135,7686045.510999995,0.8648435749258753
15436,1067.75,1572,0.3623789764868603,7687113.260999995,0.8649637195081322
15027,1066.15,1573,0.36260949746426924,7688179.410999996,0.8650836840563629
17277,1065.35,1574,0.3628400184416782,7689244.760999995,0.8652035585875804
14488,1064.28,1575,0.3630705394190871,7690309.040999996,0.8653233127210428
12951,1064.0700000000002,1576,0.36330106039649607,7691373.110999996,0.8654430432250392
15801,1063.95,1577,0.363531581373905,7692437.060999996,0.8655627602264836
12936,1063.9,1578,0.36376210235131395,7693500.960999996,0.8656824716018648
12815,1063.46,1579,0.3639926233287229,7694564.420999996,0.8658021334678887
14411,1063.0,1580,0.36422314430613184,7695627.420999996,0.86592174357413
16214,1062.75,1581,0.3644536652835408,7696690.170999996,0.8660413255500546
15706,1060.56,1582,0.3646841862609497,7697750.730999996,0.8661606611044058
17727,1060.25,1583,0.36491470723835867,7698810.980999996,0.8662799617771644
18130,1059.3899999999999,1584,0.3651452282157676,7699870.370999996,0.8663991656816337
17214,1059.1200000000001,1585,0.36537574919317656,7700929.490999996,0.8665183392053611
13455,1058.3400000000001,1586,0.3656062701705855,7701987.830999996,0.8666374249625007
15977,1054.73,1587,0.36583679114799444,7703042.560999996,0.8667561045178686
12716,1053.49,1588,0.3660673121254034,7704096.050999996,0.8668746445468659
14419,1051.79,1589,0.36629783310281233,7705147.840999996,0.8669929932897102
16416,1051.4,1590,0.3665283540802213,7706199.240999997,0.8671112981492607
15329,1049.7,1591,0.3667588750576302,7707248.940999997,0.8672294117226582
14078,1049.37,1592,0.36698939603503916,7708298.310999997,0.8673474881640377
17287,1049.06,1593,0.36721991701244816,7709347.370999997,0.8674655297238246
15839,1048.49,1594,0.3674504379898571,7710395.860999997,0.8675835071464897
16728,1048.28,1595,0.36768095896726605,7711444.140999997,0.8677014609396888
15777,1047.11,1596,0.367911479944675,7712491.250999997,0.8678192830830062
15407,1046.74,1597,0.36814200092208393,7713537.990999998,0.8679370635934549
16520,1046.57,1598,0.3683725218994929,7714584.560999998,0.8680548249752884
14293,1046.56,1599,0.3686030428769018,7715631.1209999975,0.8681725852319092
15464,1044.65,1600,0.36883356385431076,7716675.770999998,0.868290130572911
15192,1044.32,1601,0.3690640848317197,7717720.090999998,0.8684076387818951
14389,1043.46,1602,0.36929460580912865,7718763.550999998,0.8685250502225899
15073,1043.41,1603,0.3695251267865376,7719806.960999998,0.8686424560372213
12497,1043.1,1604,0.36975564776394654,7720850.060999998,0.8687598269702601
13719,1041.68,1605,0.3699861687413555,7721891.740999998,0.8688770381231006
18221,1041.6100000000001,1606,0.3702166897187644,7722933.350999998,0.8689942413994525
15434,1041.48,1607,0.37044721069617337,7723974.830999998,0.8691114300480397
16320,1038.46,1608,0.3706777316735823,7725013.290999998,0.8692282788824022
14465,1038.44,1609,0.37090825265099125,7726051.730999999,0.8693451254663395
16175,1037.59,1610,0.3711387736284002,7727089.320999999,0.8694618764072001
17042,1036.58,1611,0.37136929460580914,7728125.900999999,0.8695785137015817
12691,1035.8,1612,0.3715998155832181,7729161.7009999985,0.8696950632293754
16260,1035.45,1613,0.37183033656062703,7730197.150999999,0.8698115733747259
13639,1033.34,1614,0.37206085753803597,7731230.4909999985,0.8699278461002041
14584,1033.06,1615,0.3722913785154449,7732263.550999998,0.8700440873197277
17724,1033.0,1616,0.37252189949285386,7733296.550999998,0.8701603217879754
12599,1032.58,1617,0.3727524204702628,7734329.130999998,0.8702765089972911
15996,1032.58,1618,0.37298294144767175,7735361.710999998,0.870392696206607
17405,1031.41,1619,0.3732134624250807,7736393.120999998,0.8705087517660409
12724,1031.41,1620,0.37344398340248963,7737424.530999999,0.870624807325475
13235,1031.07,1621,0.3736745043798986,7738455.600999999,0.8707408246276784
12717,1030.98,1622,0.3739050253573075,7739486.580999999,0.8708568318029679
13253,1030.4,1623,0.37413554633471646,7740516.981,0.8709727737159229
17033,1030.1399999999999,1624,0.3743660673121254,7741547.120999999,0.8710886863733484
15333,1028.56,1625,0.37459658828953435,7742575.680999999,0.8712044212471729
16980,1028.46,1626,0.3748271092669433,7743604.140999999,0.8713201448688709
16682,1028.0,1627,0.37505763024435224,7744632.140999999,0.8714358167307863
14904,1025.44,1628,0.3752881512217612,7745657.580999999,0.8715512005382596
16160,1025.44,1629,0.3755186721991701,7746683.021,0.8716665843457329
15658,1024.1,1630,0.37574919317657907,7747707.120999999,0.8717818173747091
17096,1022.13,1631,0.375979714153988,7748729.250999999,0.8718968287367904
14346,1021.5799999999999,1632,0.37621023513139695,7749750.830999999,0.8720117782121751
13165,1021.48,1633,0.3764407561088059,7750772.311,0.8721267164354333
12572,1020.4200000000001,1634,0.37667127708621484,7751792.731,0.8722415353861489
13376,1019.76,1635,0.3769017980636238,7752812.490999999,0.8723562800728287
18142,1019.52,1636,0.3771323190410327,7753832.010999999,0.8724709977544045
13956,1019.27,1637,0.37736284001844167,7754851.280999999,0.8725856873056638
12828,1018.71,1638,0.3775933609958506,7755869.9909999985,0.8727003138450138
12514,1017.68,1639,0.37782388197325956,7756887.670999998,0.8728148244874593
13728,1016.14,1640,0.3780544029506685,7757903.810999998,0.8729291618471545
12642,1013.26,1641,0.37828492392807744,7758917.070999998,0.8730431751456023
12739,1013.04,1642,0.3785154449054864,7759930.110999998,0.8731571636893716
17197,1013.01,1643,0.37874596588289533,7760943.1209999975,0.8732711488575028
14195,1012.0,1644,0.3789764868603043,7761955.1209999975,0.8733850203791549
14775,1011.9,1645,0.3792070078377132,7762967.020999998,0.8734988806486804
16229,1010.5999999999999,1646,0.37943752881512216,7763977.6209999975,0.8736125946405594
14446,1010.35,1647,0.3796680497925311,7764987.970999997,0.8737262805021219
12849,1010.29,1648,0.37989857076994005,7765998.260999997,0.8738399596124083
13032,1010.1800000000001,1649,0.380129091747349,7767008.440999997,0.8739536263453554
14224,1009.73,1650,0.38035961272475793,7768018.170999997,0.8740672424437328
16572,1009.5999999999999,1651,0.3805901337021669,7769027.770999997,0.8741808439143454
16174,1009.55,1652,0.3808206546795758,7770037.320999997,0.8742944397588946
17951,1008.5400000000001,1653,0.38105117565698476,7771045.860999997,0.8744079219569648
17646,1008.3900000000001,1654,0.3812816966343937,7772054.250999996,0.874521387276845
14631,1006.98,1655,0.38151221761180265,7773061.230999997,0.8746346939417395
13429,1006.8000000000001,1656,0.3817427385892116,7774068.030999997,0.8747479803528061
13867,1005.0900000000001,1657,0.38197325956662054,7775073.120999997,0.874861074352507
14214,1004.38,1658,0.3822037805440295,7776077.500999996,0.8749740884621087
13410,1003.0600000000001,1659,0.3824343015214384,7777080.560999996,0.8750869540436387
14083,1002.9,1660,0.38266482249884737,7778083.460999996,0.8751998016217661
12446,1002.3100000000001,1661,0.38289534347625637,7779085.770999996,0.8753125828123463
12545,1000.39,1662,0.3831258644536653,7780086.160999996,0.8754251479620948
15508,1000.27,1663,0.38335638543107425,7781086.430999995,0.8755376996092913
18143,1000.1600000000001,1664,0.3835869064084832,7782086.590999995,0.8756502388791486
12722,997.63,1665,0.38381742738589214,7783084.220999995,0.8757624934702017
15110,996.1,1666,0.3840479483633011,7784080.320999995,0.8758745759037172
15104,993.54,1667,0.38427846934071,7785073.860999995,0.8759863702827906
17594,993.18,1668,0.38450899031811897,7786067.040999995,0.876098124154208
13363,992.5,1669,0.3847395112955279,7787059.540999995,0.8762098015111642
14223,991.13,1670,0.38497003227293686,7788050.6709999945,0.8763213247139855
16232,990.8800000000001,1671,0.3852005532503458,7789041.550999994,0.87643281978649
14514,990.2,1672,0.38543107422775474,7790031.750999995,0.8765442383445334
17126,989.4499999999999,1673,0.3856615952051637,7791021.200999995,0.8766555725116271
15062,987.86,1674,0.38589211618257263,7792009.060999995,0.8767667277699069
18237,987.0999999999999,1675,0.3861226371599816,7792996.160999995,0.8768777975120243
14583,986.96,1676,0.3863531581373905,7793983.120999995,0.8769888515011645
17324,986.4799999999999,1677,0.38658367911479946,7794969.600999995,0.8770998514800966
13117,984.91,1678,0.3868142000922084,7795954.510999995,0.8772106748006405
17144,984.5699999999999,1679,0.38704472106961735,7796939.080999996,0.8773214598639538
12510,982.5699999999999,1680,0.3872752420470263,7797921.650999996,0.8774320198847342
15133,982.4200000000001,1681,0.38750576302443523,7798904.070999996,0.8775425630273246
15071,982.0700000000002,1682,0.3877362840018442,7799886.140999996,0.8776530667874718
16188,981.86,1683,0.3879668049792531,7800868.000999996,0.877763546918153
16085,981.51,1684,0.38819732595666206,7801849.510999996,0.8778739876663909
12541,981.1800000000001,1685,0.388427846934071,7802830.690999996,0.8779843912826109
18170,980.31,1686,0.38865836791147995,7803811.0009999955,0.8780946970053289
13509,979.72,1687,0.3888888888888889,7804790.720999995,0.8782049363404999
13350,979.1200000000001,1688,0.38911940986629784,7805769.840999995,0.8783151081629109
15132,977.9300000000001,1689,0.3893499308437068,7806747.770999995,0.8784251460850149
14920,977.77,1690,0.3895804518211157,7807725.540999995,0.8785351660037163
13026,975.36,1691,0.38981097279852467,7808700.900999995,0.8786449147461655
16376,974.96,1692,0.3900414937759336,7809675.860999995,0.8787546184801082
14522,974.54,1693,0.39027201475334256,7810650.400999995,0.8788642749551189
15449,974.52,1694,0.3905025357307515,7811624.9209999945,0.8789739291797042
12994,974.4200000000001,1695,0.39073305670816044,7812599.340999994,0.8790835721521629
18194,973.8399999999999,1696,0.3909635776855694,7813573.180999994,0.8791931498622871
16009,972.11,1697,0.39119409866297833,7814545.290999995,0.8793025329106204
15506,972.0799999999999,1698,0.3914246196403873,7815517.370999995,0.8794119125833156
13155,971.76,1699,0.3916551406177962,7816489.130999994,0.8795212562492056
17100,971.74,1700,0.39188566159520516,7817460.870999995,0.8796305976646703
14256,969.06,1701,0.3921161825726141,7818429.930999994,0.8797396375231408
14138,965.8800000000001,1702,0.39234670355002305,7819395.810999994,0.879848319563984
15793,965.61,1703,0.392577224527432,7820361.4209999945,0.8799569712240853
15860,965.16,1704,0.39280774550484093,7821326.580999995,0.8800655722496168
12550,964.83,1705,0.3930382664822499,7822291.410999995,0.8801741361431302
13138,962.39,1706,0.3932687874596588,7823253.800999994,0.8802824254847534
14006,962.19,1707,0.39349930843706776,7824215.990999995,0.8803906923221235
15156,961.49,1708,0.3937298294144767,7825177.480999995,0.880498880394607
16419,958.7099999999999,1709,0.39396035039188565,7826136.190999995,0.8806067556579698
18192,957.97,1710,0.3941908713692946,7827094.160999995,0.8807145476555953
13823,957.6600000000001,1711,0.39442139234670354,7828051.820999995,0.8808223047716283
12697,957.5899999999999,1712,0.3946519133241125,7829009.410999995,0.8809300540111726
14629,955.26,1713,0.3948824343015214,7829964.6709999945,0.881037541076166
15948,955.24,1714,0.39511295527893037,7830919.910999995,0.8811450258907343
17244,954.9,1715,0.3953434762563393,7831874.810999995,0.8812524724480718
17097,954.42,1716,0.39557399723374825,7832829.230999995,0.8813598649952015
15835,954.09,1717,0.3958045182111572,7833783.320999995,0.8814672204103132
14540,952.66,1718,0.39603503918856614,7834735.980999995,0.8815744149200139
15421,950.36,1719,0.3962655601659751,7835686.340999995,0.8816813506308018
13636,949.12,1720,0.396496081143384,7836635.4609999955,0.8817881468152192
12822,948.88,1721,0.39672660212079297,7837584.340999995,0.8818949159945327
17044,948.48,1722,0.3969571230982019,7838532.820999996,0.8820016401653397
13748,948.25,1723,0.39718764407561086,7839481.070999996,0.8821083384562554
12458,947.4000000000001,1724,0.3974181650530198,7840428.470999996,0.8822149411040945
15747,946.6399999999999,1725,0.39764868603042874,7841375.110999996,0.8823214582357711
13261,944.1,1726,0.3978792070078377,7842319.2109999955,0.882427689563431
12820,942.34,1727,0.39810972798524663,7843261.550999995,0.8825337228536618
14075,942.26,1728,0.3983402489626556,7844203.810999995,0.8826397471421913
15289,939.78,1729,0.3985707699400646,7845143.590999995,0.8827454923779802
17527,939.37,1730,0.3988012909174735,7846082.9609999955,0.8828511914800496
17227,939.3199999999999,1731,0.39903181189488246,7847022.280999996,0.8829568849560558
16584,936.08,1732,0.3992623328722914,7847958.360999996,0.8830622138631588
14140,935.05,1733,0.39949285384970035,7848893.410999996,0.8831674268733571
16027,934.62,1734,0.3997233748271093,7849828.030999996,0.8832725914994111
12924,933.7,1735,0.39995389580451823,7850761.730999996,0.8833776526058997
15787,933.26,1736,0.4001844167819272,7851694.990999996,0.8834826642030312
13655,932.97,1737,0.4004149377593361,7852627.9609999955,0.8835876431689954
14532,932.8500000000001,1738,0.40064545873674506,7853560.810999995,0.8836926086324076
18133,931.4999999999999,1739,0.400875979714154,7854492.310999995,0.8837974221921101
16934,931.03,1740,0.40110650069156295,7855423.340999995,0.8839021828668174
17289,931.02,1741,0.4013370216689719,7856354.360999995,0.884006942416312
17552,930.41,1742,0.40156754264638084,7857284.770999995,0.884111633327834
17618,930.28,1743,0.4017980636237898,7858215.050999995,0.8842163096115916
16907,928.76,1744,0.4020285846011987,7859143.810999995,0.8843208148630239
14475,925.85,1745,0.40225910557860767,7860069.660999995,0.884424992677571
14231,925.71,1746,0.4024896265560166,7860995.370999995,0.8845291547391407
17048,925.35,1747,0.40272014753342555,7861920.720999994,0.8846332762930544
15312,924.85,1748,0.4029506685108345,7862845.570999994,0.884737341586335
13805,924.6,1749,0.40318118948824344,7863770.170999994,0.884841378749299
15654,922.53,1750,0.4034117104656524,7864692.700999994,0.8849451829932414
13122,922.39,1751,0.40364223144306133,7865615.0909999935,0.8850489714842065
16551,922.12,1752,0.40387275242047027,7866537.210999994,0.8851527295944297
13934,922.1,1753,0.4041032733978792,7867459.310999993,0.8852564854542275
13035,921.88,1754,0.40433379437528816,7868381.190999993,0.8853602165593467
14081,921.62,1755,0.4045643153526971,7869302.810999993,0.8854639184089367
15576,921.37,1756,0.40479483633010604,7870224.180999993,0.88556759212821
13984,920.51,1757,0.405025357307515,7871144.690999993,0.8856711690791942
17018,920.1,1758,0.40525587828492393,7872064.790999993,0.8857746998964591
12652,919.98,1759,0.4054863992623329,7872984.770999993,0.885878217211172
13075,919.61,1760,0.4057169202397418,7873904.3809999935,0.8859816928930164
16511,918.33,1761,0.40594744121715076,7874822.710999994,0.8860850245476398
15253,918.2,1762,0.4061779621945597,7875740.910999994,0.8861883415744984
13549,918.2,1763,0.40640848317196865,7876659.110999994,0.8862916586013572
14015,917.34,1764,0.4066390041493776,7877576.450999994,0.8863948788599266
14712,917.07,1765,0.40686952512678654,7878493.520999994,0.8864980687377543
15707,916.98,1766,0.4071000461041955,7879410.500999995,0.886601248488668
17236,916.13,1767,0.4073305670816044,7880326.630999994,0.886704332596505
14141,915.1300000000001,1768,0.40756108805901337,7881241.760999994,0.8868073041830756
16216,914.9300000000001,1769,0.4077916090364223,7882156.690999994,0.886910253265393
16809,914.69,1770,0.40802213001383125,7883071.380999994,0.8870131753426064
15587,913.68,1771,0.4082526509912402,7883985.060999994,0.8871159837733407
15364,913.19,1772,0.40848317196864914,7884898.250999995,0.8872187370686545
14359,912.18,1773,0.4087136929460581,7885810.430999994,0.887321376717489
13192,911.94,1774,0.408944213923467,7886722.370999995,0.8874239893612198
14289,911.26,1775,0.40917473490087597,7887633.630999994,0.8875265254904892
13689,910.0,1776,0.4094052558782849,7888543.630999994,0.887628919842963
13782,908.86,1777,0.40963577685569386,7889452.490999995,0.8877311859211929
13038,908.46,1778,0.4098662978331028,7890360.950999995,0.8878334069909164
17323,906.52,1779,0.41009681881051174,7891267.470999994,0.8879354097693828
15480,905.5,1780,0.4103273397879207,7892172.970999994,0.8880372977761575
15807,903.9000000000001,1781,0.41055786076532963,7893076.870999995,0.8881390057489059
16716,901.2,1782,0.4107883817427386,7893978.070999995,0.8882404099142348
17848,901.1999999999999,1783,0.4110189027201475,7894879.270999995,0.8883418140795638
15511,900.53,1784,0.41124942369755646,7895779.800999995,0.8884431428556443
12940,899.6899999999999,1785,0.4114799446749654,7896679.490999996,0.8885443771138609
14625,899.63,1786,0.41171046565237435,7897579.120999996,0.8886456046208014
15079,895.61,1787,0.4119409866297833,7898474.730999996,0.888746379792251
15865,895.13,1788,0.41217150760719223,7899369.860999996,0.8888471009534925
15211,894.4100000000001,1789,0.4124020285846012,7900264.270999996,0.8889477410994223
15066,893.59,1790,0.4126325495620101,7901157.860999996,0.8890482889779134
12772,892.47,1791,0.41286307053941906,7902050.330999996,0.8891487108325862
16361,891.21,1792,0.413093591516828,7902941.540999996,0.8892489909104633
13515,891.12,1793,0.41332411249423695,7903832.660999996,0.8893492608614264
15255,890.85,1794,0.4135546334716459,7904723.510999995,0.8894495004316475
14240,890.34,1795,0.41378515444905484,7905613.850999995,0.8895496826160227
14344,889.9300000000001,1796,0.4140156754264638,7906503.780999995,0.8896498186666787
17007,889.9300000000001,1797,0.4142461964038728,7907393.710999995,0.8897499547173346
17829,889.24,1798,0.4144767173812817,7908282.950999995,0.8898500131283168
17537,887.6700000000001,1799,0.41470723835869067,7909170.620999995,0.8899498948809106
16900,887.11,1800,0.4149377593360996,7910057.730999995,0.8900497136215952
14623,886.7,1801,0.41516828031350855,7910944.430999995,0.8901494862285606
14449,885.8000000000001,1802,0.4153988012909175,7911830.230999995,0.8902491575663861
15822,885.47,1803,0.41562932226832644,7912715.700999995,0.8903487917721937
17704,885.19,1804,0.4158598432457354,7913600.890999995,0.8904483944720467
15799,884.1400000000001,1805,0.4160903642231443,7914485.030999995,0.8905478790245699
15907,882.72,1806,0.41632088520055327,7915367.750999995,0.8906472037968948
18236,882.24,1807,0.4165514061779622,7916249.990999995,0.8907464745590117
17109,881.29,1808,0.41678192715537116,7917131.280999995,0.8908456384259256
13662,881.26,1809,0.4170124481327801,7918012.540999995,0.8909447989172014
13037,881.07,1810,0.41724296911018904,7918893.610999995,0.8910439380294366
15076,880.85,1811,0.417473490087598,7919774.460999995,0.8911430523869931
17027,877.56,1812,0.41770401106500693,7920652.020999994,0.891241796549583
15653,877.4399999999999,1813,0.4179345320424159,7921529.460999995,0.8913405272096211
14770,876.4200000000001,1814,0.4181650530198248,7922405.880999994,0.8914391430979672
15100,876.0,1815,0.41839557399723376,7923281.880999994,0.8915377117273815
16513,874.59,1816,0.4186260949746427,7924156.470999994,0.8916361217018101
16657,874.4300000000001,1817,0.41885661595205165,7925030.900999994,0.8917345136728361
13294,873.74,1818,0.4190871369294606,7925904.640999994,0.8918328280041882
15208,870.12,1819,0.41931765790686953,7926774.760999994,0.8919307350085557
13200,870.09,1820,0.4195481788842785,7927644.850999994,0.8920286386372852
13979,869.87,1821,0.4197786998616874,7928514.720999994,0.8921265175113361
17566,869.77,1822,0.42000922083909636,7929384.490999994,0.8922243851332603
12694,869.6700000000001,1823,0.4202397418165053,7930254.160999994,0.892322241503058
13203,869.46,1824,0.42047026279391425,7931123.620999994,0.8924200742433896
17886,869.28,1825,0.4207007837713232,7931992.900999994,0.8925178867298934
17649,868.49,1826,0.42093130474873214,7932861.390999994,0.8926156103245966
14912,867.8499999999999,1827,0.4211618257261411,7933729.240999994,0.8927132619056892
14715,867.38,1828,0.42139234670355,7934596.620999994,0.8928108606017867
16235,867.3100000000001,1829,0.42162286768095897,7935463.930999993,0.8929084514213954
14597,866.24,1830,0.4218533886583679,7936330.170999994,0.8930059218432491
16567,865.5999999999999,1831,0.42208390963577685,7937195.770999993,0.8931033202514922
13846,865.0600000000001,1832,0.4223144306131858,7938060.830999993,0.8932006578982514
12680,862.81,1833,0.42254495159059474,7938923.640999992,0.8932977423721612
16266,861.89,1834,0.4227754725680037,7939785.530999992,0.8933947233265057
16221,860.86,1835,0.42300599354541263,7940646.390999992,0.8934915883839459
12794,860.41,1836,0.42323651452282157,7941506.8009999925,0.8935884028068162
13339,860.12,1837,0.4234670355002305,7942366.920999993,0.8936851845985192
14577,859.71,1838,0.42369755647763946,7943226.630999993,0.8937819202565029
14553,859.27,1839,0.4239280774550484,7944085.900999992,0.8938786064051294
13566,856.8400000000001,1840,0.42415859843245735,7944942.740999992,0.8939750191270783
16163,856.6,1841,0.4243891194098663,7945799.340999992,0.8940714048439233
12693,855.9100000000001,1842,0.42461964038727523,7946655.250999992,0.8941677129210946
17064,855.45,1843,0.4248501613646842,7947510.700999992,0.8942639692384833
16037,855.02,1844,0.4250806823420931,7948365.7209999915,0.8943601771717272
12878,854.99,1845,0.42531120331950206,7949220.710999992,0.8944563817293334
17560,854.95,1846,0.425541724296911,7950075.660999992,0.8945525817860888
16121,854.6600000000001,1847,0.42577224527431995,7950930.320999992,0.8946487492116769
14193,853.39,1848,0.4260027662517289,7951783.710999992,0.8947447737352566
13991,852.88,1849,0.42623328722913784,7952636.590999992,0.8948407408729905
15022,852.39,1850,0.4264638082065468,7953488.980999991,0.8949366528753038
12379,852.24,1851,0.4266943291839557,7954341.2209999915,0.8950325479994271
16070,852.1500000000001,1852,0.42692485016136467,7955193.370999992,0.8951284329966365
16020,851.01,1853,0.4271553711387736,7956044.380999992,0.895224189719602
18096,849.06,1854,0.42738589211618255,7956893.440999991,0.895319727026098
12713,848.55,1855,0.4276164130935915,7957741.990999991,0.895415206946748
14657,848.22,1856,0.42784693407100044,7958590.210999991,0.8955106497353802
16347,847.45,1857,0.4280774550484094,7959437.660999991,0.8956060058826373
13221,847.4100000000001,1858,0.4283079760258183,7960285.070999991,0.8957013575290436
16877,846.62,1859,0.42853849700322727,7961131.690999991,0.8957966202836495
14803,845.55,1860,0.4287690179806362,7961977.240999991,0.8958917626405002
12847,843.64,1861,0.42899953895804516,7962820.880999991,0.8959866900817319
17624,843.48,1862,0.4292300599354541,7963664.360999991,0.8960815995195611
17929,843.0,1863,0.42946058091286304,7964507.360999991,0.8961764549471825
13929,842.6500000000001,1864,0.42969110189027204,7965350.010999992,0.8962712709923605
16108,842.5,1865,0.429921622867681,7966192.510999992,0.8963660701593485
16560,841.4100000000001,1866,0.43015214384508993,7967033.920999992,0.8964607466781562
14862,841.2,1867,0.4303826648224989,7967875.120999992,0.8965553995674979
17076,841.0799999999999,1868,0.4306131857999078,7968716.200999992,0.8966500389542875
14332,840.21,1869,0.43084370677731676,7969556.410999992,0.8967445804475754
13940,839.14,1870,0.4310742277547257,7970395.550999992,0.8968390015431081
17115,837.5,1871,0.43130474873213465,7971233.050999992,0.8969332381037639
16554,837.1,1872,0.4315352697095436,7972070.150999991,0.8970274296559131
15832,836.79,1873,0.43176579068695253,7972906.940999991,0.8971215863264697
12728,836.33,1874,0.4319963116643615,7973743.270999991,0.8972156912372438
16747,836.06,1875,0.4322268326417704,7974579.330999991,0.8973097657672757
17169,835.78,1876,0.43245735361917936,7975415.110999991,0.8974038087913533
13835,834.5699999999999,1877,0.4326878745965883,7976249.6809999915,0.8974977156646984
17075,834.12,1878,0.43291839557399725,7977083.800999992,0.8975915719034735
16644,833.78,1879,0.4331489165514062,7977917.580999992,0.8976853898850181
15862,832.88,1880,0.43337943752881514,7978750.460999992,0.8977791065974229
14644,830.76,1881,0.4336099585062241,7979581.2209999915,0.8978725847647427
16924,829.89,1882,0.433840479483633,7980411.110999991,0.8979659650385607
13681,827.83,1883,0.43407100046104197,7981238.940999991,0.8980591135185699
12461,826.88,1884,0.4343015214384509,7982065.820999991,0.898152155103376
12781,826.74,1885,0.43453204241585985,7982892.560999991,0.8982451809352047
16494,826.53,1886,0.4347625633932688,7983719.090999992,0.8983381831375675
12427,825.8,1887,0.43499308437067774,7984544.890999991,0.8984311031994057
15164,824.58,1888,0.4352236053480867,7985369.4709999915,0.8985238859852989
16164,822.48,1889,0.4354541263254956,7986191.950999992,0.8986164324765326
12778,822.23,1890,0.43568464730290457,7987014.180999992,0.8987089508374496
13893,821.1,1891,0.4359151682803135,7987835.280999992,0.8988013420493355
17921,820.23,1892,0.43614568925772246,7988655.5109999925,0.8988936353677197
17759,819.96,1893,0.4363762102351314,7989475.470999992,0.8989858983053618
13220,819.29,1894,0.43660673121254034,7990294.7609999925,0.8990780858537555
16092,817.86,1895,0.4368372521899493,7991112.620999993,0.8991701124967382
16869,817.12,1896,0.43706777316735823,7991929.740999993,0.8992620558739836
16943,816.73,1897,0.4372982941447672,7992746.470999993,0.8993539553679352
15649,816.0,1898,0.4375288151221761,7993562.470999993,0.8994457727213622
15399,815.77,1899,0.43775933609958506,7994378.240999993,0.8995375641948978
13811,814.5,1900,0.437989857076994,7995192.740999993,0.8996292127664252
18064,814.0,1901,0.43822037805440295,7996006.740999993,0.8997208050773192
16600,813.52,1902,0.4384508990318119,7996820.2609999925,0.8998123433780054
16621,813.48,1903,0.43868142000922083,7997633.740999993,0.8999038771778409
14421,813.11,1904,0.4389119409866298,7998446.850999993,0.899995369344808
16284,812.6800000000001,1905,0.4391424619640387,7999259.530999993,0.9000868131276303
17980,811.45,1906,0.43937298294144767,8000070.980999993,0.900178118509295
16460,811.23,1907,0.4396035039188566,8000882.210999994,0.900269399136281
16276,810.6000000000001,1908,0.43983402489626555,8001692.810999993,0.9003606088748691
16624,810.5699999999999,1909,0.4400645458736745,8002503.3809999935,0.9004518152378193
15965,808.87,1910,0.44029506685108344,8003312.250999994,0.9005428303146165
14499,808.44,1911,0.4405255878284924,8004120.690999994,0.9006337970072692
15533,807.5699999999999,1912,0.4407561088059013,8004928.260999994,0.90072466580642
12421,807.04,1913,0.44098662978331027,8005735.300999994,0.9008154749692996
13707,806.41,1914,0.4412171507607192,8006541.710999995,0.9009062132437813
12434,806.14,1915,0.44144767173812816,8007347.850999994,0.900996921137521
13637,804.3000000000001,1916,0.4416781927155371,8008152.150999994,0.9010874219921304
18248,804.02,1917,0.44190871369294604,8008956.170999994,0.9011778913407853
12422,803.56,1918,0.442139234670355,8009759.730999993,0.9012683089296575
15644,803.54,1919,0.44236975564776393,8010563.270999993,0.9013587242681045
18265,801.51,1920,0.4426002766251729,8011364.780999993,0.9014489111883806
17114,801.12,1921,0.4428307976025818,8012165.900999993,0.9015390542253627
16367,800.6700000000001,1922,0.44306131857999076,8012966.570999993,0.9016291466277749
15561,800.59,1923,0.4432918395573997,8013767.160999993,0.9017192300284859
13720,799.9,1924,0.44352236053480865,8014567.060999993,0.901809235789523
17905,798.99,1925,0.4437528815122176,8015366.050999993,0.9018991391562077
17703,798.74,1926,0.44398340248962653,8016164.790999994,0.9019890143925757
13280,798.46,1927,0.4442139234670355,8016963.250999994,0.902078858122989
16438,798.35,1928,0.4444444444444444,8017761.600999993,0.9021686894760631
13389,797.96,1929,0.44467496542185336,8018559.560999993,0.9022584769458433
12701,797.71,1930,0.4449054863992623,8019357.270999993,0.9023482362853068
13336,795.12,1931,0.44513600737667125,8020152.390999993,0.9024377041946903
15831,794.64,1932,0.44536652835408025,8020947.030999993,0.9025271180938658
15990,792.11,1933,0.4455970493314892,8021739.140999993,0.9026162473142372
13167,791.3299999999999,1934,0.44582757030889814,8022530.470999993,0.9027052887680207
14976,790.86,1935,0.4460580912863071,8023321.330999994,0.9027942773368091
13016,789.89,1936,0.446288612263716,8024111.220999993,0.902883156759969
16759,789.79,1937,0.44651913324112497,8024901.010999993,0.9029720249310021
13329,789.0,1938,0.4467496542185339,8025690.010999993,0.9030608042102349
14557,788.38,1939,0.44698017519594285,8026478.390999993,0.9031495137262824
13323,787.85,1940,0.4472106961733518,8027266.240999993,0.9032381636060587
13884,787.6,1941,0.44744121715076074,8028053.840999993,0.9033267853555184
16546,787.1500000000001,1942,0.4476717381281697,8028840.990999993,0.9034153564704082
13212,786.83,1943,0.4479022591055786,8029627.820999993,0.9035038915784926
13109,786.54,1944,0.44813278008298757,8030414.360999993,0.9035923940554099
12628,786.46,1945,0.4483633010603965,8031200.820999993,0.9036808875306258
15806,784.58,1946,0.44859382203780546,8031985.400999993,0.9037691694658608
18136,784.33,1947,0.4488243430152144,8032769.730999993,0.9038574232707792
17180,783.97,1948,0.44905486399262334,8033553.700999993,0.9039456365680417
16054,783.9,1949,0.4492853849700323,8034337.600999993,0.9040338419888155
15952,781.91,1950,0.44951590594744123,8035119.510999993,0.9041218234922691
17006,781.78,1951,0.4497464269248502,8035901.290999994,0.9042097903679581
15679,781.28,1952,0.4499769479022591,8036682.570999994,0.9042977009830138
13583,781.03,1953,0.45020746887966806,8037463.600999994,0.9043855834677529
15239,780.5899999999999,1954,0.450437989857077,8038244.190999994,0.9044734164431347
17797,780.4300000000001,1955,0.45066851083448595,8039024.620999994,0.9045612314151139
18228,779.9,1956,0.4508990318118949,8039804.520999994,0.904648986750822
12735,779.5699999999999,1957,0.45112955278930383,8040584.090999994,0.9047367049545121
17411,778.94,1958,0.4513600737667128,8041363.030999995,0.9048243522698043
13375,778.65,1959,0.4515905947441217,8042141.680999995,0.9049119669539293
14815,778.5,1960,0.45182111572153066,8042920.180999995,0.9049995647598642
17414,778.0,1961,0.4520516366989396,8043698.180999995,0.905087106305166
16505,777.6,1962,0.45228215767634855,8044475.780999995,0.905174602841961
13563,777.53,1963,0.4525126786537575,8045253.310999995,0.9052620915022676
12425,777.2,1964,0.45274319963116644,8046030.510999995,0.9053495430305561
15618,776.851,1965,0.4529737206085754,8046807.361999995,0.9054369552889227
15743,775.96,1966,0.4532042415859843,8047583.321999995,0.9055242672908408
13314,775.94,1967,0.45343476256339327,8048359.261999995,0.9056115770423337
13341,775.85,1968,0.4536652835408022,8049135.111999995,0.9056988766669125
16825,775.1800000000001,1969,0.45389580451821115,8049910.291999995,0.9057861009022428
15414,774.9000000000001,1970,0.4541263254956201,8050685.191999995,0.9058732936316185
16043,773.99,1971,0.45435684647302904,8051459.181999995,0.9059603839666418
16222,773.55,1972,0.454587367450438,8052232.731999995,0.9060474247923078
15075,773.03,1973,0.45481788842784693,8053005.761999995,0.9061344071069153
17764,772.55,1974,0.45504840940525587,8053778.311999995,0.9062213354113148
17409,771.85,1975,0.4552789303826648,8054550.161999995,0.9063081849508278
15353,770.12,1976,0.45550945136007376,8055320.281999995,0.9063948398285498
14412,770.03,1977,0.4557399723374827,8056090.311999995,0.906481484579358
12965,769.8100000000001,1978,0.45597049331489165,8056860.121999995,0.9065681045754874
16480,769.29,1979,0.4562010142923006,8057629.411999995,0.9066546660605583
13356,768.24,1980,0.45643153526970953,8058397.651999995,0.9067411093982994
14672,765.55,1981,0.4566620562471185,8059163.201999995,0.9068272500538338
17695,765.34,1982,0.4568925772245274,8059928.541999995,0.9069133670799022
14885,765.3199999999999,1983,0.45712309820193636,8060693.861999995,0.9069994818555454
17516,764.88,1984,0.4573536191793453,8061458.741999995,0.9070855471218311
17268,763.64,1985,0.45758414015675425,8062222.381999995,0.9071714728617465
17466,763.28,1986,0.4578146611341632,8062985.661999995,0.9072573580940061
16806,762.16,1987,0.45804518211157214,8063747.821999995,0.9073431173024472
15599,761.74,1988,0.4582757030889811,8064509.561999995,0.9074288292519563
14883,761.5899999999999,1989,0.45850622406639,8065271.151999995,0.9075145243232756
17425,759.1700000000001,1990,0.45873674504379897,8066030.321999995,0.90759994709313
16036,758.9200000000001,1991,0.4589672660212079,8066789.241999995,0.9076853417326677
15568,758.2900000000001,1992,0.45919778699861685,8067547.531999995,0.9077706654838076
16725,758.27,1993,0.4594283079760258,8068305.801999995,0.9078559869845222
12413,758.1,1994,0.45965882895343474,8069063.901999994,0.9079412893566213
16205,757.63,1995,0.4598893499308437,8069821.531999994,0.9080265388437254
14550,757.37,1996,0.4601198709082526,8070578.901999994,0.9081117590753002
16770,757.1,1997,0.46035039188566157,8071336.001999994,0.908196948926133
15223,755.75,1998,0.4605809128630705,8072091.751999994,0.9082819868732561
13370,754.87,1999,0.46081143384047946,8072846.621999994,0.9083669258016647
18104,754.64,2000,0.46104195481788846,8073601.261999994,0.908451838850182
14234,754.12,2001,0.4612724757952974,8074355.381999994,0.9085366933876409
16470,752.77,2002,0.46150299677270634,8075108.151999993,0.9086213960213898
13730,752.5999999999999,2003,0.4617335177501153,8075860.751999993,0.9087060795265236
13030,752.44,2004,0.46196403872752423,8076613.191999993,0.9087907450282547
16256,752.4300000000001,2005,0.46219455970493317,8077365.621999993,0.9088754094047732
12908,750.0,2006,0.4624250806823421,8078115.621999993,0.9089598003546142
17146,749.78,2007,0.46265560165975106,8078865.401999993,0.9090441665497766
14923,749.1,2008,0.46288612263716,8079614.501999993,0.9091284562304778
15656,748.5,2009,0.46311664361456895,8080363.001999993,0.9092126783984191
16859,747.81,2010,0.4633471645919779,8081110.8119999925,0.9092968229266865
14201,747.44,2011,0.46357768556938683,8081858.251999993,0.9093809258220854
17387,746.81,2012,0.4638082065467958,8082605.0619999925,0.9094649578290863
14050,746.36,2013,0.4640387275242047,8083351.421999993,0.9095489392015175
17034,745.52,2014,0.46426924850161366,8084096.941999992,0.9096328260560848
14790,745.06,2015,0.4644997694790226,8084842.001999992,0.9097166611508694
13950,745.06,2016,0.46473029045643155,8085587.061999992,0.9098004962456541
13236,744.85,2017,0.4649608114338405,8086331.911999991,0.9098843077109727
13354,743.53,2018,0.46519133241124944,8087075.441999991,0.9099679706482199
16730,743.11,2019,0.4654218533886584,8087818.551999992,0.910051586326535
12374,742.9300000000001,2020,0.4656523743660673,8088561.481999991,0.9101351817510221
16891,742.43,2021,0.46588289534347627,8089303.911999991,0.910218720914876
12465,742.19,2022,0.4661134163208852,8090046.101999992,0.910302233073626
14662,741.37,2023,0.46634393729829415,8090787.471999992,0.9103856529649376
13753,741.26,2024,0.4665744582757031,8091528.731999991,0.9104690604789097
13900,740.95,2025,0.46680497925311204,8092269.681999992,0.9105524331112893
17692,740.9399999999999,2026,0.467035500230521,8093010.621999992,0.9106358046184563
15252,740.78,2027,0.4672660212079299,8093751.401999992,0.9107191581222206
12603,739.1999999999999,2028,0.46749654218533887,8094490.6019999925,0.9108023338423838
14756,738.96,2029,0.4677270631627478,8095229.5619999925,0.9108854825574433
12976,738.6,2030,0.46795758414015676,8095968.161999992,0.9109685907648466
17461,735.82,2031,0.4681881051175657,8096703.981999992,0.9110513861631293
15074,735.67,2032,0.46841862609497464,8097439.651999992,0.911134164683222
15045,735.66,2033,0.4686491470723836,8098175.3119999925,0.911216942078102
15215,734.94,2034,0.46887966804979253,8098910.251999993,0.9112996384576703
15525,734.37,2035,0.4691101890272015,8099644.621999993,0.9113822707001166
16146,734.13,2036,0.4693407100046104,8100378.751999993,0.911464875937459
17979,732.4100000000001,2037,0.46957123098201936,8101111.161999993,0.911547287638223
13575,732.0699999999999,2038,0.4698017519594283,8101843.231999993,0.9116296610817565
16099,731.9000000000001,2039,0.47003227293683725,8102575.131999994,0.9117120153966747
16491,731.5,2040,0.4702627939142462,8103306.631999994,0.9117943247030863
14778,730.86,2041,0.47049331489165513,8104037.491999994,0.9118765619958874
13736,729.8,2042,0.4707238358690641,8104767.291999994,0.911958680016146
12468,729.5400000000001,2043,0.470954356846473,8105496.831999994,0.9120407687808754
16261,728.54,2044,0.47118487782388196,8106225.371999994,0.9121227450243382
17666,728.1600000000001,2045,0.4714153988012909,8106953.531999994,0.9122046785097199
13077,728.02,2046,0.47164591977869985,8107681.551999994,0.9122865962421242
13623,727.74,2047,0.4718764407561088,8108409.291999994,0.9123684824685738
14055,725.6400000000001,2048,0.47210696173351774,8109134.9319999935,0.912450132400364
16140,725.18,2049,0.4723374827109267,8109860.111999993,0.9125317305723716
12723,725.0699999999999,2050,0.4725680036883356,8110585.1819999935,0.9126133163670399
15636,724.76,2051,0.47279852466574457,8111309.941999993,0.9126948672801155
12475,723.38,2052,0.4730290456431535,8112033.321999993,0.9127762629138435
17521,723.21,2053,0.47325956662056246,8112756.531999993,0.9128576394189561
15272,721.94,2054,0.4734900875979714,8113478.471999994,0.9129388730220604
14869,721.45,2055,0.47372060857538034,8114199.921999994,0.9130200514897442
15584,720.86,2056,0.4739511295527893,8114920.781999994,0.9131011635698807
18062,720.52,2057,0.47418165053019823,8115641.301999994,0.9131822373927866
16023,719.8100000000001,2058,0.47441217150760717,8116361.111999993,0.9132632313255933
15274,716.5699999999999,2059,0.4746426924850161,8117077.6819999935,0.9133438606894967
12535,716.3499999999999,2060,0.47487321346242506,8117794.031999993,0.9134244652987215
15400,716.2,2061,0.475103734439834,8118510.231999993,0.9135050530297564
17029,716.0,2062,0.47533425541724295,8119226.231999993,0.9135856182565378
17888,716.0,2063,0.4755647763946519,8119942.231999993,0.9136661834833194
15330,714.96,2064,0.47579529737206083,8120657.191999993,0.9137466316879839
15757,714.4200000000001,2065,0.4760258183494698,8121371.611999993,0.9138270191311644
18035,713.89,2066,0.4762563393268787,8122085.501999993,0.9139073469380736
12616,713.3,2067,0.47648686030428766,8122798.801999993,0.9139876083574358
13169,712.8800000000001,2068,0.47671738128169666,8123511.681999993,0.9140678225178659
13147,712.8000000000001,2069,0.4769479022591056,8124224.481999992,0.9141480276765948
17761,712.78,2070,0.47717842323651455,8124937.261999993,0.9142282305848983
13416,712.5,2071,0.4774089442139235,8125649.761999993,0.9143084019872473
13587,712.4,2072,0.47763946519133244,8126362.161999993,0.9143885621374697
17642,712.29,2073,0.4778699861687414,8127074.451999993,0.9144687099103527
15855,712.24,2074,0.4781005071461503,8127786.691999993,0.9145488520571723
13705,711.86,2075,0.47833102812355927,8128498.551999994,0.9146289514459108
17179,711.79,2076,0.4785615491009682,8129210.341999994,0.9147090429581606
13249,711.4100000000001,2077,0.47879207007837715,8129921.751999994,0.914789091712329
14867,710.2800000000001,2078,0.4790225910557861,8130632.031999994,0.9148690133174665
16362,709.99,2079,0.47925311203319504,8131342.021999994,0.9149489022914367
14127,709.71,2080,0.479483633010604,8132051.731999994,0.9150287597594522
16136,709.38,2081,0.4797141539880129,8132761.111999994,0.9151085800954498
15951,708.22,2082,0.47994467496542187,8133469.331999994,0.9151882699067783
16449,707.69,2083,0.4801751959428308,8134177.021999994,0.9152679000818357
12453,707.09,2084,0.48040571692023976,8134884.111999994,0.915347462744133
16309,706.5699999999999,2085,0.4806362378976487,8135590.681999994,0.915426966895372
14126,706.1300000000001,2086,0.48086675887505764,8136296.811999994,0.9155064215372536
16364,705.79,2087,0.4810972798524666,8137002.601999994,0.9155858379219046
16882,705.12,2088,0.48132780082987553,8137707.7219999945,0.9156651789173071
16015,704.55,2089,0.4815583218072845,8138412.271999994,0.9157444557755877
17934,704.25,2090,0.4817888427846934,8139116.521999994,0.9158236988774885
12612,704.0400000000001,2091,0.48201936376210236,8139820.561999994,0.9159029183499232
17974,703.99,2092,0.4822498847395113,8140524.551999995,0.9159821321962947
12883,703.47,2093,0.48248040571692025,8141228.021999994,0.9160612875316074
15103,703.36,2094,0.4827109266943292,8141931.381999995,0.916140430489581
16997,702.0,2095,0.48294144767173813,8142633.381999995,0.9162194204186322
14179,701.57,2096,0.4831719686491471,8143334.951999995,0.9162983619635389
14198,701.4000000000001,2097,0.483402489626556,8144036.351999995,0.9163772843798302
14356,701.23,2098,0.48363301060396496,8144737.581999996,0.9164561876675063
13238,700.73,2099,0.4838635315813739,8145438.311999996,0.9165350346945491
17734,700.6300000000001,2100,0.48409405255878285,8146138.941999996,0.9166138704694652
17812,699.81,2101,0.4843245735361918,8146838.751999996,0.9166926139769428
17423,698.4100000000001,2102,0.48455509451360074,8147537.161999996,0.9167711999546474
14829,697.55,2103,0.4847856154910097,8148234.711999996,0.9168496891640628
17472,697.54,2104,0.4850161364684186,8148932.251999996,0.9169281772482656
15800,696.89,2105,0.48524665744582757,8149629.141999995,0.9170065921936451
15700,696.68,2106,0.4854771784232365,8150325.821999995,0.9170849835095588
14009,695.61,2107,0.48570769940064545,8151021.431999995,0.9171632544277173
14959,695.42,2108,0.4859382203780544,8151716.851999995,0.9172415039668352
17884,695.0699999999999,2109,0.48616874135546334,8152411.921999996,0.9173197141235099
15304,694.4,2110,0.4863992623328723,8153106.321999996,0.917397848890936
12925,694.05,2111,0.4866297833102812,8153800.371999996,0.9174759442759188
15053,693.95,2112,0.48686030428769017,8154494.321999996,0.9175540284087751
14643,693.81,2113,0.4870908252650991,8155188.131999996,0.917632096788654
12410,693.33,2114,0.48732134624250806,8155881.461999996,0.917710111158325
13601,693.3199999999999,2115,0.487551867219917,8156574.781999996,0.9177881244027833
14111,692.85,2116,0.48778238819732594,8157267.631999996,0.9178660847622464
17198,692.22,2117,0.4880129091747349,8157959.851999995,0.9179439742333116
17733,692.19,2118,0.48824343015214383,8158652.041999996,0.918021860328739
14880,690.59,2119,0.4884739511295528,8159342.631999996,0.9180995663901399
16212,690.34,2120,0.4887044721069617,8160032.971999995,0.9181772443212242
17796,690.0,2121,0.48893499308437066,8160722.971999995,0.9182548839950778
18085,689.95,2122,0.4891655140617796,8161412.921999996,0.9183325180428683
13023,689.9000000000001,2123,0.48939603503918855,8162102.821999996,0.9184101464645954
15181,689.48,2124,0.4896265560165975,8162792.301999996,0.9184877276273906
17502,689.1,2125,0.48985707699400644,8163481.401999996,0.9185652660321044
13799,688.8599999999999,2126,0.4900875979714154,8164170.261999996,0.9186427774317144
16642,688.33,2127,0.4903181189488243,8164858.591999996,0.9187202291950533
18196,686.63,2128,0.49054863992623327,8165545.221999996,0.918797489672239
12658,686.05,2129,0.4907791609036422,8166231.271999996,0.9188746848870901
15038,685.74,2130,0.49100968188105115,8166917.011999996,0.9189518452203488
16122,684.4200000000001,2131,0.4912402028584601,8167601.431999996,0.9190288570255357
15669,684.34,2132,0.49147072383586904,8168285.771999996,0.9191058598290213
17874,683.46,2133,0.491701244813278,8168969.231999996,0.9191827636137924
14222,683.17,2134,0.4919317657906869,8169652.401999996,0.9192596347673961
15582,682.9100000000001,2135,0.49216228676809587,8170335.311999996,0.9193364766654707
17341,682.29,2136,0.49239280774550487,8171017.601999996,0.9194132488003601
18135,681.9100000000001,2137,0.4926233287229138,8171699.511999996,0.9194899781771683
17397,681.4100000000001,2138,0.49285384970032275,8172380.9219999965,0.9195666512933431
12478,680.99,2139,0.4930843706777317,8173061.911999997,0.9196432771505861
18082,680.84,2140,0.49331489165514064,8173742.751999997,0.9197198861296391
13524,680.1800000000001,2141,0.4935454126325496,8174422.931999996,0.9197964208446562
16872,680.02,2142,0.49377593360995853,8175102.951999996,0.9198729375562706
15322,679.68,2143,0.49400645458736747,8175782.631999996,0.9199494160106545
13430,679.45,2144,0.4942369755647764,8176462.081999996,0.9200258685851471
14788,679.44,2145,0.49446749654218536,8177141.521999996,0.9201023200344272
13925,678.25,2146,0.4946980175195943,8177819.771999996,0.9201786375834
13548,678.16,2147,0.49492853849700325,8178497.931999996,0.9202549450054589
13388,677.0999999999999,2148,0.4951590594744122,8179175.031999996,0.9203311331549753
13040,676.99,2149,0.49538958045182113,8179852.021999996,0.9204073089271525
16377,676.2,2150,0.4956201014292301,8180528.221999996,0.9204833958075291
15626,675.8,2151,0.495850622406639,8181204.021999996,0.9205594376793992
17462,675.6899999999999,2152,0.49608114338404796,8181879.711999997,0.92063546717393
15574,675.64,2153,0.4963116643614569,8182555.351999996,0.9207114910423974
18156,675.64,2154,0.49654218533886585,8183230.991999996,0.9207875149108647
12942,675.6,2155,0.4967727063162748,8183906.5919999955,0.9208635342784814
13607,675.51,2156,0.49700322729368374,8184582.101999995,0.9209395435191843
13325,675.3,2157,0.4972337482710927,8185257.401999995,0.9210155291304211
17994,674.89,2158,0.4974642692485016,8185932.291999995,0.9210914686079386
13838,674.8199999999999,2159,0.49769479022591057,8186607.111999995,0.9211674002089676
13355,674.7,2160,0.4979253112033195,8187281.811999995,0.9212433183074445
13464,674.68,2161,0.49815583218072845,8187956.491999995,0.9213192341554961
17749,674.52,2162,0.4983863531581374,8188631.0119999945,0.9213951320001451
13951,674.45,2163,0.49861687413554634,8189305.461999995,0.9214710219683054
14504,673.26,2164,0.4988473951129553,8189978.7219999945,0.9215467780361587
13258,672.83,2165,0.4990779160903642,8190651.551999995,0.9216224857198674
14628,671.96,2166,0.49930843706777317,8191323.5119999945,0.9216980955100742
12838,671.95,2167,0.4995389580451821,8191995.461999995,0.9217737041750684
12638,671.69,2168,0.49976947902259106,8192667.151999995,0.9218492835845334
12418,668.58,2169,0.5,8193335.731999995,0.9219245130528597
14342,668.56,2170,0.5002305209774089,8194004.291999995,0.9219997402707606
13741,668.4300000000001,2171,0.5004610419548179,8194672.7219999945,0.9220749528608969
16268,667.65,2172,0.5006915629322268,8195340.371999995,0.9221500776844453
15969,666.1,2173,0.5009220839096358,8196006.4719999945,0.9222250281000308
17105,665.78,2174,0.5011526048870447,8196672.251999995,0.922299942508811
13963,664.54,2175,0.5013831258644537,8197336.791999995,0.9223747173912208
17883,664.34,2176,0.5016136468418626,8198001.131999995,0.9224494697693773
16208,664.26,2177,0.5018441678192715,8198665.391999994,0.9225242131458323
13596,664.11,2178,0.5020746887966805,8199329.501999995,0.9225989396440977
15643,664.0,2179,0.5023052097740894,8199993.501999995,0.9226736537650235
14720,663.8100000000001,2180,0.5025357307514984,8200657.311999994,0.9227483465069087
13240,663.65,2181,0.5027662517289073,8201320.961999995,0.9228230212453914
16573,663.61,2182,0.5029967727063163,8201984.571999995,0.9228976914830235
16774,661.52,2183,0.5032272936837252,8202646.091999995,0.9229721265512084
13028,661.3199999999999,2184,0.5034578146611342,8203307.411999995,0.9230465391151403
14603,660.0,2185,0.5036883356385431,8203967.411999995,0.9231208031510004
15492,659.46,2186,0.503918856615952,8204626.871999995,0.9231950064253766
13759,659.41,2187,0.504149377593361,8205286.281999995,0.9232692040736894
16357,658.88,2188,0.5043798985707699,8205945.161999995,0.9233433420857311
14150,658.6400000000001,2189,0.5046104195481789,8206603.801999995,0.9234174530926688
16696,657.9000000000001,2190,0.5048409405255878,8207261.701999995,0.9234914808338693
14818,657.8,2191,0.5050714615029968,8207919.501999995,0.9235654973229431
17459,657.3,2192,0.5053019824804057,8208576.801999995,0.9236394575513838
15677,657.23,2193,0.5055325034578146,8209234.031999995,0.9237134099033358
17321,657.16,2194,0.5057630244352236,8209891.191999995,0.9237873543787992
16157,656.69,2195,0.5059935454126325,8210547.881999996,0.9238612459692673
13049,656.6800000000001,2196,0.5062240663900415,8211204.561999995,0.9239351364345227
16708,656.63,2197,0.5064545873674504,8211861.191999995,0.9240090212737149
17299,656.61,2198,0.5066851083448594,8212517.8019999955,0.9240829038624817
16127,656.25,2199,0.5069156293222683,8213174.0519999955,0.9241567459435925
14894,655.75,2200,0.5071461502996772,8213829.8019999955,0.9242305317640702
14725,655.58,2201,0.5073766712770862,8214485.381999996,0.9243042984559325
16444,654.67,2202,0.5076071922544951,8215140.0519999955,0.9243779627534424
14651,653.75,2203,0.5078377132319041,8215793.8019999955,0.9244515235313872
17398,653.38,2204,0.508068234209313,8216447.181999995,0.9245250426764633
18151,653.35,2205,0.508298755186722,8217100.531999995,0.9245985584459014
13496,653.3299999999999,2206,0.5085292761641309,8217753.861999995,0.9246720719649142
18121,653.3,2207,0.5087597971415398,8218407.161999995,0.924745582108289
15205,653.24,2208,0.5089903181189488,8219060.401999995,0.9248190855003879
15031,653.19,2209,0.5092208390963577,8219713.5919999955,0.9248925832664234
14548,652.8,2210,0.5094513600737667,8220366.391999995,0.924966037149165
17523,652.74,2211,0.5096818810511756,8221019.131999996,0.9250394842806307
16056,650.75,2212,0.5099124020285846,8221669.881999996,0.925112707494776
15571,650.4300000000001,2213,0.5101429230059935,8222320.311999995,0.9251858947021161
16969,650.41,2214,0.5103734439834025,8222970.721999995,0.925259079659031
17779,650.3199999999999,2215,0.5106039649608114,8223621.041999996,0.9253322544890318
14034,648.89,2216,0.5108344859382203,8224269.931999995,0.9254052684136215
16495,648.26,2217,0.5110650069156293,8224918.191999995,0.9254782114498133
17777,647.56,2218,0.5112955278930382,8225565.751999995,0.9255510757211187
17373,646.9200000000001,2219,0.5115260488704472,8226212.671999995,0.9256238679788136
16014,646.83,2220,0.5117565698478561,8226859.501999995,0.9256966501095945
16734,646.76,2221,0.5119870908252651,8227506.2619999945,0.9257694243638867
12589,646.68,2222,0.512217611802674,8228152.941999994,0.9258421896164775
14044,646.42,2223,0.5124481327800829,8228799.361999994,0.925914925613539
15651,646.3000000000001,2224,0.5126786537574919,8229445.661999994,0.9259876481080487
14855,645.6500000000001,2225,0.5129091747349008,8230091.311999994,0.9260602974637352
12719,644.95,2226,0.5131396957123098,8230736.2619999945,0.9261328680545352
17312,644.3,2227,0.5133702166897187,8231380.561999994,0.9262053655065119
14451,643.9,2228,0.5136007376671277,8232024.461999995,0.9262778179499821
16383,643.76,2229,0.5138312586445366,8232668.2219999945,0.9263502546404749
14020,642.8,2230,0.5140617796219455,8233311.021999994,0.9264225833105519
13034,642.77,2231,0.5142923005993545,8233953.791999994,0.926494908604991
15384,642.41,2232,0.5145228215767634,8234596.201999994,0.9265671933917741
17545,642.3199999999999,2233,0.5147533425541724,8235238.521999994,0.9266394680516433
17046,642.02,2234,0.5149838635315813,8235880.541999994,0.9267117089551324
15297,641.94,2235,0.5152143845089903,8236522.481999994,0.9267839408569204
18218,641.92,2236,0.5154449054863992,8237164.401999994,0.926856170508283
12365,641.38,2237,0.5156754264638083,8237805.781999994,0.9269283393981617
12624,641.13,2238,0.5159059474412172,8238446.911999994,0.9270004801577237
13417,640.8299999999999,2239,0.5161364684186261,8239087.741999994,0.9270725871609059
13318,640.76,2240,0.5163669893960351,8239728.501999994,0.9271446862875994
12631,640.5,2241,0.516597510373444,8240369.001999994,0.9272167561587635
14301,640.14,2242,0.516828031350853,8241009.1419999935,0.9272887855222718
15648,639.5,2243,0.5170585523282619,8241648.6419999935,0.9273607428721695
17515,639.02,2244,0.5172890733056709,8242287.661999993,0.9274326462118594
18160,638.06,2245,0.5175195942830798,8242925.721999993,0.9275044415311333
14754,638.0500000000001,2246,0.5177501152604888,8243563.771999992,0.9275762357251948
14128,637.5,2247,0.5179806362378977,8244201.271999992,0.9276479680325596
14481,636.51,2248,0.5182111572153066,8244837.781999992,0.9277195889438706
14664,636.24,2249,0.5184416781927156,8245474.021999992,0.9277911794744398
15829,636.14,2250,0.5186721991701245,8246110.161999992,0.9278627587528822
15773,635.6800000000001,2251,0.5189027201475335,8246745.841999992,0.9279342862715421
14000,635.66,2252,0.5191332411249424,8247381.501999992,0.9280058115397767
16139,635.4100000000001,2253,0.5193637621023514,8248016.911999992,0.9280773086776946
13892,632.9699999999999,2254,0.5195942830797603,8248649.881999992,0.9281485312637224
14220,632.4000000000001,2255,0.5198248040571692,8249282.281999992,0.9282196897126284
16306,632.27,2256,0.5200553250345782,8249914.551999992,0.9282908335337696
18183,632.07,2257,0.5202858460119871,8250546.621999992,0.9283619548506576
13822,632.0,2258,0.5205163669893961,8251178.621999992,0.928433068291057
14021,631.9,2259,0.520746887966805,8251810.521999992,0.9285041704793298
15244,631.5699999999999,2260,0.520977408944214,8252442.091999993,0.9285752355355845
17985,631.35,2261,0.5212079299216229,8253073.441999992,0.9286462758371606
13539,631.34,2262,0.5214384508990318,8253704.781999992,0.9287173150135241
16418,631.12,2263,0.5216689718764408,8254335.901999992,0.928788329435209
17990,630.8399999999999,2264,0.5218994928538497,8254966.741999992,0.9288593123509392
13046,629.3100000000001,2265,0.5221300138312587,8255596.051999992,0.9289301231091317
13525,628.78,2266,0.5223605348086676,8256224.831999992,0.9290008742310532
14687,628.38,2267,0.5225910557860766,8256853.211999992,0.9290715803444679
13518,627.16,2268,0.5228215767634855,8257480.371999992,0.9291421491819376
15028,627.13,2269,0.5230520977408945,8258107.501999992,0.9292127146437693
15402,626.77,2270,0.5232826187183034,8258734.2719999915,0.929283239597945
14036,626.65,2271,0.5235131396957123,8259360.921999992,0.929353751049569
12577,626.6,2272,0.5237436606731213,8259987.5219999915,0.9294242568751294
13914,626.45,2273,0.5239741816505302,8260613.971999992,0.9294947458224999
16469,625.42,2274,0.5242047026279392,8261239.391999992,0.929565118872966
16750,623.9300000000001,2275,0.5244352236053481,8261863.321999991,0.929635324266745
12649,623.51,2276,0.524665744582757,8262486.831999991,0.9297054824015921
15147,623.5,2277,0.524896265560166,8263110.331999991,0.9297756394112267
13368,623.4,2278,0.5251267865375749,8263733.731999991,0.9298457851687345
16431,623.28,2279,0.5253573075149839,8264357.011999992,0.9299159174236904
15258,623.1600000000001,2280,0.5255878284923928,8264980.171999992,0.9299860361760942
17499,622.88,2281,0.5258183494698018,8265603.051999992,0.9300561234225435
15182,622.85,2282,0.5260488704472107,8266225.901999991,0.9301262072933548
17460,622.4300000000001,2283,0.5262793914246197,8266848.331999991,0.9301962439052341
15768,621.83,2284,0.5265099124020286,8267470.161999991,0.9302662130043536
18217,621.75,2285,0.5267404333794375,8268091.911999991,0.9303361731017719
16915,621.6800000000001,2286,0.5269709543568465,8268713.591999991,0.9304061253227013
17640,621.66,2287,0.5272014753342554,8269335.251999991,0.9304760752932055
14152,621.29,2288,0.5274319963116644,8269956.541999991,0.9305459836308412
13402,621.23,2289,0.5276625172890733,8270577.7719999915,0.9306158852172008
13546,621.09,2290,0.5278930382664823,8271198.861999991,0.9306857710505831
16141,620.4000000000001,2291,0.5281235592438912,8271819.261999992,0.9307555792442916
12667,620.13,2292,0.5283540802213001,8272439.391999992,0.9308253570572582
13493,618.63,2293,0.5285846011987091,8273058.0219999915,0.930894966088325
16613,618.59,2294,0.528815122176118,8273676.611999991,0.9309645706185412
13145,618.52,2295,0.529045643153527,8274295.131999991,0.9310341672722686
12596,618.27,2296,0.5292761641309359,8274913.40199999,0.9311037357956795
13301,618.09,2297,0.5295066851083449,8275531.49199999,0.9311732840652625
16134,618.0899999999999,2298,0.5297372060857538,8276149.58199999,0.9312428323348454
14593,617.15,2299,0.5299677270631628,8276766.7319999905,0.9313122748344379
14377,617.05,2300,0.5301982480405717,8277383.78199999,0.9313817060819037
16311,616.26,2301,0.5304287690179806,8278000.04199999,0.9314510484375691
14905,616.1500000000001,2302,0.5306592899953896,8278616.1919999905,0.9315203784158952
14382,615.49,2303,0.5308898109727985,8279231.681999991,0.9315896341301854
15275,615.14,2304,0.5311203319502075,8279846.82199999,0.9316588504620322
16566,614.66,2305,0.5313508529276164,8280461.4819999905,0.9317280127836713
16116,612.78,2306,0.5315813739050254,8281074.261999991,0.9317969635653294
18022,612.72,2307,0.5318118948824343,8281686.9819999905,0.9318659075957115
12513,612.29,2308,0.5320424158598432,8282299.271999991,0.931934803241949
18149,612.0799999999999,2309,0.5322729368372522,8282911.351999991,0.9320036752587206
15232,612.06,2310,0.5325034578146611,8283523.41199999,0.9320725450250668
15645,612.01,2311,0.5327339787920701,8284135.42199999,0.9321414091653497
16109,611.8799999999999,2312,0.532964499769479,8284747.30199999,0.932210258677868
16763,611.85,2313,0.533195020746888,8285359.1519999895,0.9322791048147482
13731,610.59,2314,0.5334255417242969,8285969.741999989,0.9323478091748327
12673,610.52,2315,0.5336560627017058,8286580.261999989,0.9324165056584286
15795,610.01,2316,0.5338865836791148,8287190.271999989,0.9324851447561786
14636,609.85,2317,0.5341171046565237,8287800.121999988,0.9325537658505259
13357,609.4,2318,0.5343476256339327,8288409.521999989,0.9326223363103034
16442,609.3,2319,0.5345781466113416,8289018.8219999885,0.9326908955179543
13933,608.79,2320,0.5348086675887506,8289627.611999989,0.9327593973397591
12933,607.53,2321,0.5350391885661595,8290235.141999989,0.9328277573847684
17119,606.91,2322,0.5352697095435685,8290842.051999989,0.9328960476665924
16718,606.0500000000001,2323,0.5355002305209774,8291448.101999989,0.9329642411801272
17849,605.8,2324,0.5357307514983863,8292053.901999989,0.9330324065633454
14133,605.64,2325,0.5359612724757953,8292659.541999988,0.9331005539431609
17507,605.5799999999999,2326,0.5361917934532042,8293265.121999988,0.9331686945717006
13233,605.12,2327,0.5364223144306132,8293870.241999988,0.9332367834404577
14323,605.06,2328,0.5366528354080221,8294475.301999988,0.9333048655579387
17664,604.64,2329,0.536883356385431,8295079.941999988,0.9333729004164878
12944,604.51,2330,0.53711387736284,8295684.4519999875,0.9334409206472722
16732,603.75,2331,0.5373443983402489,8296288.2019999875,0.9335088553618943
12707,603.42,2332,0.5375749193176579,8296891.621999987,0.9335767529444984
16022,602.63,2333,0.5378054402950668,8297494.251999987,0.9336445616353019
15366,602.51,2334,0.5380359612724758,8298096.761999987,0.9337123568235535
12654,601.98,2335,0.5382664822498847,8298698.7419999875,0.9337800923755338
14609,601.56,2336,0.5384970032272937,8299300.301999987,0.9338477806685823
16654,601.27,2337,0.5387275242047026,8299901.571999987,0.9339154363304635
12420,600.39,2338,0.5389580451821115,8300501.961999986,0.9339829929736301
18211,600.07,2339,0.5391885661595205,8301102.031999987,0.9340505136099916
12872,599.97,2340,0.5394190871369294,8301702.001999986,0.9341180229942264
12521,599.68,2341,0.5396496081143384,8302301.681999986,0.9341854997472939
12556,599.56,2342,0.5398801290917473,8302901.241999986,0.9342529629978094
14710,599.48,2343,0.5401106500691563,8303500.721999986,0.9343204172466236
17420,598.83,2344,0.5403411710465652,8304099.551999986,0.9343877983566147
15720,598.73,2345,0.5405716920239741,8304698.281999987,0.9344551682144792
13311,598.57,2346,0.5408022130013831,8305296.851999987,0.934522520068941
16298,598.2,2347,0.541032733978792,8305895.051999987,0.9345898302905342
14108,597.91,2348,0.541263254956201,8306492.961999987,0.9346571078809601
14645,597.09,2349,0.5414937759336099,8307090.051999987,0.9347242932039475
15381,596.8499999999999,2350,0.5417242969110189,8307686.901999987,0.934791451521831
14675,596.36,2351,0.5419548178884278,8308283.261999987,0.9348585547042939
14467,596.26,2352,0.5421853388658368,8308879.521999987,0.9349256466346301
18246,596.1,2353,0.5424158598432457,8309475.6219999865,0.9349927205615637
14965,596.0899999999999,2354,0.5426463808206546,8310071.711999986,0.9350597933632846
13888,595.6700000000001,2355,0.5428769017980636,8310667.381999986,0.9351268189060736
17658,595.4200000000001,2356,0.5431074227754725,8311262.801999986,0.935193816318546
14284,595.25,2357,0.5433379437528815,8311858.051999986,0.9352607946024032
13558,594.52,2358,0.5435684647302904,8312452.571999986,0.9353276907457357
16788,594.3900000000001,2359,0.5437989857076994,8313046.961999985,0.9353945722613037
16325,594.24,2360,0.5440295066851083,8313641.201999986,0.9354614368986818
13959,594.04,2361,0.5442600276625172,8314235.241999986,0.9355282790318065
15442,594.0,2362,0.5444905486399262,8314829.241999986,0.9355951166640806
12917,594.0,2363,0.5447210696173351,8315423.241999986,0.9356619542963547
16535,593.75,2364,0.5449515905947441,8316016.991999986,0.935728763798312
18232,592.97,2365,0.545182111572153,8316609.961999985,0.9357954855336816
16203,592.9,2366,0.545412632549562,8317202.861999986,0.9358621993925627
14692,591.5500000000001,2367,0.5456431535269709,8317794.411999986,0.935928761347734
15573,591.1899999999999,2368,0.5458736745043798,8318385.601999986,0.9359952827952494
13276,590.9300000000001,2369,0.5461041954817888,8318976.531999986,0.9360617749872353
13270,590.0,2370,0.5463347164591977,8319566.531999986,0.9361281625344435
13452,590.0,2371,0.5465652374366067,8320156.531999986,0.9361945500816519
14882,589.7,2372,0.5467957584140156,8320746.231999986,0.9362609038724802
16838,588.85,2373,0.5470262793914247,8321335.0819999855,0.9363271620202319
14338,588.22,2374,0.5472568003688336,8321923.301999985,0.9363933492795858
15624,588.13,2375,0.5474873213462426,8322511.431999985,0.9364595264120258
17351,587.15,2376,0.5477178423236515,8323098.5819999855,0.9365255932736247
17890,586.89,2377,0.5479483633010604,8323685.471999985,0.9365916308796943
12384,585.27,2378,0.5481788842784694,8324270.741999985,0.9366574862013122
13243,585.12,2379,0.5484094052558783,8324855.861999985,0.9367233246447401
15222,585.0,2380,0.5486399262332873,8325440.861999985,0.9367891495856161
16384,584.5,2381,0.5488704472106962,8326025.361999985,0.9368549182658589
16072,584.3199999999999,2382,0.5491009681881052,8326609.681999985,0.9369206666922737
14023,584.0699999999999,2383,0.5493314891655141,8327193.751999985,0.9369863869883719
13557,584.06,2384,0.549562010142923,8327777.811999985,0.9370521061592573
15762,583.75,2385,0.549792531120332,8328361.561999985,0.9371177904485503
17014,583.4300000000001,2386,0.5500230520977409,8328944.991999985,0.9371834387310378
12426,582.73,2387,0.5502535730751499,8329527.721999985,0.937249008248639
13427,582.6,2388,0.5504840940525588,8330110.321999985,0.9373145631384755
12695,582.1,2389,0.5507146150299678,8330692.421999984,0.9373800617676786
17259,581.23,2390,0.5509451360073767,8331273.651999985,0.9374454625033801
18095,580.05,2391,0.5511756569847857,8331853.701999985,0.9375107304639871
17142,579.0,2392,0.5514061779621946,8332432.701999985,0.9375758802772645
13292,578.94,2393,0.5516366989396035,8333011.641999985,0.9376410233392657
17540,578.9000000000001,2394,0.5518672199170125,8333590.541999985,0.9377061619004163
16005,578.71,2395,0.5520977408944214,8334169.251999985,0.9377712790825263
14529,578.61,2396,0.5523282618718304,8334747.861999986,0.9378363850125097
12601,577.06,2397,0.5525587828492393,8335324.921999985,0.93790131653453
14176,576.9000000000001,2398,0.5527893038266483,8335901.821999986,0.9379662300531477
16723,576.4,2399,0.5530198248040572,8336478.221999986,0.9380310873111323
15830,576.0,2400,0.5532503457814661,8337054.221999986,0.9380958995606101
15550,575.63,2401,0.5534808667588751,8337629.851999986,0.9381606701772194
13487,575.4,2402,0.553711387736284,8338205.251999986,0.9382254149139374
14400,574.7,2403,0.553941908713693,8338779.951999987,0.9382900808857689
18123,574.44,2404,0.5541724296911019,8339354.391999987,0.9383547176020712
15339,574.0699999999999,2405,0.5544029506685109,8339928.461999987,0.9384193126855049
15303,574.02,2406,0.5546334716459198,8340502.481999987,0.9384839021428751
12879,573.22,2407,0.5548639926233288,8341075.701999987,0.9385484015832323
13379,572.56,2408,0.5550945136007377,8341648.261999986,0.9386128267595535
13405,572.451,2409,0.5553250345781466,8342220.7129999865,0.9386772396710568
12816,572.2,2410,0.5555555555555556,8342792.912999987,0.9387416243397222
13816,571.6700000000001,2411,0.5557860765329645,8343364.582999987,0.9388059493721163
17616,571.1999999999999,2412,0.5560165975103735,8343935.782999987,0.9388702215195152
15821,570.96,2413,0.5562471184877824,8344506.742999987,0.9389344666618101
15315,570.5,2414,0.5564776394651914,8345077.242999987,0.9389986600443225
13939,568.55,2415,0.5567081604426003,8345645.792999987,0.9390626340103653
17360,568.24,2416,0.5569386814200092,8346214.032999987,0.9391265730948155
13321,567.36,2417,0.5571692023974182,8346781.392999987,0.9391904131605513
16667,567.18,2418,0.5573997233748271,8347348.572999987,0.939254232972459
18150,566.58,2419,0.5576302443522361,8347915.152999987,0.9393179852716069
16278,566.38,2420,0.557860765329645,8348481.532999987,0.9393817150665015
16345,565.46,2421,0.558091286307054,8349046.992999987,0.9394453413418309
13894,564.62,2422,0.5583218072844629,8349611.612999987,0.9395088730992965
15344,563.9399999999999,2423,0.5585523282618718,8350175.552999987,0.9395723283423011
16933,563.23,2424,0.5587828492392808,8350738.782999988,0.9396357036952063
14753,563.15,2425,0.5590133702166897,8351301.932999988,0.9396990700464103
17970,562.79,2426,0.5592438911940987,8351864.722999988,0.9397623958899584
14167,562.59,2427,0.5594744121715076,8352427.312999988,0.9398256992292531
16916,562.4100000000001,2428,0.5597049331489166,8352989.722999988,0.9398889823147198
12414,562.41,2429,0.5599354541263255,8353552.132999988,0.9399522654001866
12559,561.71,2430,0.5601659751037344,8354113.842999988,0.9400154697207669
13946,561.57,2431,0.5603964960811434,8354675.4129999885,0.9400786582883699
15655,560.6700000000001,2432,0.5606270170585523,8355236.082999988,0.9401417455868329
13044,560.47,2433,0.5608575380359613,8355796.552999988,0.9402048103810428
14273,559.97,2434,0.5610880590133702,8356356.522999988,0.9402678189146194
16275,559.87,2435,0.5613185799907792,8356916.392999988,0.9403308161960694
15415,559.61,2436,0.5615491009681881,8357476.002999988,0.94039378422199
16906,559.59,2437,0.561779621945597,8358035.592999988,0.9404567499974854
12866,559.12,2438,0.562010142923006,8358594.712999988,0.9405196628879856
17503,558.96,2439,0.5622406639004149,8359153.672999988,0.940582557775083
12987,558.7,2440,0.5624711848778239,8359712.3729999885,0.9406454234066514
13800,558.32,2441,0.5627017058552328,8360270.692999989,0.9407082462801383
14592,557.9399999999999,2442,0.5629322268326418,8360828.632999989,0.9407710263955441
13260,557.62,2443,0.5631627478100507,8361386.252999989,0.9408337705041445
17955,557.3,2444,0.5633932687874597,8361943.552999989,0.9408964786059397
16385,554.86,2445,0.5636237897648686,8362498.412999989,0.9409589121558448
17864,554.85,2446,0.5638543107422775,8363053.262999989,0.9410213445805371
14891,554.38,2447,0.5640848317196865,8363607.642999989,0.9410837241202342
14618,553.44,2448,0.5643153526970954,8364161.082999989,0.9411459978899409
15068,553.36,2449,0.5645458736745044,8364714.44299999,0.9412082626579463
12363,552.0,2450,0.5647763946519133,8365266.44299999,0.9412703743970293
17674,551.04,2451,0.5650069156293223,8365817.48299999,0.9413323781156965
17291,550.8000000000001,2452,0.5652374366067312,8366368.28299999,0.9413943548292597
17235,550.06,2453,0.5654679575841401,8366918.342999989,0.9414562482770856
17265,550.01,2454,0.5656984785615491,8367468.352999989,0.9415181360988484
12390,549.84,2455,0.565928999538958,8368018.192999989,0.9415800047919958
14177,549.46,2456,0.566159520516367,8368567.652999989,0.941641830727062
16536,548.12,2457,0.5663900414937759,8369115.772999989,0.941703505883631
16031,547.9,2458,0.5666205624711849,8369663.672999989,0.9417651562855217
14474,547.66,2459,0.5668510834485938,8370211.332999989,0.9418267796823082
16811,547.0699999999999,2460,0.5670816044260027,8370758.40299999,0.9418883366915476
17637,547.06,2461,0.5673121254034117,8371305.462999989,0.9419498925755743
16211,547.02,2462,0.5675426463808206,8371852.482999989,0.9420114439587502
17295,547.0,2463,0.5677731673582296,8372399.482999989,0.9420729930915009
17520,546.81,2464,0.5680036883356385,8372946.292999988,0.942134520845211
14805,546.4000000000001,2465,0.5682342093130475,8373492.692999989,0.9421960024652019
14997,546.1999999999999,2466,0.5684647302904564,8374038.892999989,0.9422574615809394
17806,546.04,2467,0.5686952512678654,8374584.932999989,0.9423189026932743
12793,545.48,2468,0.5689257722452743,8375130.412999989,0.9423802807937001
16475,544.3,2469,0.5691562932226832,8375674.712999989,0.9424415261190313
13617,544.18,2470,0.5693868142000922,8376218.892999989,0.9425027579418106
13390,544.08,2471,0.5696173351775011,8376762.972999989,0.9425639785124632
16927,543.05,2472,0.5698478561549101,8377306.022999989,0.9426250831862114
13278,542.73,2473,0.570078377132319,8377848.752999989,0.9426861518531544
16230,542.03,2474,0.570308898109728,8378390.78299999,0.9427471417552108
17897,541.81,2475,0.5705394190871369,8378932.592999989,0.9428081069025885
17447,541.53,2476,0.5707699400645458,8379474.122999989,0.9428690405440118
17557,541.46,2477,0.5710004610419548,8380015.582999989,0.9429299663089463
13874,540.45,2478,0.5712309820193637,8380556.03299999,0.9429907784274018
12743,540.13,2479,0.5714615029967727,8381096.162999989,0.9430515545390519
13812,539.0,2480,0.5716920239741816,8381635.162999989,0.943112203501671
14496,538.8100000000001,2481,0.5719225449515906,8382173.972999989,0.9431728310852494
15469,538.55,2482,0.5721530659289995,8382712.522999989,0.9432334294132985
15539,538.46,2483,0.5723835869064084,8383250.982999989,0.9432940176144337
14539,537.48,2484,0.5726141078838174,8383788.462999989,0.9433544955447278
16206,537.06,2485,0.5728446288612263,8384325.522999989,0.9434149262160899
15043,537.0,2486,0.5730751498386353,8384862.522999989,0.943475350136176
16804,536.99,2487,0.5733056708160442,8385399.512999989,0.9435357729310495
16233,536.6800000000001,2488,0.5735361917934532,8385936.192999989,0.9435961608443304
16142,535.34,2489,0.5737667127708621,8386471.532999989,0.9436563979791142
13000,534.85,2490,0.573997233748271,8387006.382999988,0.9437165799784775
13385,534.57,2491,0.57422775472568,8387540.952999989,0.9437767304718861
16340,534.31,2492,0.5744582757030889,8388075.262999988,0.9438368517097655
17443,534.24,2493,0.5746887966804979,8388609.502999987,0.9438969650711562
13434,534.24,2494,0.5749193176579068,8389143.742999988,0.943957078432547
13217,533.98,2495,0.5751498386353158,8389677.722999988,0.9440171625384084
17062,533.33,2496,0.5753803596127247,8390211.052999988,0.9440771735054467
15433,533.3,2497,0.5756108805901337,8390744.352999989,0.9441371810968471
15825,532.9399999999999,2498,0.5758414015675426,8391277.292999988,0.9441971481805913
12784,532.8199999999999,2499,0.5760719225449515,8391810.112999989,0.9442571017617838
16706,531.3499999999999,2500,0.5763024435223605,8392341.462999988,0.9443168899367144
14265,530.1800000000001,2501,0.5765329644997694,8392871.642999988,0.9443765464617633
18159,530.15,2502,0.5767634854771784,8393401.792999988,0.9444361996111743
14002,529.73,2503,0.5769940064545873,8393931.522999989,0.9444958055016534
14463,529.62,2504,0.5772245274319963,8394461.142999988,0.944555399014793
16185,529.41,2505,0.5774550484094052,8394990.552999988,0.9446149688984667
18043,529.2900000000001,2506,0.5776855693868141,8395519.842999987,0.9446745252795884
15452,528.48,2507,0.5779160903642231,8396048.322999988,0.9447339905184844
17631,528.33,2508,0.5781466113416321,8396576.652999988,0.9447934388791904
16602,528.0799999999999,2509,0.5783771323190411,8397104.732999988,0.9448528591095798
15756,528.01,2510,0.57860765329645,8397632.742999988,0.9449122714634806
12479,527.2,2511,0.578838174273859,8398159.942999987,0.9449715926751553
17623,527.0500000000001,2512,0.5790686952512679,8398686.992999988,0.9450308970086404
15919,525.69,2513,0.5792992162286769,8399212.682999987,0.9450900483132029
17429,524.9200000000001,2514,0.5795297372060858,8399737.602999987,0.9451491129763903
15467,524.88,2515,0.5797602581834947,8400262.482999988,0.9452081731387271
13721,524.14,2516,0.5799907791609037,8400786.622999988,0.9452671500353267
17329,523.11,2517,0.5802213001383126,8401309.732999988,0.9453260110350217
18017,523.0,2518,0.5804518211157216,8401832.732999988,0.9453848596573775
17712,522.91,2519,0.5806823420931305,8402355.642999988,0.9454436981528193
12863,521.2,2520,0.5809128630705395,8402876.842999987,0.9455023442368954
15149,520.8000000000001,2521,0.5811433840479484,8403397.642999988,0.945560945312465
17345,519.69,2522,0.5813739050253574,8403917.332999988,0.9456194214894288
14873,519.68,2523,0.5816044260027663,8404437.012999987,0.94567789654118
12571,519.61,2524,0.5818349469801752,8404956.622999987,0.9457363637164423
13643,519.44,2525,0.5820654679575842,8405476.062999986,0.9457948117630895
16955,518.67,2526,0.5822959889349931,8405994.732999986,0.9458531731683616
16650,518.42,2527,0.5825265099124021,8406513.152999986,0.945911506443317
15030,518.28,2528,0.582757030889811,8407031.432999985,0.945969823965295
18252,518.27,2529,0.58298755186722,8407549.702999985,0.9460281403620604
16892,518.19,2530,0.5832180728446289,8408067.892999984,0.9460864477571245
16135,517.55,2531,0.5834485938220378,8408585.442999985,0.9461446831385781
17454,517.53,2532,0.5836791147994468,8409102.972999984,0.9462029162696064
18205,517.36,2533,0.5839096357768557,8409620.332999984,0.9462611302720193
13043,516.42,2534,0.5841401567542647,8410136.752999984,0.9463192385044418
15882,516.36,2535,0.5843706777316736,8410653.112999983,0.9463773399855883
15809,515.77,2536,0.5846011987090826,8411168.882999983,0.9464353750791875
12811,514.85,2537,0.5848317196864915,8411683.732999982,0.9464933066532217
15246,514.1500000000001,2538,0.5850622406639004,8412197.882999983,0.9465511594623693
13005,513.7,2539,0.5852927616413094,8412711.582999982,0.9466089616369471
17513,513.2,2540,0.5855232826187183,8413224.782999981,0.9466667075508916
17290,513.01,2541,0.5857538035961273,8413737.792999981,0.9467244320857954
17805,512.31,2542,0.5859843245735362,8414250.102999981,0.9467820778558128
17480,511.82,2543,0.5862148455509452,8414761.922999982,0.9468396684904097
15891,511.68,2544,0.5864453665283541,8415273.602999981,0.9468972433720292
12582,511.36,2545,0.586675887505763,8415784.96299998,0.9469547822468434
14851,511.35,2546,0.586906408483172,8416296.31299998,0.947012319996445
16561,511.12,2547,0.5871369294605809,8416807.43299998,0.9470698318661551
15406,510.71000000000004,2548,0.5873674504379899,8417318.14299998,0.9471272976021463
12436,509.01000000000005,2549,0.5875979714153988,8417827.15299998,0.9471845720519844
17391,508.8,2550,0.5878284923928078,8418335.952999981,0.9472418228723566
15417,508.8,2551,0.5880590133702167,8418844.752999982,0.9472990736927288
14317,508.58,2552,0.5882895343476257,8419353.332999982,0.9473562997584223
17958,508.4599999999999,2553,0.5885200553250346,8419861.792999983,0.9474135123215639
17415,507.84,2554,0.5887505763024435,8420369.632999983,0.9474706551215203
14158,507.66,2555,0.5889810972798525,8420877.292999983,0.9475277776676486
14820,507.29,2556,0.5892116182572614,8421384.582999982,0.9475848585809084
16960,507.05,2557,0.5894421392346704,8421891.632999983,0.9476419124890643
13885,506.79999999999995,2558,0.5896726602120793,8422398.432999983,0.9476989382669035
16614,506.19,2559,0.5899031811894883,8422904.622999983,0.9477558954067702
12988,505.82,2560,0.5901337021668972,8423410.442999983,0.9478128109137683
14014,505.18,2561,0.5903642231443061,8423915.622999983,0.9478696544071559
15081,504.8,2562,0.5905947441217151,8424420.422999984,0.9479264551424622
12991,503.76,2563,0.590825265099124,8424924.182999983,0.9479831388556514
17630,503.6,2564,0.591055786076533,8425427.782999983,0.9480398045654379
15535,502.9,2565,0.5912863070539419,8425930.682999983,0.948096391510338
16863,502.8,2566,0.5915168280313509,8426433.482999984,0.9481529672031115
13865,501.56,2567,0.5917473490087598,8426935.042999985,0.9482094033695145
15881,501.39000000000004,2568,0.5919778699861687,8427436.432999985,0.9482658204073023
14871,501.28000000000003,2569,0.5922083909635777,8427937.712999985,0.9483222250677507
13116,501.14,2570,0.5924389119409866,8428438.852999985,0.9483786139752218
13247,501.12,2571,0.5926694329183956,8428939.972999984,0.9484350006322675
16898,501.03,2572,0.5928999538958045,8429441.002999984,0.9484913771623992
16616,500.41999999999996,2573,0.5931304748732135,8429941.422999984,0.9485476850545584
15389,500.0,2574,0.5933609958506224,8430441.422999984,0.9486039456877857
14077,499.42,2575,0.5935915168280314,8430940.842999984,0.9486601410586786
15193,499.32,2576,0.5938220378054403,8431440.162999984,0.9487163251774448
14681,498.95,2577,0.5940525587828492,8431939.112999983,0.9487724676633422
16488,498.8,2578,0.5942830797602582,8432437.912999984,0.9488285932710498
15142,498.74,2579,0.5945136007376671,8432936.652999984,0.9488847121274815
17053,498.48,2580,0.5947441217150761,8433435.132999985,0.9489408017283838
17298,498.42,2581,0.594974642692485,8433933.552999984,0.9489968845780101
16820,497.61,2582,0.595205163669894,8434431.162999984,0.9490528762854106
17495,497.56000000000006,2583,0.5954356846473029,8434928.722999984,0.9491088623667479
15300,496.44,2584,0.5956662056247118,8435425.162999984,0.9491647224242665
15018,496.21000000000004,2585,0.5958967266021208,8435921.372999985,0.9492205566018941
12904,496.06,2586,0.5961272475795297,8436417.432999985,0.9492763739013317
17374,495.77,2587,0.5963577685569387,8436913.202999985,0.9493321585696018
15448,494.64,2588,0.5965882895343476,8437407.842999985,0.949387816088841
16352,494.44,2589,0.5968188105117566,8437902.282999985,0.9494434511038268
17333,494.25,2590,0.5970493314891655,8438396.532999985,0.949499064739772
12763,494.08,2591,0.5972798524665744,8438890.612999985,0.9495546592471019
14270,492.65000000000003,2592,0.5975103734439834,8439383.262999985,0.9496100928490209
13732,491.86,2593,0.5977408944213923,8439875.122999985,0.9496654375591392
14236,490.86,2594,0.5979714153988013,8440365.982999984,0.9497206697479911
15000,490.52,2595,0.5982019363762102,8440856.502999984,0.9497758636796123
15877,490.33000000000004,2596,0.5984324573536192,8441346.832999984,0.9498310362321931
14416,490.22,2597,0.5986629783310281,8441837.052999984,0.9498861964074345
18074,489.6,2598,0.598893499308437,8442326.652999984,0.9499412868194907
12809,489.31,2599,0.599124020285846,8442815.962999985,0.9499963446003797
17361,488.2,2600,0.5993545412632549,8443304.162999984,0.9500512774826628
14396,487.99,2601,0.5995850622406639,8443792.152999984,0.95010618673548
15165,487.75,2602,0.5998155832180728,8444279.902999984,0.9501610689831933
16643,487.51,2603,0.6000461041954818,8444767.412999984,0.9502159242258026
13338,487.02,2604,0.6002766251728907,8445254.432999983,0.9502707243329913
13675,486.82000000000005,2605,0.6005071461502997,8445741.252999984,0.9503255019359268
17453,486.72,2606,0.6007376671277086,8446227.972999984,0.9503802682867356
15287,486.69000000000005,2607,0.6009681881051175,8446714.662999984,0.9504350312619064
13153,486.22,2608,0.6011987090825265,8447200.882999985,0.9504897413520821
12639,486.1,2609,0.6014292300599354,8447686.982999984,0.9505444379397057
15109,484.95,2610,0.6016597510373444,8448171.932999983,0.9505990051278728
16999,484.81999999999994,2611,0.6018902720147533,8448656.752999984,0.9506535576882753
16518,484.32,2612,0.6021207929921623,8449141.072999984,0.9507080539880447
13531,483.79999999999995,2613,0.6023513139695712,8449624.872999985,0.9507624917767555
14958,483.73,2614,0.6025818349469801,8450108.602999985,0.9508169216889777
12808,483.65,2615,0.6028123559243891,8450592.252999986,0.9508713425994986
14147,483.40000000000003,2616,0.603042876901798,8451075.652999986,0.9509257353797027
14450,483.25,2617,0.603273397879207,8451558.902999986,0.950980111281717
16603,482.47,2618,0.6035039188566159,8452041.372999987,0.9510343994171434
17950,482.2,2619,0.6037344398340249,8452523.572999986,0.9510886571718278
12504,482.04999999999995,2620,0.6039649608114338,8453005.622999987,0.9511428980483223
18216,481.75,2621,0.6041954817888427,8453487.372999987,0.9511971051684368
13176,481.49,2622,0.6044260027662517,8453968.862999987,0.9512512830330221
14130,480.91,2623,0.6046565237436606,8454449.772999987,0.9513053956352728
15091,480.71,2624,0.6048870447210696,8454930.482999988,0.9513594857332703
15006,480.38,2625,0.6051175656984785,8455410.862999989,0.9514135386992499
17555,480.31,2626,0.6053480866758875,8455891.17299999,0.9514675837887409
16368,479.91,2627,0.6055786076532964,8456371.08299999,0.9515215838697252
16812,479.35,2628,0.6058091286307054,8456850.432999989,0.9515755209388002
16008,478.78,2629,0.6060396496081143,8457329.212999988,0.9516293938707532
15589,478.53,2630,0.6062701705855232,8457807.742999988,0.9516832386723897
16768,478.09000000000003,2631,0.6065006915629322,8458285.832999988,0.951737033964669
12644,477.91,2632,0.6067312125403411,8458763.742999988,0.9517908090031204
16693,477.86,2633,0.6069617335177501,8459241.602999987,0.9518445784155083
13092,477.83,2634,0.607192254495159,8459719.432999987,0.9518983444522584
14320,477.78999999999996,2635,0.607422775472568,8460197.222999986,0.9519521059881576
12447,476.49,2636,0.6076532964499769,8460673.712999986,0.9520057212464106
18176,476.35,2637,0.6078838174273858,8461150.062999986,0.9520593207516863
15507,475.86,2638,0.6081143384047948,8461625.922999986,0.9521128651215414
14853,475.79999999999995,2639,0.6083448593822037,8462101.722999986,0.9521664027401205
14497,475.37,2640,0.6085753803596127,8462577.092999985,0.952219891974555
15780,475.28000000000003,2641,0.6088059013370216,8463052.372999985,0.9522733710820754
14013,473.02,2642,0.6090364223144306,8463525.392999984,0.9523265958915338
16038,471.78,2643,0.6092669432918395,8463997.172999984,0.9523796811746217
15721,471.40000000000003,2644,0.6094974642692486,8464468.572999984,0.9524327236996285
13066,470.8,2645,0.6097279852466575,8464939.372999985,0.9524856987118754
15963,470.76,2646,0.6099585062240664,8465410.132999985,0.9525386692232716
14431,470.36,2647,0.6101890272014754,8465880.492999984,0.9525915947261612
15026,469.0,2648,0.6104195481788843,8466349.492999984,0.9526443672001284
15557,468.91,2649,0.6106500691562933,8466818.402999984,0.9526971295471817
14896,468.77000000000004,2650,0.6108805901337022,8467287.172999984,0.9527498761412575
13171,468.40999999999997,2651,0.6111111111111112,8467755.582999984,0.9528025822276776
14029,467.65999999999997,2652,0.6113416320885201,8468223.242999984,0.9528552039231478
15468,467.51,2653,0.611572153065929,8468690.752999984,0.952907808740428
13579,467.03999999999996,2654,0.611802674043338,8469157.792999983,0.9529603606727128
16374,466.73,2655,0.6120331950207469,8469624.522999983,0.9530128777234053
14205,466.70000000000005,2656,0.6122637159981559,8470091.222999983,0.9530653913984596
16504,465.88,2657,0.6124942369755648,8470557.102999983,0.9531178128060755
13248,465.68000000000006,2658,0.6127247579529738,8471022.782999983,0.9531702117094382
16742,464.9,2659,0.6129552789303827,8471487.682999983,0.953222522846213
13928,464.57000000000005,2660,0.6131857999077917,8471952.252999984,0.9532747968509698
16586,463.95,2661,0.6134163208852006,8472416.202999983,0.9533270010925414
15349,463.90999999999997,2662,0.6136468418626095,8472880.112999983,0.9533792008332624
14967,463.8,2663,0.6138773628400185,8473343.912999984,0.9534313881966442
12787,463.65999999999997,2664,0.6141078838174274,8473807.572999984,0.9534835598070486
17418,463.46,2665,0.6143384047948364,8474271.032999985,0.9535357089131997
14489,463.38,2666,0.6145689257722453,8474734.412999986,0.9535878490176496
17964,463.21,2667,0.6147994467496543,8475197.622999987,0.9536399699934841
12945,462.95,2668,0.6150299677270632,8475660.572999986,0.9536920617137893
14331,462.66,2669,0.6152604887044721,8476123.232999986,0.9537441208029271
14470,461.19,2670,0.6154910096818811,8476584.422999986,0.9537960144858033
16824,460.64,2671,0.61572153065929,8477045.062999986,0.953847846281983
16805,460.59000000000003,2672,0.615952051636699,8477505.652999986,0.9538996724520994
12491,460.40000000000003,2673,0.6161825726141079,8477966.052999986,0.9539514772431752
12355,459.4,2674,0.6164130935915169,8478425.452999987,0.9540031695129845
16589,459.24,2675,0.6166436145689258,8478884.692999987,0.9540548437793912
17880,458.92,2676,0.6168741355463347,8479343.612999987,0.9541064820389925
15754,458.57000000000005,2677,0.6171046565237437,8479802.182999987,0.9541580809161507
13506,458.52,2678,0.6173351775011526,8480260.702999987,0.9542096741672454
15092,457.81000000000006,2679,0.6175656984785616,8480718.512999987,0.9542611875282411
15121,457.71999999999997,2680,0.6177962194559705,8481176.232999988,0.9543126907623228
12375,457.5,2681,0.6180267404333795,8481633.732999988,0.9543641692417258
13398,457.34,2682,0.6182572614107884,8482091.072999988,0.9544156297177262
12564,456.90000000000003,2683,0.6184877823881973,8482547.972999988,0.9544670406843693
12999,455.88,2684,0.6187183033656063,8483003.852999989,0.9545183368793208
14513,455.59000000000003,2685,0.6189488243430152,8483459.442999989,0.9545696004431048
15585,455.3,2686,0.6191793453204242,8483914.74299999,0.9546208313757217
16529,455.25,2687,0.6194098662978331,8484369.99299999,0.9546720566822752
14335,454.86,2688,0.6196403872752421,8484824.852999989,0.9547232381055347
15471,454.48,2689,0.619870908252651,8485279.33299999,0.9547743767707131
13485,454.24,2690,0.62010142923006,8485733.57299999,0.9548254884307874
17140,454.12,2691,0.6203319502074689,8486187.692999989,0.9548765865883098
15475,454.11,2692,0.6205624711848778,8486641.802999988,0.9549276836206194
17564,454.01,2693,0.6207929921622868,8487095.812999988,0.9549787694008025
18158,453.4,2694,0.6210235131396957,8487549.212999988,0.9550297865430131
12729,453.01,2695,0.6212540341171047,8488002.222999988,0.9550807598019296
18071,453.0,2696,0.6214845550945136,8488455.222999988,0.9551317319356336
14184,452.89,2697,0.6217150760719226,8488908.112999989,0.9551826916919983
12591,452.85,2698,0.6219455970493315,8489360.962999988,0.9552336469475123
16574,451.44,2699,0.6221761180267404,8489812.402999988,0.9552844435480405
15802,451.42,2700,0.6224066390041494,8490263.822999988,0.9553352378981435
14173,450.84000000000003,2701,0.6226371599815583,8490714.662999988,0.9553859669859118
16885,450.40999999999997,2702,0.6228676809589673,8491165.072999988,0.9554366476895357
17040,449.73,2703,0.6230982019363762,8491614.802999988,0.9554872518786984
13489,449.52,2704,0.6233287229137852,8492064.322999988,0.9555378324383951
12448,449.45,2705,0.6235592438911941,8492513.772999987,0.955588405121603
15739,449.12,2706,0.623789764868603,8492962.892999986,0.9556389406727931
17579,448.9,2707,0.624020285846012,8493411.792999987,0.9556894514693046
14780,447.68,2708,0.6242508068234209,8493859.472999986,0.955739824989871
15646,447.64000000000004,2709,0.6244813278008299,8494307.112999987,0.9557901940095869
15368,446.94000000000005,2710,0.6247118487782388,8494754.052999986,0.955840484264416
14149,446.62,2711,0.6249423697556478,8495200.672999986,0.9558907385124399
17370,446.18,2712,0.6251728907330567,8495646.852999985,0.9559409432511066
17190,444.74,2713,0.6254034117104657,8496091.592999985,0.9559909859591497
18006,444.68,2714,0.6256339326878746,8496536.272999985,0.9560410219159167
14638,443.6,2715,0.6258644536652835,8496979.872999985,0.956090936349716
16404,443.05,2716,0.6260949746426925,8497422.922999986,0.9561407888968187
18222,443.0,2717,0.6263254956201014,8497865.922999986,0.9561906358178582
12579,440.42,2718,0.6265560165975104,8498306.342999985,0.9562401924340301
14022,440.0,2719,0.6267865375749193,8498746.342999985,0.9562897017912702
15524,440.0,2720,0.6270170585523283,8499186.342999985,0.9563392111485103
18233,440.0,2721,0.6272475795297372,8499626.342999985,0.9563887205057503
13954,439.91999999999996,2722,0.6274781005071461,8500066.262999985,0.956438220861289
12391,439.66,2723,0.6277086214845551,8500505.922999986,0.9564876919612985
16025,439.66,2724,0.627939142461964,8500945.582999986,0.956537163061308
13359,439.56,2725,0.628169663439373,8501385.142999986,0.9565866229091908
16968,439.43,2726,0.6284001844167819,8501824.572999986,0.956636068129309
13358,439.03000000000003,2727,0.6286307053941909,8502263.602999985,0.9566854683409205
14272,437.96000000000004,2728,0.6288612263715998,8502701.562999986,0.9567347481547771
12552,437.82,2729,0.6290917473490087,8503139.382999986,0.9567840122156563
16034,437.7,2730,0.6293222683264177,8503577.082999986,0.9568332627739834
12592,437.6,2731,0.6295527893038266,8504014.682999985,0.9568825020801839
16084,436.18,2732,0.6297833102812356,8504450.862999985,0.9569315816061861
15551,436.06,2733,0.6300138312586445,8504886.922999986,0.9569806476296364
16948,435.02,2734,0.6302443522360535,8505321.942999985,0.9570295966309694
15456,434.59,2735,0.6304748732134624,8505756.532999985,0.957078497248158
14910,434.35,2736,0.6307053941908713,8506190.882999985,0.9571273708602425
14460,434.34000000000003,2737,0.6309359151682803,8506625.222999984,0.9571762433471144
14093,433.86,2738,0.6311664361456892,8507059.082999984,0.9572250618237783
12493,433.74,2739,0.6313969571230982,8507492.822999984,0.9572738667978904
17035,433.53,2740,0.6316274781005071,8507926.352999983,0.9573226481425364
16236,432.20000000000005,2741,0.6318579990779161,8508358.552999983,0.957371279833898
16881,432.0,2742,0.632088520055325,8508790.552999983,0.9574198890210065
12452,430.57,2743,0.632319041032734,8509221.122999983,0.9574683373027039
13245,430.5,2744,0.6325495620101429,8509651.622999983,0.9575167777079125
12795,430.48,2745,0.6327800829875518,8510082.102999983,0.957565215862696
12827,430.15,2746,0.6330106039649608,8510512.252999984,0.9576136168854615
16884,429.84000000000003,2747,0.6332411249423697,8510942.092999984,0.9576619830266344
15450,429.84,2748,0.6334716459197787,8511371.932999983,0.9577103491678073
15230,429.6,2749,0.6337021668971876,8511801.532999983,0.9577586883038761
15036,429.56,2750,0.6339326878745966,8512231.092999984,0.9578070229390945
15553,428.93,2751,0.6341632088520055,8512660.022999983,0.9578552866859148
15957,428.89,2752,0.6343937298294144,8513088.912999984,0.9579035459318846
13602,428.89,2753,0.6346242508068234,8513517.802999984,0.9579518051778545
17869,428.18,2754,0.6348547717842323,8513945.982999984,0.9579999845337249
15360,427.93,2755,0.6350852927616413,8514373.912999984,0.9580481357592788
12725,427.8,2756,0.6353158137390502,8514801.712999985,0.9580962723570683
12403,427.70000000000005,2757,0.6355463347164592,8515229.412999984,0.9581443977027309
15976,427.64,2758,0.6357768556938681,8515657.052999984,0.9581925162971175
12740,427.6,2759,0.636007376671277,8516084.652999984,0.9582406303906535
12802,427.58,2760,0.636237897648686,8516512.232999984,0.9582887422337643
15930,426.63,2761,0.6364684186260949,8516938.862999985,0.9583367471816718
14288,426.6,2762,0.6366989396035039,8517365.462999985,0.9583847487539414
15639,425.32,2763,0.6369294605809128,8517790.782999985,0.95843260629899
14157,424.89,2764,0.6371599815583218,8518215.672999986,0.9584804154598939
16119,423.36,2765,0.6373905025357307,8518639.032999985,0.9585280524632601
17525,422.70000000000005,2766,0.6376210235131397,8519061.732999984,0.9585756152025904
13473,422.64,2767,0.6378515444905486,8519484.372999985,0.9586231711906449
16689,422.6,2768,0.6380820654679575,8519906.972999984,0.9586707226778486
18240,422.58,2769,0.6383125864453665,8520329.552999984,0.958718271914627
13140,422.47,2770,0.6385431074227754,8520752.022999985,0.9587658087740661
16780,422.24,2771,0.6387736284001844,8521174.262999985,0.958813319753614
18106,421.9,2772,0.6390041493775933,8521596.162999986,0.9588607924759313
14757,420.5,2773,0.6392346703550023,8522016.662999986,0.9589081076684755
15206,420.3,2774,0.6394651913324112,8522436.962999986,0.9589554003567664
15889,420.07,2775,0.6396957123098201,8522857.032999987,0.959002667165166
14124,419.58,2776,0.6399262332872291,8523276.612999987,0.9590498788381451
15361,418.92,2777,0.640156754264638,8523695.532999987,0.9590970162470883
18034,418.67999999999995,2778,0.640387275242047,8524114.212999986,0.9591441266509275
17371,418.4,2779,0.6406177962194559,8524532.612999987,0.9591912055488122
12593,418.1,2780,0.640848317196865,8524950.712999986,0.9592382506903169
17701,417.95,2781,0.6410788381742739,8525368.662999986,0.9592852789536315
17232,417.77,2782,0.6413093591516829,8525786.432999985,0.9593322869631181
13615,417.69,2783,0.6415398801290918,8526204.122999985,0.9593792859709036
16737,417.59999999999997,2784,0.6417704011065007,8526621.722999984,0.959426274851775
12833,417.38,2785,0.6420009220839097,8527039.102999985,0.9594732389779679
17392,417.27,2786,0.6422314430613186,8527456.372999985,0.9595201907268214
13166,417.2,2787,0.6424619640387276,8527873.572999984,0.9595671345991862
16816,417.06,2788,0.6426924850161365,8528290.632999985,0.9596140627185739
13889,416.90000000000003,2789,0.6429230059935455,8528707.532999985,0.9596609728345589
17223,416.89,2790,0.6431535269709544,8529124.422999986,0.9597078818253312
15935,416.86,2791,0.6433840479483633,8529541.282999985,0.9597547874404654
16957,416.64,2792,0.6436145689257723,8529957.922999986,0.9598016683009212
13085,416.08000000000004,2793,0.6438450899031812,8530374.002999986,0.9598484861494676
15803,415.82000000000005,2794,0.6440756108805902,8530789.822999986,0.9598952747424848
14139,415.82,2795,0.6443061318579991,8531205.642999986,0.959942063335502
12930,415.8,2796,0.6445366528354081,8531621.442999987,0.959988849678094
12580,415.7,2797,0.644767173812817,8532037.142999986,0.9600356247685591
15725,415.25,2798,0.644997694790226,8532452.392999986,0.9600823492244543
14333,415.2,2799,0.6452282157676349,8532867.592999985,0.9601290680542863
18001,415.13,2800,0.6454587367450438,8533282.722999986,0.9601757790076297
16795,414.88,2801,0.6456892577224528,8533697.602999987,0.9602224618306565
14998,414.87,2802,0.6459197786998617,8534112.472999986,0.9602691435284705
12993,414.76,2803,0.6461502996772707,8534527.232999986,0.9603158128489452
15994,414.27,2804,0.6463808206546796,8534941.502999986,0.9603624270339993
16239,414.2,2805,0.6466113416320886,8535355.702999985,0.9604090333425647
17483,414.04,2806,0.6468418626094975,8535769.742999984,0.9604556216477275
13974,413.59000000000003,2807,0.6470723835869064,8536183.332999984,0.9605021593183205
16834,413.46,2808,0.6473029045643154,8536596.792999985,0.9605486823611489
17134,413.2,2809,0.6475334255417243,8537009.992999984,0.9605951761484479
14620,412.78,2810,0.6477639465191333,8537422.772999983,0.960641622676815
15523,412.01,2811,0.6479944674965422,8537834.782999983,0.9606879825638069
16272,411.7,2812,0.6482249884739512,8538246.482999982,0.9607343075692062
15186,411.40999999999997,2813,0.6484555094513601,8538657.892999982,0.9607805999434383
15099,410.48,2814,0.648686030428769,8539068.372999983,0.9608267876728928
15695,409.98,2815,0.648916551406178,8539478.352999983,0.9608729191417138
14048,409.93,2816,0.6491470723835869,8539888.282999983,0.9609190449844716
13827,409.8,2817,0.6493775933609959,8540298.082999984,0.9609651561994648
14348,409.57,2818,0.6496081143384048,8540707.652999984,0.9610112415345666
12990,409.5,2819,0.6498386353158138,8541117.152999984,0.9610573189931798
15225,409.40000000000003,2820,0.6500691562932227,8541526.552999984,0.9611033851996664
16243,409.1,2821,0.6502996772706316,8541935.652999984,0.961149417649773
16018,408.9,2822,0.6505301982480406,8542344.552999984,0.9611954275956264
15269,408.8,2823,0.6507607192254495,8542753.352999985,0.961241426289353
17913,408.65,2824,0.6509912402028585,8543162.002999986,0.9612874081048898
16629,408.63,2825,0.6512217611802674,8543570.632999986,0.9613333876700013
16324,408.59000000000003,2826,0.6514522821576764,8543979.222999986,0.9613793627342619
17931,408.36,2827,0.6516828031350853,8544387.582999986,0.9614253119186313
16399,408.02,2828,0.6519133241124943,8544795.602999985,0.9614712228457701
15127,406.53,2829,0.6521438450899032,8545202.132999985,0.9615169661162218
16947,406.48,2830,0.6523743660673121,8545608.612999985,0.9615627037606104
15342,406.09,2831,0.6526048870447211,8546014.702999985,0.9616083975217049
14616,406.08000000000004,2832,0.65283540802213,8546420.782999985,0.9616540901575868
12970,405.46999999999997,2833,0.653065928999539,8546826.252999986,0.9616997141554963
12922,405.38,2834,0.6532964499769479,8547231.632999986,0.9617453280264918
15012,405.03999999999996,2835,0.6535269709543569,8547636.672999986,0.9617909036402564
15938,404.58000000000004,2836,0.6537574919317658,8548041.252999986,0.9618364274942387
16319,404.40000000000003,2837,0.6539880129091747,8548445.652999986,0.961881931094393
16484,404.3,2838,0.6542185338865837,8548849.952999987,0.9619274234424208
12498,403.70000000000005,2839,0.6544490548639926,8549253.652999986,0.9619728482776884
17431,403.3,2840,0.6546795758414016,8549656.952999987,0.9620182281044496
15221,403.25,2841,0.6549100968188105,8550060.202999987,0.9620636023051474
18036,403.12,2842,0.6551406177962195,8550463.322999986,0.9621089618780806
15184,402.2,2843,0.6553711387736284,8550865.522999985,0.9621542179314485
12386,401.9,2844,0.6556016597510373,8551267.422999986,0.9621994402284367
15158,401.40000000000003,2845,0.6558321807284463,8551668.822999986,0.9622446062647917
16500,400.86,2846,0.6560627017058552,8552069.682999985,0.9622897115396626
16198,400.68100000000004,2847,0.6562932226832642,8552470.363999985,0.962334796673227
12792,400.53999999999996,2848,0.6565237436606731,8552870.903999984,0.9623798659412925
17375,400.1,2849,0.6567542646380821,8553271.003999984,0.9624248857000011
18164,399.65000000000003,2850,0.656984785615491,8553670.653999984,0.9624698548241397
13255,399.51,2851,0.6572153065929,8554070.163999984,0.962514808195301
18154,399.18999999999994,2852,0.6574458275703089,8554469.353999984,0.962559725559657
17052,399.09,2853,0.6576763485477178,8554868.443999983,0.9626046316718864
17830,398.7,2854,0.6579068695251268,8555267.143999983,0.9626494939008217
15522,397.99,2855,0.6581373905025357,8555665.133999983,0.962694276239658
13352,397.97999999999996,2856,0.6583679114799447,8556063.113999983,0.9627390574532817
12508,397.88,2857,0.6585984324573536,8556460.993999984,0.9627838274147787
15967,397.68,2858,0.6588289534347626,8556858.673999984,0.9628285748720224
15429,397.35,2859,0.6590594744121715,8557256.023999983,0.9628732851972481
17926,397.29,2860,0.6592899953895804,8557653.313999983,0.9629179887711978
12824,397.12,2861,0.6595205163669894,8558050.433999982,0.9629626732165322
13594,396.96999999999997,2862,0.6597510373443983,8558447.403999982,0.9630073407836768
17486,396.87,2863,0.6599815583218073,8558844.273999982,0.9630519970986946
15883,396.48,2864,0.6602120792992162,8559240.753999982,0.9630966095304185
18067,396.33,2865,0.6604426002766252,8559637.083999982,0.9631412050839525
16354,395.8,2866,0.6606731212540341,8560032.883999983,0.9631857410012153
17603,394.72,2867,0.660903642231443,8560427.603999984,0.9632301553955104
14619,394.44,2868,0.661134163208852,8560822.043999983,0.9632745382838508
16207,394.38,2869,0.6613646841862609,8561216.423999984,0.9633189144209152
15386,394.14,2870,0.6615952051636699,8561610.563999984,0.9633632635528757
15264,393.74,2871,0.6618257261410788,8562004.303999985,0.9634075676763296
15345,393.54,2872,0.6620562471184878,8562397.843999984,0.9634518492955301
17226,393.49,2873,0.6622867680958967,8562791.333999984,0.9634961252886673
14600,393.33000000000004,2874,0.6625172890733056,8563184.663999984,0.963540383278402
14670,392.86,2875,0.6627478100507146,8563577.523999983,0.9635845883831413
16010,392.40000000000003,2876,0.6629783310281235,8563969.923999984,0.9636287417280981
15837,391.98,2877,0.6632088520055325,8564361.903999984,0.9636728478141231
16917,391.52,2878,0.6634393729829414,8564753.423999984,0.9637169021403653
12982,390.54,2879,0.6636698939603504,8565143.963999983,0.9637608461957664
18024,389.78,2880,0.6639004149377593,8565533.743999982,0.9638047047350051
17379,389.72,2881,0.6641309359151683,8565923.463999983,0.9638485565229679
14752,389.64,2882,0.6643614568925772,8566313.103999984,0.9638923993092293
13873,389.6,2883,0.6645919778699861,8566702.703999983,0.96393623759464
13345,389.5,2884,0.6648224988473951,8567092.203999983,0.9639800646279241
16250,389.44,2885,0.665053019824804,8567481.643999983,0.9640238849099322
15847,389.27,2886,0.665283540802213,8567870.913999982,0.9640676860633249
12690,389.01,2887,0.6655140617796219,8568259.923999982,0.9641114579611884
15592,388.58,2888,0.6657445827570309,8568648.503999982,0.9641551814749074
13899,388.52,2889,0.6659751037344398,8569037.023999982,0.9641988982373503
13856,388.5,2890,0.6662056247118487,8569425.523999982,0.964242612749368
17438,388.45000000000005,2891,0.6664361456892577,8569813.97399998,0.9642863216353221
14538,388.25,2892,0.6666666666666666,8570202.22399998,0.9643300080170232
17817,387.67999999999995,2893,0.6668971876440756,8570589.90399998,0.9643736302616023
14420,387.52,2894,0.6671277086214845,8570977.42399998,0.9644172345027787
13673,387.44,2895,0.6673582295988935,8571364.86399998,0.9644608297422539
17508,387.31,2896,0.6675887505763024,8571752.17399998,0.9645044103539645
17595,386.69,2897,0.6678192715537113,8572138.86399998,0.9645479212024898
14114,386.53,2898,0.6680497925311203,8572525.393999979,0.9645914140476124
15664,386.43,2899,0.6682803135085292,8572911.823999979,0.9646348956406084
17614,386.32,2900,0.6685108344859382,8573298.143999979,0.9646783648562652
14779,386.15,2901,0.6687413554633471,8573684.29399998,0.9647218149433068
13821,385.64,2902,0.6689718764407561,8574069.93399998,0.9647652076445025
17711,385.1,2903,0.669202397418165,8574455.03399998,0.9648085395842141
13919,384.81,2904,0.669432918395574,8574839.84399998,0.9648518388927585
17357,384.39,2905,0.6696634393729829,8575224.23399998,0.9648950909423711
16204,384.18,2906,0.6698939603503918,8575608.41399998,0.9649383193625176
17205,384.08,2907,0.6701244813278008,8575992.49399998,0.9649815365305375
16982,384.06,2908,0.6703550023052097,8576376.55399998,0.9650247514481322
12733,383.95,2909,0.6705855232826187,8576760.50399998,0.9650679539883874
13833,383.85,2910,0.6708160442600276,8577144.35399998,0.965111145276516
17189,383.75,2911,0.6710465652374366,8577528.10399998,0.9651543253125179
12515,383.7,2912,0.6712770862148455,8577911.803999979,0.9651974997224565
15440,383.68,2913,0.6715076071922544,8578295.483999979,0.9652406718819698
14304,383.45,2914,0.6717381281696634,8578678.933999978,0.9652838181615917
15424,383.34000000000003,2915,0.6719686491470724,8579062.273999978,0.9653269520638744
12832,383.03000000000003,2916,0.6721991701244814,8579445.303999977,0.9653700510845645
13817,382.98,2917,0.6724296911018903,8579828.283999978,0.9654131444791914
17239,382.5,2918,0.6726602120792993,8580210.783999978,0.9654561838636103
13657,382.14,2919,0.6728907330567082,8580592.923999978,0.9654991827403733
17250,381.97,2920,0.6731212540341172,8580974.893999979,0.9655421624885211
15090,381.32,2921,0.6733517750115261,8581356.21399998,0.9655850690978456
16441,381.2,2922,0.673582295988935,8581737.413999978,0.965627962204618
15048,381.0,2923,0.673812816966344,8582118.413999978,0.9656708328071373
12871,380.64,2924,0.6740433379437529,8582499.053999979,0.9657136629020007
17573,380.6,2925,0.6742738589211619,8582879.653999979,0.9657564884960133
17138,380.5,2926,0.6745043798985708,8583260.153999979,0.9657993028378993
17999,380.39,2927,0.6747349008759798,8583640.54399998,0.965842104802446
17031,380.35,2928,0.6749654218533887,8584020.893999979,0.965884902266142
17936,380.13,2929,0.6751959428307976,8584401.02399998,0.9659276749751595
14731,380.02,2930,0.6754264638082066,8584781.04399998,0.9659704353068376
16552,379.73,2931,0.6756569847856155,8585160.77399998,0.9660131630073484
13589,379.65,2932,0.6758875057630245,8585540.42399998,0.966055881706158
13656,379.65,2933,0.6761180267404334,8585920.07399998,0.9660986004049675
17878,379.45,2934,0.6763485477178424,8586299.52399998,0.9661412965995236
15885,379.35,2935,0.6765790686952513,8586678.87399998,0.9661839815419532
16909,379.14,2936,0.6768095896726603,8587058.01399998,0.9662266428549169
16930,378.89,2937,0.6770401106500692,8587436.90399998,0.966269276037564
13372,378.64,2938,0.6772706316274781,8587815.543999981,0.9663118810898944
17078,378.2,2939,0.6775011526048871,8588193.74399998,0.9663544366328675
17736,377.44,2940,0.677731673582296,8588571.18399998,0.966396906659678
12890,376.72,2941,0.677962194559705,8588947.90399998,0.9664392956711769
17489,376.64,2942,0.6781927155371139,8589324.543999981,0.9664816756809744
13936,376.58,2943,0.6784232365145229,8589701.123999981,0.966524048939496
16858,375.69000000000005,2944,0.6786537574919318,8590076.81399998,0.9665663220540903
14448,375.35,2945,0.6788842784693407,8590452.16399998,0.966608556911454
14079,375.1,2946,0.6791147994467497,8590827.26399998,0.9666507636385011
16147,375.0,2947,0.6793453204241586,8591202.26399998,0.9666929591134216
14067,374.7,2948,0.6795758414015676,8591576.96399998,0.9667351208319621
17492,374.57,2949,0.6798063623789765,8591951.53399998,0.966777267922738
12873,374.0,2950,0.6800368833563855,8592325.53399998,0.966819350876392
13351,373.94,2951,0.6802674043337944,8592699.473999979,0.9668614270787701
16321,373.65,2952,0.6804979253112033,8593073.12399998,0.966903470649981
12895,372.8,2953,0.6807284462886123,8593445.92399998,0.9669454185781152
12544,372.7,2954,0.6809589672660212,8593818.62399998,0.9669873552541228
12981,372.22,2955,0.6811894882434302,8594190.84399998,0.9670292379199227
13300,371.89,2956,0.6814200092208391,8594562.73399998,0.9670710834537045
18155,371.62,2957,0.6816505301982481,8594934.35399998,0.9671128986067443
15472,371.56,2958,0.681881051175657,8595305.91399998,0.9671547070085083
16776,371.54,2959,0.682111572153066,8595677.45399998,0.9671965131598468
14950,371.2,2960,0.6823420931304749,8596048.653999979,0.9672382810539546
15975,371.01,2961,0.6825726141078838,8596419.663999978,0.967280027569022
15063,370.79999999999995,2962,0.6828031350852928,8596790.46399998,0.9673217504546234
15922,369.5,2963,0.6830336560627017,8597159.96399998,0.9673633270625784
16758,369.34,2964,0.6832641770401107,8597529.303999979,0.9674048856671308
14888,369.2,2965,0.6834946980175196,8597898.503999978,0.9674464285187058
17765,367.63,2966,0.6837252189949286,8598266.13399998,0.9674877947118926
16065,367.14,2967,0.6839557399723375,8598633.27399998,0.9675291057696588
18181,366.85,2968,0.6841862609497464,8599000.12399998,0.9675703841962576
17911,366.23,2969,0.6844167819271554,8599366.35399998,0.9676115928596714
17432,365.76,2970,0.6846473029045643,8599732.11399998,0.9676527486380898
16499,365.45000000000005,2971,0.6848778238819733,8600097.563999979,0.9676938695349157
16202,365.27,2972,0.6851083448593822,8600462.833999978,0.9677349701779134
14886,364.8,2973,0.6853388658367912,8600827.63399998,0.9677760179359162
15949,364.72,2974,0.6855693868142001,8601192.35399998,0.9678170566922176
12373,364.6,2975,0.685799907791609,8601556.95399998,0.9678580819459669
15343,364.5,2976,0.686030428769018,8601921.45399998,0.9678990959475897
14528,364.22,2977,0.6862609497464269,8602285.67399998,0.9679400784432578
12538,363.95,2978,0.6864914707238359,8602649.62399998,0.967981030558184
17330,363.9,2979,0.6867219917012448,8603013.52399998,0.9680219770470468
14171,363.79,2980,0.6869525126786538,8603377.313999979,0.9680629111585702
16509,363.70000000000005,2981,0.6871830336560627,8603741.013999978,0.9681038351431798
16485,363.65000000000003,2982,0.6874135546334716,8604104.663999978,0.968144753501726
18056,363.65,2983,0.6876440756108806,8604468.313999979,0.9681856718602723
12915,363.65,2984,0.6878745965882895,8604831.96399998,0.9682265902188186
14932,363.53,2985,0.6881051175656985,8605195.493999979,0.9682674950748128
14427,363.34000000000003,2986,0.6883356385431074,8605558.833999978,0.9683083785517664
14594,363.33,2987,0.6885661595205164,8605922.163999978,0.9683492609035074
16903,363.2,2988,0.6887966804979253,8606285.363999978,0.9683901286274836
16378,362.95,2989,0.6890272014753342,8606648.313999977,0.9684309682211433
16052,362.06,2990,0.6892577224527432,8607010.373999977,0.9684717076708759
15025,361.96,2991,0.6894882434301521,8607372.333999978,0.9685124358684819
13844,361.62,2992,0.6897187644075611,8607733.953999978,0.9685531258088572
16769,361.54,2993,0.68994928538497,8608095.493999977,0.968593806747531
16305,361.21999999999997,2994,0.690179806362379,8608456.713999977,0.9686344516793999
13291,361.11,2995,0.6904103273397879,8608817.823999977,0.9686750842339293
17358,360.81,2996,0.6906408483171969,8609178.633999977,0.9687156830320789
16595,360.16,2997,0.6908713692946058,8609538.793999977,0.9687562086914052
13780,360.01,2998,0.6911018902720147,8609898.803999977,0.9687967174725415
13298,360.0,2999,0.6913324112494237,8610258.803999977,0.9688372251284652
15120,358.82,3000,0.6915629322268326,8610617.623999977,0.9688776000092945
17948,358.56000000000006,3001,0.6917934532042416,8610976.183999978,0.9689179456345945
16823,358.38,3002,0.6920239741816505,8611334.563999979,0.9689582710060666
13228,358.0,3003,0.6922544951590595,8611692.563999979,0.9689985536194574
13976,357.98,3004,0.6924850161364684,8612050.54399998,0.9690388339824229
17025,357.77,3005,0.6927155371138773,8612408.313999979,0.9690790907159224
16971,357.21,3006,0.6929460580912863,8612765.52399998,0.9691192844375127
18040,357.2,3007,0.6931765790686952,8613122.723999979,0.9691594770338902
13453,356.98,3008,0.6934071000461042,8613479.70399998,0.9691996448755892
14500,356.85,3009,0.6936376210235131,8613836.553999979,0.9692397980895235
15713,356.70000000000005,3010,0.6938681420009221,8614193.253999978,0.9692799344252678
15247,356.0,3011,0.694098662978331,8614549.253999978,0.9693199919961257
16372,355.73,3012,0.69432918395574,8614904.983999979,0.9693600191862417
14537,355.56,3013,0.6945597049331489,8615260.54399998,0.9694000272477423
15840,355.56,3014,0.6947902259105578,8615616.10399998,0.969440035309243
17742,355.11,3015,0.6950207468879668,8615971.21399998,0.9694799927361737
14690,355.05,3016,0.6952512678653757,8616326.26399998,0.9695199434118285
12888,354.12,3017,0.6954817888427847,8616680.38399998,0.9695597894427053
12845,354.09,3018,0.6957123098201936,8617034.473999979,0.9695996320979442
13173,353.65,3019,0.6959428307976026,8617388.12399998,0.969639425243826
13210,353.48,3020,0.6961733517750115,8617741.60399998,0.9696791992610924
13343,353.43,3021,0.6964038727524204,8618095.03399998,0.9697189676522955
14804,353.27,3022,0.6966343937298294,8618448.303999979,0.9697587180400958
12617,352.98,3023,0.6968649147072383,8618801.28399998,0.9697984357967291
15678,352.7,3024,0.6970954356846473,8619153.983999979,0.9698381220474075
18112,352.69,3025,0.6973259566620562,8619506.673999978,0.9698778071728733
16274,351.75,3026,0.6975564776394652,8619858.423999978,0.9699173865283488
15901,351.73,3027,0.6977869986168741,8620210.153999979,0.9699569636333989
12566,351.65,3028,0.698017519594283,8620561.803999979,0.9699965317367477
15870,351.44,3029,0.698248040571692,8620913.243999979,0.9700360762106305
15789,351.3,3030,0.6984785615491009,8621264.54399998,0.9700756049315361
13923,351.13,3031,0.6987090825265099,8621615.67399998,0.9701151145238265
13332,350.9,3032,0.6989396035039188,8621966.57399998,0.9701545982362254
15334,350.82,3033,0.6991701244813278,8622317.39399998,0.9701940729469231
13740,350.75,3034,0.6994006454587367,8622668.14399998,0.970233539781132
13108,350.06,3035,0.6996311664361456,8623018.203999981,0.9702729289756672
12532,349.83000000000004,3036,0.6998616874135546,8623368.033999981,0.970312292290311
13670,349.7,3037,0.7000922083909635,8623717.73399998,0.9703516409771902
13887,349.55,3038,0.7003227293683725,8624067.283999981,0.9703909727858795
18250,349.27,3039,0.7005532503457814,8624416.55399998,0.9704302730886141
15405,349.1,3040,0.7007837713231904,8624765.65399998,0.9704695542627333
13927,348.99,3041,0.7010142923005993,8625114.64399998,0.9705088230595134
17252,348.90999999999997,3042,0.7012448132780082,8625463.55399998,0.970548082854592
13790,348.8,3043,0.7014753342554172,8625812.353999982,0.9705873302723316
12527,348.71000000000004,3044,0.7017058552328261,8626161.063999983,0.970626567563157
16159,348.2,3045,0.7019363762102351,8626509.263999982,0.9706657474681365
13052,348.15000000000003,3046,0.702166897187644,8626857.413999982,0.9707049217470527
14379,348.1,3047,0.702397418165053,8627205.513999982,0.9707440903999055
13497,348.05,3048,0.7026279391424619,8627553.563999983,0.9707832534266951
17668,347.75,3049,0.7028584601198709,8627901.313999983,0.9708223826971047
18127,347.08,3050,0.7030889810972798,8628248.393999983,0.9708614365782658
13062,346.98,3051,0.7033195020746889,8628595.373999983,0.9709004792073004
13649,346.6,3052,0.7035500230520978,8628941.973999983,0.9709394790782535
16423,346.12,3053,0.7037805440295067,8629288.093999982,0.9709784249389987
13091,345.82,3054,0.7040110650069157,8629633.913999982,0.9710173370433641
15781,345.46000000000004,3055,0.7042415859843246,8629979.373999983,0.9710562086400736
17123,345.3,3056,0.7044721069617336,8630324.673999984,0.9710950622333805
13774,345.0,3057,0.7047026279391425,8630669.673999984,0.9711338820703074
14633,344.90000000000003,3058,0.7049331489165515,8631014.573999984,0.9711726906551076
16978,344.33,3059,0.7051636698939604,8631358.903999984,0.971211435102786
17569,344.14,3060,0.7053941908713693,8631703.043999985,0.9712501581714237
13068,344.0,3061,0.7056247118487783,8632047.043999985,0.9712888654870842
15047,343.62,3062,0.7058552328261872,8632390.663999984,0.9713275300446632
15520,343.5,3063,0.7060857538035962,8632734.163999984,0.9713661810996903
18081,343.45000000000005,3064,0.7063162747810051,8633077.613999983,0.9714048265286541
12715,343.36,3065,0.7065467957584141,8633420.973999983,0.971443461830704
12875,343.2300000000001,3066,0.706777316735823,8633764.203999983,0.9714820825049892
17795,342.83000000000004,3067,0.707007837713232,8634107.033999983,0.9715206581707678
16851,342.45000000000005,3068,0.7072383586906409,8634449.483999982,0.9715591910784652
17835,342.24,3069,0.7074688796680498,8634791.723999983,0.9715977003566967
16826,341.7,3070,0.7076994006454588,8635133.423999982,0.9716361488734442
13347,341.36,3071,0.7079299216228677,8635474.783999981,0.971674559132961
14491,340.93,3072,0.7081604426002767,8635815.713999981,0.9717129210083334
15115,340.11,3073,0.7083909635776856,8636155.82399998,0.9717511906162672
13737,339.59999999999997,3074,0.7086214845550945,8636495.42399998,0.9717894028383551
17045,339.44,3075,0.7088520055325035,8636834.86399998,0.9718275970570405
16545,339.3,3076,0.7090825265099124,8637174.16399998,0.9718657755227487
17697,338.95000000000005,3077,0.7093130474873214,8637513.11399998,0.9719039146060133
16183,338.71000000000004,3078,0.7095435684647303,8637851.82399998,0.9719420266841743
13569,338.62,3079,0.7097740894421393,8638190.44399998,0.971980128635421
15652,337.74,3080,0.7100046104195482,8638528.18399998,0.9720181315679535
15942,337.44,3081,0.7102351313969572,8638865.62399998,0.9720561007441059
13930,337.34,3082,0.7104656523743661,8639202.96399998,0.9720940586681317
15900,337.28,3083,0.710696173351775,8639540.243999979,0.9721320098408814
17973,337.04,3084,0.710926694329184,8639877.283999978,0.9721699340085272
16105,336.96000000000004,3085,0.7111572153065929,8640214.243999979,0.9722078491744719
15619,336.40000000000003,3086,0.7113877362840019,8640550.643999979,0.9722457013285073
17384,336.4,3087,0.7116182572614108,8640887.04399998,0.9722835534825427
18078,336.13,3088,0.7118487782388198,8641223.17399998,0.9723213752558362
18276,335.86,3089,0.7120792992162287,8641559.03399998,0.9723591666483876
14196,335.52,3090,0.7123098201936376,8641894.553999979,0.9723969197837083
16063,335.32,3091,0.7125403411710466,8642229.87399998,0.9724346504147761
17917,335.03,3092,0.7127708621484555,8642564.903999979,0.9724723484146762
12489,334.93,3093,0.7130013831258645,8642899.833999978,0.9725100351624498
14988,334.54,3094,0.7132319041032734,8643234.373999977,0.9725476780269295
15466,334.53,3095,0.7134624250806824,8643568.903999977,0.9725853197661966
17221,334.48,3096,0.7136929460580913,8643903.383999977,0.9726229558794003
12350,334.4,3097,0.7139234670355002,8644237.783999978,0.9726605829909027
15918,334.23,3098,0.7141539880129092,8644572.013999978,0.97269819097379
14264,333.97,3099,0.7143845089903181,8644905.983999979,0.972735769701148
13216,333.74,3100,0.7146150299677271,8645239.723999979,0.9727733225486145
13727,333.48,3101,0.714845550945136,8645573.20399998,0.9728108461405519
16625,333.08,3102,0.715076071922545,8645906.28399998,0.9728483247239826
14902,332.66,3103,0.7153065928999539,8646238.94399998,0.9728857560484814
13904,332.64,3104,0.7155371138773629,8646571.58399998,0.9729231851225549
16850,332.41,3105,0.7157676348547718,8646903.99399998,0.9729605883167372
16803,332.3,3106,0.7159981558321807,8647236.293999981,0.9729979791335801
16177,331.95,3107,0.7162286768095897,8647568.24399998,0.9730353305679796
16030,331.24,3108,0.7164591977869986,8647899.48399998,0.9730726021122802
15210,331.18,3109,0.7166897187644076,8648230.66399998,0.9731098669053045
16478,331.0,3110,0.7169202397418165,8648561.66399998,0.9731471114445011
12891,331.0,3111,0.7171507607192255,8648892.66399998,0.9731843559836976
17862,330.9,3112,0.7173812816966344,8649223.56399998,0.9732215892707674
12519,330.84,3113,0.7176118026740433,8649554.40399998,0.9732588158065613
13706,330.79,3114,0.7178423236514523,8649885.19399998,0.9732960367162917
14517,330.45,3115,0.7180728446288612,8650215.643999979,0.9733332193687916
15130,330.11,3116,0.7183033656062702,8650545.753999978,0.9733703637640608
15714,330.03000000000003,3117,0.7185338865836791,8650875.783999978,0.9734074991576288
16593,330.03,3118,0.7187644075610881,8651205.813999977,0.9734446345511968
12953,329.85,3119,0.718994928538497,8651535.663999977,0.9734817496909368
17866,329.65,3120,0.719225449515906,8651865.313999977,0.9735188423264236
17615,329.6,3121,0.7194559704933149,8652194.913999977,0.973555929335847
13239,329.56,3122,0.7196864914707238,8652524.473999977,0.9735930118444199
17914,329.36,3123,0.7199170124481328,8652853.833999977,0.9736300718487393
17154,329.34,3124,0.7201475334255417,8653183.173999976,0.9736671296026335
15153,329.25,3125,0.7203780544029507,8653512.423999976,0.9737041772296137
15880,329.03,3126,0.7206085753803596,8653841.453999976,0.9737412001019152
14012,328.8,3127,0.7208390963577685,8654170.253999976,0.9737781970943256
17222,328.65,3128,0.7210696173351775,8654498.903999977,0.9738151772085459
16343,328.58,3129,0.7213001383125864,8654827.483999977,0.9738521494462776
16855,328.4,3130,0.7215306592899954,8655155.883999977,0.9738891014301814
15213,328.34999999999997,3131,0.7217611802674043,8655484.233999977,0.9739260477880217
14747,328.2,3132,0.7219917012448133,8655812.433999976,0.973962977267672
14206,328.15999999999997,3133,0.7222222222222222,8656140.593999976,0.9739999022464718
16318,328.15,3134,0.7224527431996312,8656468.743999977,0.9740368261000589
15314,327.97,3135,0.7226832641770401,8656796.713999977,0.9740737296998182
14024,327.7,3136,0.722913785154449,8657124.413999977,0.9741106029188353
15579,327.6,3137,0.723144306131858,8657452.013999976,0.9741474648857258
16366,327.3,3138,0.7233748271092669,8657779.313999977,0.9741842930962364
14870,327.25,3139,0.7236053480866759,8658106.563999977,0.9742211156806838
16322,326.75,3140,0.7238358690640848,8658433.313999977,0.9742578820044978
14987,326.4,3141,0.7240663900414938,8658759.713999977,0.9742946089458687
17715,326.4,3142,0.7242969110189027,8659086.113999978,0.9743313358872395
16071,326.24,3143,0.7245274319963116,8659412.353999978,0.9743680448252077
15363,326.0,3144,0.7247579529737206,8659738.353999978,0.974404726758072
12844,325.96000000000004,3145,0.7249884739511295,8660064.313999979,0.9744414041900856
16830,325.91,3146,0.7252189949285385,8660390.223999979,0.9744780759960359
14850,325.75,3147,0.7254495159059474,8660715.973999979,0.9745147297985834
15944,325.1,3148,0.7256800368833564,8661041.073999979,0.9745513104623078
12790,324.92,3149,0.7259105578607653,8661365.993999979,0.9745878708722042
13801,324.8,3150,0.7261410788381742,8661690.79399998,0.9746244177795488
15597,324.57,3151,0.7263715998155832,8662015.36399998,0.974660938807002
16685,324.24,3152,0.7266021207929921,8662339.60399998,0.9746974227024373
18261,324.24,3153,0.7268326417704011,8662663.84399998,0.9747339065978726
15675,323.69,3154,0.72706316274781,8662987.53399998,0.9747703286066113
15921,323.03,3155,0.727293683725219,8663310.563999979,0.974806676351314
16739,323.0,3156,0.7275242047026279,8663633.563999979,0.9748430207203789
13955,322.96,3157,0.7277547256800369,8663956.52399998,0.9748793605885931
16627,322.8,3158,0.7279852466574458,8664279.32399998,0.9749156824534049
16342,322.40999999999997,3159,0.7282157676348547,8664601.73399998,0.9749519604349225
15224,322.08000000000004,3160,0.7284462886122637,8664923.81399998,0.9749882012844222
14424,322.08,3161,0.7286768095896726,8665245.89399998,0.9750244421339219
14484,321.92,3162,0.7289073305670816,8665567.81399998,0.975060664980019
17976,321.79,3163,0.7291378515444905,8665889.60399998,0.9750968731983514
14823,321.43,3164,0.7293683725218995,8666211.03399998,0.9751330409090279
15236,321.05,3165,0.7295988934993084,8666532.08399998,0.9751691658616232
16096,320.62,3166,0.7298294144767173,8666852.70399998,0.9752052424300738
14622,320.58000000000004,3167,0.7300599354541263,8667173.28399998,0.9752413144976738
13986,320.46,3168,0.7302904564315352,8667493.74399998,0.975277373062722
15107,319.5,3169,0.7305209774089442,8667813.24399998,0.9753133236073542
16967,319.02,3170,0.7307514983863531,8668132.26399998,0.9753492201417786
17157,319.0,3171,0.7309820193637621,8668451.26399998,0.9753851144257777
17229,318.76,3172,0.731212540341171,8668770.02399998,0.9754209817046727
17248,318.65000000000003,3173,0.73144306131858,8669088.67399998,0.9754568366062285
14703,318.17,3174,0.7316735822959889,8669406.84399998,0.9754926374975764
17839,318.15,3175,0.7319041032733978,8669724.99399998,0.9755284361384989
12648,318.05,3176,0.7321346242508068,8670043.043999981,0.975564223527295
18066,318.0,3177,0.7323651452282157,8670361.043999981,0.9756000052900275
17172,317.76,3178,0.7325956662056247,8670678.80399998,0.9756357600476562
15101,317.53,3179,0.7328261871830336,8670996.33399998,0.9756714889253935
17267,317.20000000000005,3180,0.7330567081604425,8671313.53399998,0.9757071806711127
15257,317.15,3181,0.7332872291378515,8671630.68399998,0.9757428667907689
15385,316.88,3182,0.7335177501152604,8671947.56399998,0.9757785225296831
15243,316.68,3183,0.7337482710926694,8672264.24399998,0.9758141557643439
16761,316.62,3184,0.7339787920700783,8672580.86399998,0.9758497822477288
15204,316.58,3185,0.7342093130474873,8672897.44399998,0.9758854042302629
17458,316.5,3186,0.7344398340248963,8673213.94399998,0.9759210172110959
13494,316.26000000000005,3187,0.7346703550023053,8673530.20399998,0.9759566031868248
15872,316.25,3188,0.7349008759797142,8673846.45399998,0.9759921880373411
14479,316.25,3189,0.7351313969571232,8674162.70399998,0.9760277728878574
16473,316.11,3190,0.7353619179345321,8674478.813999979,0.9760633419853963
18117,315.65,3191,0.735592438911941,8674794.46399998,0.9760988593231528
12614,315.6,3192,0.73582295988935,8675110.063999979,0.9761343710348458
15766,315.06,3193,0.7360534808667589,8675425.12399998,0.9761698219850551
16091,315.06,3194,0.7362840018441679,8675740.18399998,0.9762052729352644
17237,314.69,3195,0.7365145228215768,8676054.87399998,0.9762406822526049
16193,314.45,3196,0.7367450437989858,8676369.323999979,0.9762760645648415
12650,314.44,3197,0.7369755647763947,8676683.763999978,0.9763114457518655
16227,314.22,3198,0.7372060857538036,8676997.983999979,0.9763468021842109
15970,314.1,3199,0.7374366067312126,8677312.083999978,0.9763821451140042
13484,313.8,3200,0.7376671277086215,8677625.88399998,0.9764174542874178
16582,313.62,3201,0.7378976486860305,8677939.503999978,0.9764527432070033
14729,313.49,3202,0.7381281696634394,8678252.993999979,0.9764880174988241
13845,312.98,3203,0.7383586906408484,8678565.973999979,0.9765232344047992
15318,312.62,3204,0.7385892116182573,8678878.593999978,0.9765584108031181
14555,312.54,3205,0.7388197325956662,8679191.133999977,0.9765935781997358
12834,312.38,3206,0.7390502535730752,8679503.513999978,0.9766287275929509
13642,312.28000000000003,3207,0.7392807745504841,8679815.793999977,0.9766638657340393
17362,312.23,3208,0.7395112955278931,8680128.023999978,0.9766989982490645
12785,311.95,3209,0.739741816505302,8680439.973999977,0.9767340992581349
16450,311.92,3210,0.739972337482711,8680751.893999977,0.9767691968915675
14142,311.81,3211,0.7402028584601199,8681063.703999978,0.9768042821476608
15326,311.71,3212,0.7404333794375288,8681375.413999978,0.9768393561516274
14951,311.69,3213,0.7406639004149378,8681687.103999978,0.9768744279051687
14327,311.65000000000003,3214,0.7408944213923467,8681998.753999978,0.9769094951578593
12852,311.55,3215,0.7411249423697557,8682310.303999979,0.9769445511584234
13990,311.3,3216,0.7413554633471646,8682621.60399998,0.9769795790286707
17854,311.26,3217,0.7415859843245736,8682932.86399998,0.9770146023980674
16781,311.25,3218,0.7418165053019825,8683244.11399998,0.9770496246422514
13897,311.16,3219,0.7420470262793915,8683555.27399998,0.9770846367595215
15185,310.62,3220,0.7422775472568004,8683865.893999979,0.9771195881153075
15308,310.46999999999997,3221,0.7425080682342093,8684176.36399998,0.9771545225929038
14311,310.26,3222,0.7427385892116183,8684486.62399998,0.9771894334410339
17912,310.06,3223,0.7429691101890272,8684796.68399998,0.9772243217849109
14924,310.05,3224,0.7431996311664362,8685106.73399998,0.9772592090035753
15661,309.79999999999995,3225,0.7434301521438451,8685416.533999981,0.9772940680919231
15699,309.65,3226,0.7436606731212541,8685726.183999982,0.9773289103020808
16810,309.54,3227,0.743891194098663,8686035.72399998,0.977363740134899
14339,309.52,3228,0.7441217150760719,8686345.24399998,0.977398567717292
14847,309.4,3229,0.7443522360534809,8686654.64399998,0.9774333817971331
17604,309.36,3230,0.7445827570308898,8686964.00399998,0.9774681913761235
12884,309.05,3231,0.7448132780082988,8687273.05399998,0.9775029660735214
13787,309.04,3232,0.7450437989857077,8687582.09399998,0.9775377396457064
15010,308.94,3233,0.7452743199631167,8687891.03399998,0.977572501965765
16956,308.74,3234,0.7455048409405256,8688199.77399998,0.9776072417815701
13699,308.58000000000004,3235,0.7457353619179345,8688508.35399998,0.9776419635939727
17510,308.48,3236,0.7459658828953435,8688816.83399998,0.9776766741542487
13369,308.28000000000003,3237,0.7461964038727524,8689125.11399998,0.9777113622102712
13466,307.9,3238,0.7464269248501614,8689433.01399998,0.9777460075082127
15973,307.82,3239,0.7466574458275703,8689740.83399998,0.9777806438044528
16123,307.78,3240,0.7468879668049793,8690048.61399998,0.9778152755998422
13529,307.76,3241,0.7471184877823882,8690356.37399998,0.9778499051448062
13395,307.71999999999997,3242,0.7473490087597972,8690664.09399998,0.9778845301889197
13060,307.53,3243,0.7475795297372061,8690971.62399998,0.9779191338539924
14716,307.51,3244,0.747810050714615,8691279.13399998,0.9779537352686399
14915,307.48,3245,0.748040571692024,8691586.61399998,0.9779883333076494
17120,307.46,3246,0.7482710926694329,8691894.07399998,0.9780229290962337
13932,307.4,3247,0.7485016136468419,8692201.47399998,0.9780575181335419
13142,307.09,3248,0.7487321346242508,8692508.56399998,0.9780920722892574
17334,307.02,3249,0.7489626556016598,8692815.58399998,0.9781266185684843
15087,306.94,3250,0.7491931765790687,8693122.52399998,0.9781611558460098
13762,306.72,3251,0.7494236975564776,8693429.24399998,0.9781956683688569
16668,306.71999999999997,3252,0.7496542185338866,8693735.963999981,0.9782301808917039
13718,306.55,3253,0.7498847395112955,8694042.513999982,0.9782646742859357
18059,306.46,3254,0.7501152604887045,8694348.973999983,0.9782991575532535
15659,306.45,3255,0.7503457814661134,8694655.423999982,0.9783336396953584
17176,306.13,3256,0.7505763024435224,8694961.553999983,0.9783680858306583
13863,305.78,3257,0.7508068234209313,8695267.333999982,0.9784024925835147
15219,305.75,3258,0.7510373443983402,8695573.083999982,0.9784368959607332
16796,305.62,3259,0.7512678653757492,8695878.703999981,0.978471284710187
16181,305.54,3260,0.7514983863531581,8696184.24399998,0.9785056644579394
18220,305.28000000000003,3261,0.7517289073305671,8696489.52399998,0.9785400149501626
13045,305.28,3262,0.751959428307976,8696794.803999979,0.9785743654423859
12623,305.1,3263,0.752189949285385,8697099.903999979,0.9786086956807811
17941,304.56,3264,0.7524204702627939,8697404.46399998,0.9786429651576927
15163,304.47,3265,0.7526509912402028,8697708.93399998,0.9786772245076901
18185,304.25,3266,0.7528815122176118,8698013.18399998,0.9787114591030089
16217,304.25,3267,0.7531120331950207,8698317.43399998,0.9787456936983278
17070,304.24,3268,0.7533425541724297,8698621.67399998,0.978779927168434
16674,304.24,3269,0.7535730751498386,8698925.91399998,0.9788141606385402
17732,303.97,3270,0.7538035961272476,8699229.883999981,0.9788483637279045
16400,303.93,3271,0.7540341171046565,8699533.81399998,0.978882562316418
13083,303.75,3272,0.7542646380820655,8699837.56399998,0.9789167406511036
17433,303.15999999999997,3273,0.7544951590594744,8700140.72399998,0.978950852598242
16425,302.7,3274,0.7547256800368833,8700443.42399998,0.9789849127855977
14248,302.58,3275,0.7549562010142923,8700746.00399998,0.9790189594704016
16386,302.57,3276,0.7551867219917012,8701048.57399998,0.9790530050299928
18165,302.46000000000004,3277,0.7554172429691102,8701351.033999981,0.9790870382122449
16292,302.25,3278,0.7556477639465191,8701653.283999981,0.9791210477650307
17506,302.2,3279,0.7558782849239281,8701955.48399998,0.9791550516917533
15054,302.1,3280,0.756108805901337,8702257.58399998,0.9791890443663491
17094,302.0,3281,0.7563393268787459,8702559.58399998,0.9792230257888185
16297,301.9,3282,0.7565698478561549,8702861.48399998,0.9792569959591612
16715,301.71999999999997,3283,0.7568003688335638,8703163.203999981,0.979290945875676
15667,301.32,3284,0.7570308898109728,8703464.523999982,0.9793248507836841
15148,301.29,3285,0.7572614107883817,8703765.81399998,0.9793587523160542
15623,301.03,3286,0.7574919317657907,8704066.84399998,0.9793926245928949
13479,300.95,3287,0.7577224527431996,8704367.79399998,0.9794264878680343
17978,300.91999999999996,3288,0.7579529737206085,8704668.71399998,0.9794603477675359
16430,300.85,3289,0.7581834946980175,8704969.563999979,0.9794941997905487
16479,300.83000000000004,3290,0.7584140156754264,8705270.393999979,0.9795280495631363
14762,300.52,3291,0.7586445366528354,8705570.913999978,0.9795618644541312
13304,300.42,3292,0.7588750576302443,8705871.333999978,0.9795956680929995
15254,300.36,3293,0.7591055786076533,8706171.693999978,0.9796294649805918
17793,300.34000000000003,3294,0.7593360995850622,8706472.033999978,0.9796632596177587
13745,300.04,3295,0.7595666205624712,8706772.073999977,0.9796970204985457
18053,300.02,3296,0.7597971415398801,8707072.093999976,0.9797307791289074
18215,299.34000000000003,3297,0.760027662517289,8707371.433999976,0.9797644612448079
13667,299.05,3298,0.760258183494698,8707670.483999977,0.9797981107295413
15609,298.48,3299,0.7604887044721069,8707968.963999977,0.9798316960771527
17824,298.4,3300,0.7607192254495159,8708267.363999978,0.9798652724230628
16104,298.21,3301,0.7609497464269248,8708565.573999979,0.9798988273899323
17678,298.11,3302,0.7611802674043338,8708863.683999978,0.979932371104675
12881,298.0,3303,0.7614107883817427,8709161.683999978,0.9799659024420786
15857,297.0,3304,0.7616413093591516,8709458.683999978,0.9799993212582155
17531,296.7,3305,0.7618718303365606,8709755.383999977,0.9800327063179726
13441,296.64,3306,0.7621023513139695,8710052.023999978,0.9800660846264537
17266,296.58,3307,0.7623328722913785,8710348.603999978,0.9800994561836589
13751,296.25,3308,0.7625633932687874,8710644.853999978,0.9801327906088461
13504,295.93,3309,0.7627939142461964,8710940.783999978,0.980166089027228
16998,295.0,3310,0.7630244352236053,8711235.783999978,0.9801992828008321
14954,294.85,3311,0.7632549562010142,8711530.633999977,0.9802324596962463
15060,294.25,3312,0.7634854771784232,8711824.883999977,0.9802655690789005
17124,294.24,3313,0.7637159981558321,8712119.123999977,0.9802986773363421
15732,294.12,3314,0.7639465191332411,8712413.243999977,0.9803317720912317
16402,293.45,3315,0.76417704011065,8712706.693999976,0.9803647914568727
17163,293.1,3316,0.764407561088059,8712999.793999976,0.9803977714400706
12829,293.0,3317,0.7646380820654679,8713292.793999976,0.9804307401711417
16721,292.47,3318,0.7648686030428768,8713585.263999976,0.9804636492659419
14985,292.01,3319,0.7650991240202858,8713877.273999976,0.9804965066009592
13502,292.0,3320,0.7653296449976947,8714169.273999976,0.980529362810764
13449,291.88,3321,0.7655601659751037,8714461.153999977,0.9805622055180169
17255,291.48,3322,0.7657906869525127,8714752.633999977,0.9805950032167632
14656,291.05,3323,0.7660212079299217,8715043.683999978,0.9806277525313648
14947,290.82,3324,0.7662517289073306,8715334.503999978,0.9806604759660752
16648,290.65999999999997,3325,0.7664822498847396,8715625.163999978,0.9806931813973829
15279,290.51,3326,0.7667127708621485,8715915.673999978,0.9807258699505007
17691,290.4,3327,0.7669432918395575,8716206.073999979,0.9807585461262791
16526,290.36,3328,0.7671738128169664,8716496.433999978,0.9807912178012068
17551,290.34,3329,0.7674043337943753,8716786.773999978,0.9808238872257093
13573,290.25,3330,0.7676348547717843,8717077.023999978,0.9808565465232978
14784,289.99,3331,0.7678653757491932,8717367.013999978,0.980889176565357
17464,289.96000000000004,3332,0.7680958967266022,8717656.973999979,0.9809218032317782
16897,289.78,3333,0.7683264177040111,8717946.753999978,0.9809544096443714
17201,289.78,3334,0.76855693868142,8718236.533999978,0.9809870160569646
14162,289.36,3335,0.768787459658829,8718525.893999977,0.9810195752106259
16125,289.35,3336,0.7690179806362379,8718815.243999977,0.9810521332390745
14549,289.24,3337,0.7692485016136469,8719104.483999977,0.9810846788901838
15545,288.96999999999997,3338,0.7694790225910558,8719393.453999978,0.9811171941605513
17081,288.90999999999997,3339,0.7697095435684648,8719682.363999978,0.9811497026796427
17501,288.6,3340,0.7699400645458737,8719970.963999977,0.9811821763171416
16808,288.41999999999996,3341,0.7701705855232827,8720259.383999977,0.9812146297008123
15396,288.18,3342,0.7704011065006916,8720547.563999977,0.9812470560793792
17977,288.14,3343,0.7706316274781005,8720835.703999978,0.9812794779570956
17080,287.62,3344,0.7708621484555095,8721123.323999977,0.9813118413237532
17760,287.59,3345,0.7710926694329184,8721410.913999977,0.9813442013147728
16432,287.4,3346,0.7713231904103274,8721698.313999977,0.9813765399267519
13760,286.78999999999996,3347,0.7715537113877363,8721985.103999976,0.9814088099007583
16555,285.89,3348,0.7717842323651453,8722270.993999977,0.9814409786056252
14660,285.74,3349,0.7720147533425542,8722556.733999977,0.9814731304323019
14953,285.67,3350,0.7722452743199631,8722842.403999977,0.98150527438249
17636,285.56,3351,0.7724757952973721,8723127.963999977,0.9815374059553389
13708,285.33,3352,0.772706316274781,8723413.293999977,0.9815695116482964
16429,284.55,3353,0.77293683725219,8723697.843999978,0.9816015295746662
18190,284.46000000000004,3354,0.7731673582295989,8723982.303999979,0.981633537374122
13121,283.73,3355,0.7733978792070079,8724266.03399998,0.9816654630330531
13439,283.71,3356,0.7736284001844168,8724549.74399998,0.9816973864415591
12703,283.55,3357,0.7738589211618258,8724833.293999981,0.9817292918466625
17783,283.47,3358,0.7740894421392347,8725116.763999982,0.9817611882500644
13259,283.18,3359,0.7743199631166436,8725399.943999982,0.9817930520222989
18270,283.15,3360,0.7745504840940526,8725683.093999982,0.9818249124188957
17694,283.12,3361,0.7747810050714615,8725966.213999981,0.9818567694398542
14350,282.93,3362,0.7750115260488705,8726249.14399998,0.9818886050817722
13754,282.6,3363,0.7752420470262794,8726531.74399998,0.9819204035916722
13177,282.45,3364,0.7754725680036884,8726814.19399998,0.9819521852233822
16557,281.85,3365,0.7757030889810973,8727096.04399998,0.9819838993423324
16848,281.42,3366,0.7759336099585062,8727377.46399998,0.9820155650771382
14242,280.54999999999995,3367,0.7761641309359152,8727658.01399998,0.982047132918442
16149,280.52,3368,0.7763946519133241,8727938.53399998,0.9820786973841079
17247,280.09000000000003,3369,0.7766251728907331,8728218.62399998,0.9821102134656292
14975,279.94,3370,0.776855693868142,8728498.563999979,0.9821417126689604
15556,279.77,3371,0.777086214845551,8728778.333999978,0.9821731927436764
14480,279.05,3372,0.7773167358229599,8729057.38399998,0.9822045918030806
14764,278.3,3373,0.7775472568003688,8729335.68399998,0.982235906471535
14908,277.8,3374,0.7777777777777778,8729613.48399998,0.9822671648793563
13803,277.07,3375,0.7780082987551867,8729890.55399998,0.9822983411466529
15355,277.05,3376,0.7782388197325957,8730167.603999982,0.9823295151635242
13606,276.74999999999994,3377,0.7784693407100046,8730444.353999982,0.9823606554240155
13272,276.56,3378,0.7786998616874136,8730720.913999982,0.9823917743054663
13544,276.06,3379,0.7789303826648225,8730996.973999983,0.9824228369262838
12750,275.88,3380,0.7791609036422315,8731272.853999984,0.9824538792932734
14512,275.28,3381,0.7793914246196404,8731548.133999983,0.982484854147503
16313,274.15,3382,0.7796219455970493,8731822.283999983,0.9825157018527017
16883,272.48,3383,0.7798524665744583,8732094.763999984,0.9825463616473852
17498,272.22,3384,0.7800829875518672,8732366.983999984,0.9825769921865396
14819,272.07,3385,0.7803135085292762,8732639.053999985,0.982607605847504
13917,272.03999999999996,3386,0.7805440295066851,8732911.093999984,0.9826382161328302
14816,271.85,3387,0.780774550484094,8733182.943999983,0.9826688050391158
13058,271.4,3388,0.781005071461503,8733454.343999984,0.9826993433108316
17767,271.2,3389,0.7812355924389119,8733725.543999983,0.9827298590782941
17254,271.19,3390,0.7814661134163209,8733996.733999982,0.9827603737205438
17496,271.05,3391,0.7816966343937298,8734267.783999983,0.9827908726098165
18108,271.0,3392,0.7819271553711388,8734538.783999983,0.9828213658730257
17011,270.9,3393,0.7821576763485477,8734809.683999984,0.9828518478841083
15774,270.8,3394,0.7823881973259567,8735080.483999984,0.9828823186430643
14520,270.6,3395,0.7826187183033656,8735351.083999984,0.9829127668977669
13242,270.4,3396,0.7828492392807745,8735621.483999984,0.9829431926482163
12558,269.96,3397,0.7830797602581835,8735891.443999985,0.9829735688893084
17251,269.83,3398,0.7833102812355924,8736161.273999985,0.9830039305026359
13533,269.09000000000003,3399,0.7835408022130014,8736430.363999985,0.9830342088502262
14727,268.58,3400,0.7837713231904103,8736698.943999985,0.9830644298119706
14508,268.05,3401,0.7840018441678193,8736966.993999986,0.9830945911374439
15408,267.18,3402,0.7842323651452282,8737234.173999986,0.9831246545694152
17550,267.15999999999997,3403,0.7844628861226371,8737501.333999986,0.9831547157509613
15320,267.13,3404,0.7846934071000461,8737768.463999987,0.9831847735568694
15517,267.03,3405,0.784923928077455,8738035.493999986,0.9832148201106506
16451,266.97,3406,0.785154449054864,8738302.463999987,0.9832448599131561
17786,266.85,3407,0.7853849700322729,8738569.313999986,0.9832748862131095
14863,266.76,3408,0.7856154910096819,8738836.073999986,0.983304902386149
13837,266.59000000000003,3409,0.7858460119870908,8739102.663999986,0.9833348994305731
15119,266.4,3410,0.7860765329644998,8739369.063999986,0.9833648750959566
12962,266.39000000000004,3411,0.7863070539419087,8739635.453999987,0.9833948496361276
14068,265.85,3412,0.7865375749193176,8739901.303999986,0.9834247634148146
17430,265.76,3413,0.7867680958967266,8740167.063999986,0.9834546670665875
14423,265.2,3414,0.7869986168741355,8740432.263999986,0.9834845077064511
17968,265.1,3415,0.7872291378515445,8740697.363999985,0.9835143370941882
13973,264.7,3416,0.7874596588289534,8740962.063999984,0.9835441214734187
15912,264.62,3417,0.7876901798063624,8741226.683999984,0.9835738968509479
17403,263.92,3418,0.7879207007837713,8741490.603999984,0.9836035934635906
17708,263.33,3419,0.7881512217611802,8741753.933999984,0.9836332236886861
12492,263.21000000000004,3420,0.7883817427385892,8742017.143999984,0.9836628404112298
17194,262.62,3421,0.7886122637159981,8742279.763999984,0.9836923907462259
16413,262.2,3422,0.7888427846934071,8742541.963999983,0.9837218938222902
16936,261.9,3423,0.789073305670816,8742803.863999983,0.9837513631419748
13189,260.68,3424,0.789303826648225,8743064.543999983,0.9837806951857141
14053,260.25,3425,0.7895343476256339,8743324.793999983,0.983809978845309
15143,259.45,3426,0.7897648686030428,8743584.243999982,0.9838391724878905
13127,259.17,3427,0.7899953895804518,8743843.413999982,0.9838683346245176
14452,259.05,3428,0.7902259105578607,8744102.463999983,0.9838974832585927
15577,258.88,3429,0.7904564315352697,8744361.343999984,0.9839266127640527
13277,258.4,3430,0.7906869525126786,8744619.743999984,0.9839556882593046
15894,258.25,3431,0.7909174734900876,8744877.993999984,0.9839847468763665
13227,257.7,3432,0.7911479944674965,8745135.693999983,0.9840137436067318
15014,257.66999999999996,3433,0.7913785154449055,8745393.363999983,0.9840427369614592
13626,257.23,3434,0.7916090364223144,8745650.593999984,0.9840716808068293
16048,256.44000000000005,3435,0.7918395573997233,8745907.033999983,0.9841005357603989
12430,256.4,3436,0.7920700783771323,8746163.433999984,0.9841293862131179
13806,256.38,3437,0.7923005993545412,8746419.813999984,0.9841582344154116
16727,256.32,3438,0.7925311203319502,8746676.133999985,0.9841870758664293
17896,256.32,3439,0.7927616413093591,8746932.453999985,0.9842159173174471
17385,256.11,3440,0.792992162286768,8747188.563999984,0.9842447351389987
16447,255.91,3441,0.793222683264177,8747444.473999985,0.9842735304562971
14761,255.9,3442,0.7934532042415859,8747700.373999985,0.9843023246483829
15277,255.89999999999998,3443,0.7936837252189949,8747956.273999985,0.9843311188404686
14881,255.4,3444,0.7939142461964038,8748211.673999986,0.9843598567719212
16226,255.12,3445,0.7941447671738128,8748466.793999985,0.9843885631974191
15261,254.82,3446,0.7943752881512217,8748721.613999985,0.9844172358665371
15154,254.28,3447,0.7946058091286307,8748975.893999984,0.9844458477741711
12604,254.18,3448,0.7948363301060396,8749230.073999984,0.9844744484296785
14765,254.11,3449,0.7950668510834485,8749484.183999984,0.9845030412086972
15689,254.1,3450,0.7952973720608575,8749738.283999983,0.9845316328625033
12797,254.03,3451,0.7955278930382664,8749992.313999983,0.9845602166398207
15759,253.04000000000002,3452,0.7957584140156754,8750245.353999982,0.9845886890210843
15019,252.81,3453,0.7959889349930843,8750498.163999982,0.9846171355224568
15035,252.73000000000002,3454,0.7962194559704933,8750750.893999983,0.9846455730221279
13404,252.49,3455,0.7964499769479022,8751003.383999983,0.984673983516695
15346,252.42000000000002,3456,0.7966804979253111,8751255.803999983,0.9847023861347736
13645,252.1,3457,0.7969110189027202,8751507.903999982,0.9847307527460467
13711,252.06,3458,0.7971415398801291,8751759.963999983,0.9847591148564693
16330,251.91,3459,0.7973720608575381,8752011.873999983,0.9847874600887019
16836,251.87,3460,0.797602581834947,8752263.743999982,0.9848158008200838
17155,251.7,3461,0.797833102812356,8752515.443999982,0.9848441224228504
16976,251.51999999999998,3462,0.7980636237897649,8752766.963999981,0.984872423771789
13512,251.21,3463,0.7982941447671739,8753018.173999982,0.9849006902391352
14501,251.21,3464,0.7985246657445828,8753269.383999983,0.9849289567064813
16024,251.03,3465,0.7987551867219918,8753520.413999982,0.9849572029199993
13207,250.26000000000005,3466,0.7989857076994007,8753770.673999982,0.9849853624921423
16596,250.15,3467,0.7992162286768096,8754020.823999982,0.9850135096869459
17303,250.04,3468,0.7994467496542186,8754270.863999981,0.9850416445044101
15510,250.0,3469,0.7996772706316275,8754520.863999981,0.9850697748210239
17456,249.86,3470,0.7999077916090365,8754770.72399998,0.9850978893846601
16124,249.0,3471,0.8001383125864454,8755019.72399998,0.9851259071800074
13061,248.61,3472,0.8003688335638544,8755268.33399998,0.9851538810920606
16510,248.1,3473,0.8005993545412633,8755516.43399998,0.985181797618268
15097,248.08,3474,0.8008298755186722,8755764.51399998,0.98520971189405
13592,247.95999999999998,3475,0.8010603964960812,8756012.47399998,0.9852376126672802
18072,247.44,3476,0.8012909174734901,8756259.91399998,0.9852654549294517
18009,247.39,3477,0.8015214384508991,8756507.30399998,0.98529329156556
13349,247.32,3478,0.801751959428308,8756754.623999981,0.9853211203251796
14658,247.14999999999998,3479,0.801982480405717,8757001.773999982,0.9853489299561838
15783,246.3,3480,0.8022130013831259,8757248.073999982,0.9853766439441117
17278,246.04,3481,0.8024435223605348,8757494.113999981,0.9854043286765102
16778,245.94,3482,0.8026740433379438,8757740.05399998,0.985432002156782
17771,245.81,3483,0.8029045643153527,8757985.863999981,0.9854596610092893
12660,245.1,3484,0.8031350852927617,8758230.963999981,0.9854872399716972
15118,244.8,3485,0.8033656062701706,8758475.763999982,0.9855147851777254
16528,244.41,3486,0.8035961272475796,8758720.173999982,0.9855422865004596
17892,244.1,3487,0.8038266482249885,8758964.273999982,0.9855697529416011
17925,244.08,3488,0.8040571692023974,8759208.353999982,0.9855972171323174
13103,243.94,3489,0.8042876901798064,8759452.293999981,0.9856246655700563
16793,243.84,3490,0.8045182111572153,8759696.133999981,0.9856521027556686
18193,243.76,3491,0.8047487321346243,8759939.89399998,0.9856795309395795
13886,243.56,3492,0.8049792531120332,8760183.453999981,0.9857069366192373
15634,243.55,3493,0.8052097740894422,8760427.003999982,0.9857343411736824
17339,243.36,3494,0.8054402950668511,8760670.363999981,0.9857617243490867
16601,242.7,3495,0.80567081604426,8760913.06399998,0.9857890332604552
16215,242.35,3496,0.805901337021669,8761155.41399998,0.9858163027893805
15776,241.62,3497,0.8061318579990779,8761397.03399998,0.9858434901777812
14523,241.09000000000003,3498,0.8063623789764869,8761638.12399998,0.9858706179299107
16427,241.06,3499,0.8065928999538958,8761879.18399998,0.9858977423064023
17051,240.89000000000001,3500,0.8068234209313048,8762120.07399998,0.9859248475542787
15598,240.68,3501,0.8070539419087137,8762360.75399998,0.9859519291726889
15286,240.55,3502,0.8072844628861227,8762601.30399998,0.9859789961633346
13565,240.22,3503,0.8075149838635316,8762841.523999982,0.9860060260219625
17256,240.0,3504,0.8077455048409405,8763081.523999982,0.9860330311259116
17181,239.92000000000002,3505,0.8079760258183495,8763321.443999982,0.9860600272281594
15690,239.76,3506,0.8082065467957584,8763561.203999981,0.9860870053270046
13570,239.49,3507,0.8084370677731674,8763800.693999982,0.9861139530451077
17684,239.40999999999997,3508,0.8086675887505763,8764040.103999982,0.9861408917615098
16756,239.4,3509,0.8088981097279853,8764279.503999982,0.986167829352699
12561,238.85,3510,0.8091286307053942,8764518.353999982,0.9861947050571916
12718,238.25,3511,0.8093591516828031,8764756.603999982,0.9862215132489245
17877,237.61,3512,0.8095896726602121,8764994.213999981,0.9862482494270467
14586,237.36,3513,0.809820193637621,8765231.57399998,0.9862749574748523
15457,237.07,3514,0.81005071461503,8765468.64399998,0.9863016328914908
12732,236.26000000000002,3515,0.8102812355924389,8765704.90399998,0.9863282171659034
16026,236.09,3516,0.8105117565698479,8765940.99399998,0.9863547823117006
14647,236.04000000000002,3517,0.8107422775472568,8766177.03399998,0.9863813418314344
13187,236.02,3518,0.8109727985246658,8766413.053999979,0.986407899100743
14375,235.56,3519,0.8112033195020747,8766648.61399998,0.9864344046102691
15850,234.88,3520,0.8114338404794836,8766883.49399998,0.9864608336053341
15462,234.6,3521,0.8116643614568926,8767118.09399998,0.9864872310944443
14473,234.34000000000003,3522,0.8118948824343015,8767352.43399998,0.9865135993280253
17060,234.24,3523,0.8121254034117105,8767586.67399998,0.9865399563094797
16961,234.17,3524,0.8123559243891194,8767820.84399998,0.9865663054144453
12736,234.0,3525,0.8125864453665284,8768054.84399998,0.9865926353907957
13348,233.76,3526,0.8128169663439373,8768288.60399998,0.9866189383620422
16583,233.45,3527,0.8130474873213462,8768522.053999979,0.9866452064516958
16302,233.22,3528,0.8132780082987552,8768755.27399998,0.9866714486614585
13678,232.6,3529,0.8135085292761641,8768987.87399998,0.9866976211080358
18213,232.48000000000002,3530,0.8137390502535731,8769220.35399998,0.9867237800520613
16117,232.21,3531,0.813969571230982,8769452.56399998,0.9867499086153448
17908,232.03,3532,0.814200092208391,8769684.59399998,0.9867760169248002
14995,231.98000000000002,3533,0.8144306131857999,8769916.57399998,0.9868021196081924
15393,231.86,3534,0.8146611341632088,8770148.43399998,0.9868282087890325
17111,231.61,3535,0.8148916551406178,8770380.04399998,0.986854269839556
16641,231.1,3536,0.8151221761180267,8770611.143999979,0.9868802735042337
18030,230.64999999999998,3537,0.8153526970954357,8770841.79399998,0.9869062265343415
16445,230.51,3538,0.8155832180728446,8771072.303999979,0.9869321638114719
17125,230.5,3539,0.8158137390502536,8771302.803999979,0.9869580999633897
13786,230.39999999999998,3540,0.8160442600276625,8771533.20399998,0.9869840248631808
16926,230.25,3541,0.8162747810050714,8771763.45399998,0.987009932884782
13960,230.22,3542,0.8165053019824804,8771993.67399998,0.9870358375307453
12812,229.64000000000001,3543,0.8167358229598893,8772223.31399998,0.9870616769143741
13008,229.46999999999997,3544,0.8169663439372983,8772452.783999981,0.9870874971693875
15528,229.33,3545,0.8171968649147072,8772682.113999981,0.9871133016714235
14793,228.99,3546,0.8174273858921162,8772911.103999982,0.987139067916229
17347,228.96,3547,0.8176579068695251,8773140.063999983,0.9871648307853965
13146,228.91,3548,0.817888427846934,8773368.973999983,0.9871905880285007
13712,228.84,3549,0.818118948824343,8773597.813999983,0.9872163373951162
13070,228.8,3550,0.8183494698017519,8773826.613999983,0.9872420822608811
17969,228.2,3551,0.8185799907791609,8774054.813999983,0.9872677596138859
16527,228.06,3552,0.8188105117565698,8774282.873999983,0.9872934212139137
14569,227.39,3553,0.8190410327339788,8774510.263999984,0.9873190074246928
17212,226.85,3554,0.8192715537113877,8774737.113999983,0.987344532873988
13474,226.84,3555,0.8195020746887967,8774963.953999983,0.9873700571980706
17572,226.75,3556,0.8197325956662056,8775190.703999983,0.9873955713952393
18005,226.47,3557,0.8199631166436145,8775417.173999984,0.9874210540864533
17860,226.45000000000002,3558,0.8201936376210235,8775643.623999983,0.9874465345272418
16315,226.37,3559,0.8204241585984324,8775869.993999982,0.9874720059663291
16619,226.21,3560,0.8206546795758414,8776096.203999983,0.9874974594020139
12672,225.9,3561,0.8208852005532503,8776322.103999984,0.987522877956106
17789,225.9,3562,0.8211157215306593,8776548.003999984,0.9875482965101982
14624,225.85,3563,0.8213462425080682,8776773.853999984,0.987573709438227
12402,225.6,3564,0.8215767634854771,8776999.453999983,0.9875990942359391
16690,225.57999999999998,3565,0.8218072844628861,8777225.033999983,0.987624476783226
14052,225.36,3566,0.822037805440295,8777450.393999983,0.9876498345758341
15483,225.26,3567,0.822268326417704,8777675.653999982,0.9876751811163156
16587,225.15,3568,0.8224988473951129,8777900.803999983,0.9877005152794579
14357,225.12,3569,0.8227293683725219,8778125.923999982,0.9877258460669621
17171,224.91,3570,0.8229598893499308,8778350.833999982,0.9877511532250005
15175,224.14,3571,0.8231904103273397,8778574.973999983,0.9877763737416637
16471,223.95000000000002,3572,0.8234209313047487,8778798.923999982,0.9878015728792862
16753,223.92000000000002,3573,0.8236514522821576,8779022.843999982,0.9878267686412706
14929,223.88,3574,0.8238819732595666,8779246.723999983,0.9878519599024046
13926,223.85000000000002,3575,0.8241124942369755,8779470.573999982,0.9878771477879005
17534,223.36,3576,0.8243430152143845,8779693.933999982,0.9879022805379757
15637,223.36,3577,0.8245735361917934,8779917.293999981,0.9879274132880509
13382,222.99,3578,0.8248040571692024,8780140.283999981,0.9879525044052576
16777,222.62,3579,0.8250345781466113,8780362.90399998,0.9879775538895957
18101,222.39999999999998,3580,0.8252650991240202,8780585.30399998,0.9880025786192552
14598,221.97,3581,0.8254956201014292,8780807.273999982,0.9880275549647702
14960,221.26999999999998,3582,0.8257261410788381,8781028.543999981,0.9880524525453986
13419,221.06,3583,0.8259566620562471,8781249.603999982,0.9880773264965612
16482,220.62,3584,0.826187183033656,8781470.22399998,0.9881021509383663
13079,220.10000000000002,3585,0.826417704011065,8781690.32399998,0.9881269168691129
18114,220.1,3586,0.8266482249884739,8781910.42399998,0.9881516827998595
13600,219.51999999999998,3587,0.8268787459658828,8782129.94399998,0.9881763834682716
15096,219.39,3588,0.8271092669432918,8782349.33399998,0.9882010695089192
12702,219.0,3589,0.8273397879207007,8782568.33399998,0.9882257116662728
15790,218.75,3590,0.8275703088981097,8782787.08399998,0.9882503256933097
13669,218.55,3591,0.8278008298755186,8783005.633999981,0.9882749172160935
12574,218.45000000000002,3592,0.8280313508529276,8783224.08399998,0.9882994974867504
15724,218.25,3593,0.8282618718303366,8783442.33399998,0.9883240552531541
14570,218.06000000000003,3594,0.8284923928077456,8783660.39399998,0.9883485916405174
16634,217.9,3595,0.8287229137851545,8783878.293999981,0.9883731100244778
16392,217.89,3596,0.8289534347625634,8784096.183999982,0.9883976272832257
15554,217.2,3597,0.8291839557399724,8784313.383999981,0.9884220669022996
16080,217.16,3598,0.8294144767173813,8784530.543999981,0.9884465020205229
13739,216.9,3599,0.8296449976947903,8784747.443999982,0.9884709078832169
13503,216.85,3600,0.8298755186721992,8784964.293999981,0.9884953081198475
12897,216.5,3601,0.8301060396496082,8785180.793999981,0.988519668974035
15604,216.39,3602,0.8303365606270171,8785397.183999982,0.9885440174508832
17436,216.29999999999998,3603,0.830567081604426,8785613.483999982,0.9885683558008175
14104,216.20999999999998,3604,0.830797602581835,8785829.693999983,0.9885926840238377
13858,216.17,3605,0.8310281235592439,8786045.863999983,0.9886170077460072
18212,216.07,3606,0.8312586445366529,8786261.933999984,0.9886413202160501
16179,215.83,3607,0.8314891655140618,8786477.763999984,0.988665605680989
17580,215.72,3608,0.8317196864914708,8786693.483999984,0.9886898787685887
16189,215.48,3609,0.8319502074688797,8786908.963999985,0.9887141248510843
16190,215.08,3610,0.8321807284462887,8787124.043999985,0.9887383259250735
16519,215.07999999999998,3611,0.8324112494236976,8787339.123999985,0.9887625269990625
12831,215.05,3612,0.8326417704011065,8787554.173999986,0.9887867246974137
12588,214.89999999999998,3613,0.8328722913785155,8787769.073999986,0.9888109055175749
16338,214.8,3614,0.8331028123559244,8787983.873999987,0.9888350750856094
17619,214.37,3615,0.8333333333333334,8788198.243999986,0.9888591962694991
16846,214.32,3616,0.8335638543107423,8788412.563999986,0.9888833118273258
15460,214.26,3617,0.8337943752881513,8788626.823999986,0.9889074206338764
16647,214.06,3618,0.8340248962655602,8788840.883999987,0.9889315069361737
14601,213.96,3619,0.8342554172429691,8789054.843999987,0.9889555819863444
13621,213.85,3620,0.8344859382203781,8789268.693999987,0.9889796446591756
17153,213.78,3621,0.834716459197787,8789482.473999986,0.9890036994555182
14241,213.70000000000002,3622,0.834946980175196,8789696.173999986,0.9890277452501596
13411,213.55,3623,0.8351775011526049,8789909.723999986,0.989051774166611
16591,213.50000000000003,3624,0.8354080221300139,8790123.223999986,0.9890757974569991
15540,213.3,3625,0.8356385431074228,8790336.523999987,0.989099798243134
17928,212.54000000000002,3626,0.8358690640848317,8790549.063999986,0.9891237135131061
15866,211.89,3627,0.8360995850622407,8790760.953999987,0.9891475556442553
16017,211.88,3628,0.8363301060396496,8790972.833999988,0.9891713966501918
16356,211.76999999999998,3629,0.8365606270170586,8791184.603999987,0.9891952252787889
16411,211.70000000000002,3630,0.8367911479944675,8791396.303999986,0.9892190460308973
15703,211.5,3631,0.8370216689718765,8791607.803999986,0.9892428442787524
13271,211.49,3632,0.8372521899492854,8791819.293999987,0.9892666414013949
12995,211.32,3633,0.8374827109266944,8792030.613999987,0.9892904193954222
13532,210.31,3634,0.8377132319041033,8792240.923999988,0.9893140837429703
13828,209.49,3635,0.8379437528815122,8792450.413999988,0.9893376558230799
17855,208.97,3636,0.8381742738589212,8792659.383999988,0.989361169392131
15327,208.75,3637,0.8384047948363301,8792868.133999988,0.9893846582065035
17514,208.65,3638,0.8386353158137391,8793076.783999989,0.9894081357687492
15897,208.58999999999997,3639,0.838865836791148,8793285.373999989,0.989431606579719
16457,208.36,3640,0.839096357768557,8793493.733999988,0.9894550515107974
12547,207.8,3641,0.8393268787459659,8793701.533999989,0.9894784334299668
18191,207.8,3642,0.8395573997233748,8793909.33399999,0.9895018153491362
16866,207.74,3643,0.8397879207007838,8794117.07399999,0.9895251905170295
15052,207.73000000000002,3644,0.8400184416781927,8794324.80399999,0.9895485645597101
16323,207.50000000000003,3645,0.8402489626556017,8794532.30399999,0.9895719127224994
17923,207.50000000000003,3646,0.8404794836330106,8794739.80399999,0.9895952608852888
16752,207.5,3647,0.8407100046104196,8794947.30399999,0.9896186090480782
13099,207.35999999999999,3648,0.8409405255878285,8795154.66399999,0.9896419414578901
15925,207.15,3649,0.8411710465652374,8795361.81399999,0.9896652502382363
15820,206.98,3650,0.8414015675426464,8795568.79399999,0.9896885398899671
17166,206.34,3651,0.8416320885200553,8795775.13399999,0.9897117575280873
14964,206.21,3652,0.8418626094974643,8795981.343999991,0.989734960538443
13065,205.86,3653,0.8420931304748732,8796187.20399999,0.9897581241663553
17670,205.7,3654,0.8423236514522822,8796392.90399999,0.989781269790865
17843,205.48,3655,0.8425541724296911,8796598.38399999,0.9898043906606961
15307,205.3,3656,0.8427846934071,8796803.683999991,0.9898274912766993
15758,205.25,3657,0.843015214384509,8797008.933999991,0.9898505862666391
13513,205.1,3658,0.8432457353619179,8797214.03399999,0.989873664378389
15319,204.5,3659,0.8434762563393269,8797418.53399999,0.989896674977379
17206,204.24,3660,0.8437067773167358,8797622.77399999,0.9899196563208397
18273,204.0,3661,0.8439372982941448,8797826.77399999,0.9899426106591964
13017,204.0,3662,0.8441678192715537,8798030.77399999,0.9899655649975532
17187,203.95,3663,0.8443983402489627,8798234.72399999,0.9899885137098465
17394,203.86999999999998,3664,0.8446288612263716,8798438.59399999,0.9900114534204385
17891,203.85999999999999,3665,0.8448593822037805,8798642.453999989,0.9900343920058179
17376,203.2,3666,0.8450899031811895,8798845.653999988,0.9900572563271615
14381,202.68,3667,0.8453204241585984,8799048.333999988,0.9900800621374464
18169,202.65,3668,0.8455509451360074,8799250.983999988,0.9901028645720935
14984,202.37,3669,0.8457814661134163,8799453.353999987,0.9901256355007858
16895,202.27,3670,0.8460119870908253,8799655.623999987,0.9901483951773515
14385,202.10999999999999,3671,0.8462425080682342,8799857.733999986,0.9901711368505146
13428,201.78,3672,0.8464730290456431,8800059.513999986,0.9901938413916598
15347,201.60000000000002,3673,0.8467035500230521,8800261.113999985,0.990216525678977
17889,201.37,3674,0.846934071000461,8800462.483999984,0.9902391840864029
13295,201.20000000000002,3675,0.84716459197787,8800663.683999984,0.9902618233652135
13284,201.19,3676,0.8473951129552789,8800864.873999983,0.9902844615188114
16965,201.19,3677,0.8476256339326879,8801066.063999983,0.9903070996724094
13859,201.16,3678,0.8478561549100968,8801267.223999983,0.9903297344503694
17988,201.12,3679,0.8480866758875057,8801468.343999982,0.9903523647274787
18126,200.92,3680,0.8483171968649147,8801669.263999982,0.9903749725003348
17693,200.47,3681,0.8485477178423236,8801869.733999982,0.990397529638621
13262,200.29,3682,0.8487782388197326,8802070.023999982,0.9904200665230791
16415,200.26999999999998,3683,0.8490087597971415,8802270.293999981,0.9904426011571119
15437,200.16,3684,0.8492392807745505,8802470.453999981,0.9904651234138055
13980,200.14,3685,0.8494698017519594,8802670.593999982,0.9904876434200738
14782,200.10000000000002,3686,0.8497003227293684,8802870.693999982,0.9905101589254913
13723,199.85000000000002,3687,0.8499308437067773,8803070.543999981,0.9905326463005922
15593,199.8,3688,0.8501613646841862,8803270.343999982,0.99055512804963
13322,199.48000000000002,3689,0.8503918856615952,8803469.823999982,0.9905775737918624
16832,199.15,3690,0.8506224066390041,8803668.973999983,0.9905999824020769
18110,198.8,3691,0.8508529276164131,8803867.773999983,0.9906223516298482
17987,198.57,3692,0.851083448593822,8804066.343999984,0.9906446949777281
16178,197.9,3693,0.851313969571231,8804264.243999984,0.9906669629363596
12450,197.88,3694,0.8515444905486399,8804462.123999985,0.9906892286445657
12581,197.71,3695,0.8517750115260488,8804659.833999986,0.9907114752241565
14185,197.65,3696,0.8520055325034578,8804857.483999986,0.9907337150524713
14789,197.64,3697,0.8522360534808667,8805055.123999987,0.9907559537555735
16829,197.22,3698,0.8524665744582757,8805252.343999987,0.9907781451997437
15234,197.0,3699,0.8526970954356846,8805449.343999987,0.9908003118892353
12586,196.94,3700,0.8529276164130936,8805646.283999987,0.9908224718274509
13436,196.89,3701,0.8531581373905025,8805843.173999988,0.9908446261396032
15746,196.88,3702,0.8533886583679114,8806040.053999988,0.9908667793265429
13978,196.79000000000002,3703,0.8536191793453204,8806236.843999987,0.9908889223865683
16112,195.74,3704,0.8538497003227293,8806432.583999988,0.9909109472992642
13792,195.55,3705,0.8540802213001383,8806628.133999988,0.9909329508329195
17010,195.36,3706,0.8543107422775472,8806823.493999988,0.990954932987534
14666,195.25,3707,0.8545412632549562,8807018.743999988,0.9909769027648093
15612,195.15,3708,0.8547717842323651,8807213.893999988,0.990998861289958
17475,194.37,3709,0.855002305209774,8807408.263999987,0.9910207320485187
15683,193.75,3710,0.855232826187183,8807602.013999987,0.9910425330438943
15198,193.64000000000001,3711,0.8554633471645919,8807795.653999988,0.9910643216619306
17343,193.64,3712,0.8556938681420009,8807989.293999989,0.991086110279967
16847,193.44,3713,0.8559243891194098,8808182.733999988,0.9911078763937499
17383,193.39000000000001,3714,0.8561549100968188,8808376.123999989,0.9911296368814696
14806,193.39,3715,0.8563854310742277,8808569.51399999,0.9911513973691893
14476,193.0,3716,0.8566159520516367,8808762.51399999,0.9911731139736151
12522,192.72,3717,0.8568464730290456,8808955.23399999,0.9911947990720863
14768,192.60000000000002,3718,0.8570769940064545,8809147.83399999,0.9912164706680054
12791,192.60000000000002,3719,0.8573075149838635,8809340.43399999,0.9912381422639246
16887,192.32999999999998,3720,0.8575380359612724,8809532.76399999,0.9912597834791018
17608,191.99,3721,0.8577685569386814,8809724.75399999,0.9912813864370484
14100,191.95000000000002,3722,0.8579990779160903,8809916.703999989,0.9913029848941444
15909,191.94,3723,0.8582295988934993,8810108.643999988,0.9913245822260276
14087,191.47,3724,0.8584601198709082,8810300.113999989,0.9913461266729158
15692,191.04,3725,0.8586906408483171,8810491.153999988,0.9913676227356591
17233,190.88,3726,0.8589211618257261,8810682.033999989,0.9913891007950001
15723,190.70000000000002,3727,0.859151682803135,8810872.733999988,0.991410558600513
13033,190.55,3728,0.8593822037805441,8811063.283999989,0.991431999527836
15412,190.53,3729,0.859612724757953,8811253.813999988,0.9914534382047335
13972,190.25,3730,0.859843245735362,8811444.063999988,0.9914748453756765
12361,189.9,3731,0.8600737667127709,8811633.963999989,0.9914962131641762
13826,189.5,3732,0.8603042876901799,8811823.463999989,0.9915175359441695
13663,189.47,3733,0.8605348086675888,8812012.93399999,0.9915388553485247
14801,189.34,3734,0.8607653296449977,8812202.273999989,0.9915601601251152
14830,188.88,3735,0.8609958506224067,8812391.15399999,0.9915814131419233
14697,188.60999999999999,3736,0.8612263715998156,8812579.76399999,0.9916026357779891
17781,188.01999999999998,3737,0.8614568925772246,8812767.783999989,0.991623792026508
17279,187.83,3738,0.8616874135546335,8812955.613999989,0.9916449268959862
18013,187.29000000000002,3739,0.8619179345320425,8813142.903999988,0.9916660010039803
13568,187.05,3740,0.8621484555094514,8813329.953999989,0.9916870481068707
17440,186.42,3741,0.8623789764868603,8813516.373999989,0.9917080243213632
13672,186.39000000000001,3742,0.8626094974642693,8813702.76399999,0.9917289971602178
14551,186.23000000000002,3743,0.8628400184416782,8813888.99399999,0.9917499519956696
15567,186.01,3744,0.8630705394190872,8814075.00399999,0.9917708820764428
12641,185.9,3745,0.8633010603964961,8814260.90399999,0.9917917997798769
17574,185.65,3746,0.8635315813739051,8814446.55399999,0.9918126893529942
14199,185.39999999999998,3747,0.863762102351314,8814631.95399999,0.9918335507957949
16097,185.04999999999998,3748,0.863992623328723,8814817.003999991,0.9918543728561524
13482,184.64,3749,0.8642231443061319,8815001.643999992,0.9918751487827907
17680,184.4,3750,0.8644536652835408,8815186.043999992,0.991895897704325
16433,184.26,3751,0.8646841862609498,8815370.303999992,0.9919166308728818
15124,184.19,3752,0.8649147072383587,8815554.493999992,0.9919373561649502
14326,183.85000000000002,3753,0.8651452282157677,8815738.343999991,0.9919580431997878
16914,183.76,3754,0.8653757491931766,8815922.103999991,0.9919787201077115
16680,183.7,3755,0.8656062701705856,8816105.80399999,0.9919993902643591
14059,183.6,3756,0.8658367911479945,8816289.40399999,0.9920200491688801
13460,183.44,3757,0.8660673121254034,8816472.84399999,0.9920406900699985
13059,183.4,3758,0.8662978331028124,8816656.24399999,0.9920613264702663
14966,183.02,3759,0.8665283540802213,8816839.26399999,0.9920819201124528
16448,182.99,3760,0.8667588750576303,8817022.25399999,0.9921025103790013
14082,182.25,3761,0.8669893960350392,8817204.50399999,0.9921230173798127
15886,181.09,3762,0.8672199170124482,8817385.59399999,0.992143393855955
16594,181.09,3763,0.8674504379898571,8817566.68399999,0.9921637703320972
17904,181.07,3764,0.867680958967266,8817747.75399999,0.9921841445578142
15945,181.0,3765,0.867911479944675,8817928.75399999,0.9922045109070425
16835,180.85,3766,0.8681420009220839,8818109.60399999,0.9922248603780808
18119,180.7,3767,0.8683725218994929,8818290.303999988,0.9922451929709291
18280,180.60000000000002,3768,0.8686030428769018,8818470.903999988,0.9922655143116508
13710,180.48,3769,0.8688335638543108,8818651.383999988,0.9922858221498205
14722,180.42000000000002,3770,0.8690640848317197,8818831.803999988,0.9923061232367143
12622,180.1,3771,0.8692946058091287,8819011.903999988,0.9923263883168028
15041,179.93,3772,0.8695251267865376,8819191.833999988,0.9923466342682759
18147,179.33999999999997,3773,0.8697556477639465,8819371.173999988,0.9923668138322018
15895,179.17,3774,0.8699861687413555,8819550.343999987,0.9923869742675125
15454,179.1,3775,0.8702166897187644,8819729.443999987,0.9924071268263345
16990,179.0,3776,0.8704472106961734,8819908.443999987,0.9924272681330298
14705,179.0,3777,0.8706777316735823,8820087.443999987,0.9924474094397252
15139,178.96,3778,0.8709082526509913,8820266.403999988,0.9924675462455701
16620,178.95999999999998,3779,0.8711387736284002,8820445.363999989,0.9924876830514149
15262,178.95000000000002,3780,0.8713692946058091,8820624.313999988,0.9925078187320469
17660,178.75,3781,0.8715998155832181,8820803.063999988,0.9925279319084257
13778,178.7,3782,0.871830336560627,8820981.763999987,0.992548039458741
17879,178.51999999999998,3783,0.872060857538036,8821160.283999987,0.9925681267552284
15292,178.39,3784,0.8722913785154449,8821338.673999988,0.9925881994239514
18045,178.34,3785,0.8725218994928539,8821517.013999987,0.9926082664666109
17253,178.26,3786,0.8727524204702628,8821695.273999987,0.9926283245075691
17356,178.22,3787,0.8729829414476717,8821873.493999988,0.9926483780476767
18282,178.05,3788,0.8732134624250807,8822051.543999989,0.992668412459169
16403,177.5,3789,0.8734439834024896,8822229.043999989,0.9926883849839647
13618,177.34,3790,0.8736745043798986,8822406.383999988,0.9927083395053578
12618,177.31,3791,0.8739050253573075,8822583.693999989,0.9927282906511129
13072,177.15,3792,0.8741355463347165,8822760.84399999,0.9927482237934654
17947,176.68,3793,0.8743660673121254,8822937.523999989,0.9927681040508226
14287,176.63,3794,0.8745965882895343,8823114.15399999,0.9927879786821165
12893,176.55,3795,0.8748271092669433,8823290.70399999,0.9928078443117092
12509,176.5,3796,0.8750576302443522,8823467.20399999,0.9928277043152385
18274,175.92,3797,0.8752881512217612,8823643.12399999,0.9928474990564331
17582,175.27,3798,0.8755186721991701,8823818.39399999,0.9928672206588046
17331,175.2,3799,0.8757491931765791,8823993.59399999,0.9928869343846873
16144,175.2,3800,0.875979714153988,8824168.793999989,0.9929066481105702
18010,174.79999999999998,3801,0.876210235131397,8824343.59399999,0.9929263168279465
14355,174.4,3802,0.8764407561088059,8824517.99399999,0.9929459405368163
14518,174.37,3803,0.8766712770862148,8824692.363999989,0.9929655608700478
18278,173.9,3804,0.8769017980636238,8824866.26399999,0.9929851283182843
16861,173.76,3805,0.8771323190410327,8825040.023999989,0.9930046800135435
14798,173.74,3806,0.8773628400184417,8825213.76399999,0.9930242294583773
16565,173.7,3807,0.8775933609958506,8825387.463999989,0.9930437744023605
12441,173.55,3808,0.8778238819732596,8825561.01399999,0.9930633024681538
17772,173.45000000000002,3809,0.8780544029506685,8825734.463999989,0.9930828192818202
15565,173.16000000000003,3810,0.8782849239280774,8825907.623999989,0.9931023034643195
15670,173.05,3811,0.8785154449054864,8826080.67399999,0.9931217752694795
14693,172.9,3812,0.8787459658828953,8826253.57399999,0.9931412301964496
12923,172.82,3813,0.8789764868603043,8826426.39399999,0.9931606761217183
18048,172.29000000000002,3814,0.8792070078377132,8826598.68399999,0.9931800624107158
13922,172.25,3815,0.8794375288151222,8826770.93399999,0.9931994441988625
13690,172.25,3816,0.8796680497925311,8826943.18399999,0.9932188259870094
12442,172.06,3817,0.87989857076994,8827115.24399999,0.9932381863961156
16773,171.59,3818,0.880129091747349,8827286.83399999,0.9932574939202266
17245,171.45,3819,0.8803596127247579,8827458.283999989,0.9932767856913601
13560,171.42000000000002,3820,0.8805901337021669,8827629.703999989,0.9932960740868557
15432,171.19,3821,0.8808206546795758,8827800.893999988,0.9933153366024601
14536,170.95,3822,0.8810511756569848,8827971.843999987,0.9933345721129604
17542,170.75,3823,0.8812816966343937,8828142.593999987,0.9933537851192076
14860,170.32,3824,0.8815122176118027,8828312.913999988,0.9933729497413102
15335,170.22,3825,0.8817427385892116,8828483.133999988,0.9933921031112861
18058,170.16,3826,0.8819732595666205,8828653.293999989,0.9934112497299861
15016,170.04,3827,0.8822037805440295,8828823.333999988,0.9934303828461339
13962,169.55,3828,0.8824343015214384,8828992.883999988,0.9934494608268614
14218,169.48000000000002,3829,0.8826648224988474,8829162.363999989,0.9934685309311002
12367,168.9,3830,0.8828953434762563,8829331.26399999,0.9934875357730044
14578,168.63,3831,0.8831258644536653,8829499.89399999,0.9935065102341668
18269,168.6,3832,0.8833563854310742,8829668.49399999,0.993525481319691
18099,168.31,3833,0.8835869064084831,8829836.80399999,0.9935444197740481
15888,168.31,3834,0.8838174273858921,8830005.11399999,0.993563358228405
16282,168.3,3835,0.884047948363301,8830173.413999991,0.9935822955575495
17737,168.24,3836,0.88427846934071,8830341.653999992,0.9936012261354178
15986,168.12,3837,0.8845089903181189,8830509.77399999,0.9936201432107341
15374,168.0,3838,0.8847395112955279,8830677.77399999,0.9936390467834985
12551,168.0,3839,0.8849700322729368,8830845.77399999,0.9936579503562628
16952,167.60999999999999,3840,0.8852005532503457,8831013.38399999,0.9936768100457333
17367,167.55,3841,0.8854310742277547,8831180.933999991,0.9936956629839279
15920,167.5,3842,0.8856615952051636,8831348.433999991,0.993714510296059
16405,167.25,3843,0.8858921161825726,8831515.683999991,0.9937333294778735
14295,166.20000000000002,3844,0.8861226371599815,8831681.88399999,0.9937520305123582
17650,166.08,3845,0.8863531581373905,8831847.96399999,0.993770718044291
12817,166.04,3846,0.8865836791147994,8832014.00399999,0.9937894010753731
18088,166.03,3847,0.8868142000922083,8832180.033999989,0.9938080829812425
17561,165.12,3848,0.8870447210696173,8832345.153999988,0.9938266624927593
18042,165.04999999999998,3849,0.8872752420470262,8832510.203999989,0.9938452341277877
15316,165.0,3850,0.8875057630244352,8832675.203999989,0.9938638001367528
13470,165.0,3851,0.8877362840018441,8832840.203999989,0.9938823661457178
15904,164.68,3852,0.8879668049792531,8833004.883999988,0.9939008961478775
17535,164.4,3853,0.888197325956662,8833169.283999989,0.9939193946440826
13603,164.34,3854,0.888427846934071,8833333.623999989,0.9939378863890118
14552,164.22,3855,0.8886583679114799,8833497.84399999,0.993956364631389
14354,163.62,3856,0.8888888888888888,8833661.463999989,0.9939747753610063
17110,163.29999999999998,3857,0.8891194098662978,8833824.76399999,0.9939931500838184
17301,163.24,3858,0.8893499308437067,8833988.00399999,0.9940115180553545
13223,163.20000000000002,3859,0.8895804518211157,8834151.203999989,0.9940298815260399
14485,162.8,3860,0.8898109727985246,8834314.00399999,0.9940481999882187
12920,162.78,3861,0.8900414937759336,8834476.783999989,0.9940665161999721
16517,162.7,3862,0.8902720147533425,8834639.483999988,0.9940848234100242
15733,162.3,3863,0.8905025357307514,8834801.783999989,0.9941030856115699
18014,162.22,3864,0.8907330567081605,8834964.00399999,0.9941213388114143
15325,161.74,3865,0.8909635776855694,8835125.74399999,0.9941395380010507
17600,161.67000000000002,3866,0.8911940986629784,8835287.41399999,0.9941577293141984
15458,161.64,3867,0.8914246196403873,8835449.05399999,0.9941759172517082
16113,161.38,3868,0.8916551406177963,8835610.433999991,0.9941940759336887
14237,161.0,3869,0.8918856615952052,8835771.433999991,0.9942121918575879
13229,160.95,3870,0.8921161825726142,8835932.38399999,0.9942303021554237
15852,160.70999999999998,3871,0.8923467035500231,8836093.093999991,0.9942483854481557
12573,160.54000000000002,3872,0.892577224527432,8836253.63399999,0.9942664496122723
18203,160.42000000000002,3873,0.892807745504841,8836414.05399999,0.994284500273837
18146,160.35000000000002,3874,0.8930382664822499,8836574.40399999,0.9943025430589129
14714,160.19,3875,0.8932687874596589,8836734.59399999,0.9943205678405862
12966,160.18,3876,0.8934993084370678,8836894.773999989,0.9943385914970468
13598,160.04,3877,0.8937298294144768,8837054.813999988,0.9943565994005302
13420,159.85,3878,0.8939603503918857,8837214.663999988,0.994374585924973
16213,159.0,3879,0.8941908713692946,8837373.663999988,0.9943924768063392
18224,158.95000000000002,3880,0.8944213923467036,8837532.613999987,0.9944103620616421
13937,158.85,3881,0.8946519133241125,8837691.463999987,0.9944282360648183
15167,158.8,3882,0.8948824343015215,8837850.263999987,0.9944461044419315
14089,158.75,3883,0.8951129552789304,8838009.013999987,0.9944639671929811
17165,158.68,3884,0.8953434762563394,8838167.693999987,0.9944818220675421
15160,158.16,3885,0.8955739972337483,8838325.853999987,0.9944996184310446
15348,158.04,3886,0.8958045182111573,8838483.893999986,0.994517401291995
18004,157.92000000000002,3887,0.8960350391885662,8838641.813999986,0.9945351706503935
17556,157.9,3888,0.8962655601659751,8838799.713999987,0.9945529377583667
14799,157.70000000000002,3889,0.8964960811433841,8838957.413999986,0.9945706823620866
17344,157.62,3890,0.896726602120793,8839115.033999985,0.994588417964105
14148,157.2,3891,0.896957123098202,8839272.233999984,0.9946061063071916
17128,157.09,3892,0.8971876440756109,8839429.323999984,0.994623782272939
14585,157.05,3893,0.8974181650530199,8839586.373999985,0.9946414537378357
17118,157.01999999999998,3894,0.8976486860304288,8839743.393999984,0.9946591218270945
15007,156.91,3895,0.8978792070078377,8839900.303999985,0.9946767775390138
15988,156.78,3896,0.8981097279852467,8840057.083999984,0.9946944186231685
14406,156.75,3897,0.8983402489626556,8840213.833999984,0.9947120563316854
15438,156.58,3898,0.8985707699400646,8840370.413999984,0.9947296749115868
15263,156.51,3899,0.8988012909174735,8840526.923999984,0.9947472856149996
17885,156.34,3900,0.8990318118948825,8840683.263999984,0.9947648771897971
13898,155.93,3901,0.8992623328722914,8840839.193999983,0.9947824226308754
17871,155.9,3902,0.8994928538497003,8840995.093999984,0.9947999646963157
17832,155.37,3903,0.8997233748271093,8841150.463999983,0.9948174471254846
12738,155.35,3904,0.8999538958045182,8841305.813999983,0.9948349273042283
15447,155.17,3905,0.9001844167819272,8841460.983999982,0.994852387229144
13809,155.05,3906,0.9004149377593361,8841616.033999983,0.9948698336515079
14368,155.0,3907,0.9006454587367451,8841771.033999983,0.9948872744478084
14046,154.99,3908,0.900875979714154,8841926.023999983,0.9949047141188962
17698,154.95,3909,0.901106500691563,8842080.973999983,0.9949221492891334
15740,154.88,3910,0.9013370216689719,8842235.853999984,0.9949395765828819
17026,154.82999999999998,3911,0.9015675426463808,8842390.683999984,0.994956998250567
17899,154.54999999999998,3912,0.9017980636237898,8842545.233999984,0.9949743884122978
15226,154.41,3913,0.9020285846011987,8842699.643999984,0.9949917628210511
16406,154.35,3914,0.9022591055786077,8842853.993999984,0.9950091304785282
16921,154.18,3915,0.9024896265560166,8843008.173999984,0.9950264790073902
17517,153.94,3916,0.9027201475334256,8843162.113999983,0.9950438005311482
16351,153.9,3917,0.9029506685108345,8843316.013999984,0.9950611175540556
12602,153.12,3918,0.9031811894882434,8843469.133999983,0.995078346810375
17714,153.0,3919,0.9034117104656524,8843622.133999983,0.9950955625641426
16720,152.95,3920,0.9036422314430613,8843775.083999982,0.9951127726918467
16248,152.94,3921,0.9038727524204703,8843928.023999982,0.9951299816943383
14813,152.88,3922,0.9041032733978792,8844080.903999982,0.9951471839455539
17984,152.68,3923,0.9043337943752882,8844233.583999982,0.9951643636925163
18138,152.65,3924,0.9045643153526971,8844386.233999982,0.9951815400638405
14066,152.55,3925,0.904794836330106,8844538.783999983,0.9951987051830383
17707,152.4,3926,0.905025357307515,8844691.183999984,0.9952158534240461
13514,152.20000000000002,3927,0.9052558782849239,8844843.383999983,0.9952329791608003
14039,152.2,3928,0.9054863992623329,8844995.583999982,0.9952501048975547
17898,152.06,3929,0.9057169202397418,8845147.643999983,0.9952672148813319
16617,151.85,3930,0.9059474412171508,8845299.493999982,0.9952843012356429
14208,151.74,3931,0.9061779621945597,8845451.233999982,0.9953013752126147
13462,151.5,3932,0.9064084831719686,8845602.733999982,0.9953184221844826
14362,151.5,3933,0.9066390041493776,8845754.233999982,0.9953354691563505
17286,151.37,3934,0.9068695251267865,8845905.603999982,0.9953525015004537
13697,151.29999999999998,3935,0.9071000461041955,8846056.903999982,0.9953695259680684
16337,151.05,3936,0.9073305670816044,8846207.953999983,0.9953865223053664
14073,151.04,3937,0.9075610880590134,8846358.993999982,0.9954035175174516
14204,150.61,3938,0.9077916090364223,8846509.603999982,0.9954204643453923
18200,150.35,3939,0.9080221300138313,8846659.953999981,0.9954373819178037
15717,150.3,3940,0.9082526509912402,8846810.253999982,0.995454293864152
16932,150.23,3941,0.9084831719686491,8846960.483999982,0.9954711979340115
17234,149.89,3942,0.9087136929460581,8847110.373999983,0.9954880637466405
15869,149.64,3943,0.908944213923467,8847260.013999984,0.9955049014289528
17946,149.57999999999998,3944,0.909174734900876,8847409.593999984,0.9955217323599891
18262,149.48,3945,0.9094052558782849,8847559.073999984,0.9955385520388987
15435,149.29,3946,0.9096357768556939,8847708.363999983,0.9955553503387676
13003,149.05,3947,0.9098662978331028,8847857.413999984,0.9955721216335328
17549,148.86,3948,0.9100968188105117,8848006.273999983,0.9955888715492572
15526,148.44,3949,0.9103273397879207,8848154.713999983,0.9956055742060497
14968,147.59,3950,0.9105578607653296,8848302.303999983,0.9956221812197658
14098,147.35,3951,0.9107883817427386,8848449.653999982,0.9956387612283778
14037,147.2,3952,0.9110189027201475,8848596.853999982,0.9956553243587998
12864,147.12,3953,0.9112494236975565,8848743.97399998,0.9956718784875205
17030,146.87,3954,0.9114799446749654,8848890.84399998,0.9956884044859247
14238,146.85,3955,0.9117104656523743,8849037.69399998,0.9957049282339034
16893,145.93,3956,0.9119409866297833,8849183.62399998,0.9957213484623172
12565,145.92,3957,0.9121715076071922,8849329.54399998,0.9957377675655182
17935,145.79,3958,0.9124020285846012,8849475.333999978,0.9957541720409545
13866,145.67000000000002,3959,0.9126325495620101,8849621.003999978,0.9957705630138389
15937,145.35,3960,0.9128630705394191,8849766.353999978,0.9957869179799181
16598,145.04999999999998,3961,0.913093591516828,8849911.403999979,0.9958032391896174
17524,145.0,3962,0.913324112494237,8850056.403999979,0.9958195547732533
16852,144.91,3963,0.9135546334716459,8850201.313999979,0.9958358602299753
12974,144.8,3964,0.9137851544490548,8850346.11399998,0.9958521533093581
15748,144.36,3965,0.9140156754264638,8850490.473999979,0.9958683968793833
14109,144.2,3966,0.9142461964038727,8850634.673999978,0.9958846224460061
17186,144.0,3967,0.9144767173812817,8850778.673999978,0.9959008255083756
12587,144.0,3968,0.9147072383586906,8850922.673999978,0.995917028570745
17578,143.46,3969,0.9149377593360996,8851066.13399998,0.9959331708716307
15705,143.1,3970,0.9151682803135085,8851209.233999979,0.9959492726648603
16461,142.92,3971,0.9153988012909174,8851352.153999979,0.995965354204262
13299,142.5,3972,0.9156293222683264,8851494.653999979,0.9959813884847317
16287,142.5,3973,0.9158598432457353,8851637.153999979,0.9959974227652015
13584,142.4,3974,0.9160903642231443,8851779.553999979,0.9960134457935448
14386,142.4,3975,0.9163208852005532,8851921.95399998,0.9960294688218879
17859,141.92000000000002,3976,0.9165514061779622,8852063.87399998,0.9960454378400232
13561,141.86,3977,0.9167819271553711,8852205.733999979,0.9960614001068824
14041,141.41,3978,0.91701244813278,8852347.143999979,0.9960773117391717
15503,141.04,3979,0.917242969110189,8852488.183999978,0.9960931817385924
15388,140.54,3980,0.9174734900875979,8852628.723999977,0.9961089954773799
13483,140.34,3981,0.9177040110650069,8852769.063999977,0.9961247867119141
14494,139.56,3982,0.9179345320424158,8852908.623999977,0.9961404901798605
17718,139.35,3983,0.9181650530198248,8853047.973999977,0.996156170018341
16483,139.35,3984,0.9183955739972337,8853187.323999977,0.9961718498568214
14772,139.26,3985,0.9186260949746426,8853326.583999977,0.9961875195683878
18209,139.10000000000002,3986,0.9188566159520516,8853465.683999976,0.9962031712765517
15135,139.05,3987,0.9190871369294605,8853604.733999977,0.9962188173586523
13273,138.98,3988,0.9193176579068695,8853743.713999977,0.9962344555642642
12902,138.68,3989,0.9195481788842784,8853882.393999977,0.996250060013496
14581,138.6,3990,0.9197786998616874,8854020.993999977,0.9962656554610266
17122,138.32,3991,0.9200092208390963,8854159.313999977,0.9962812194026026
13716,138.28,3992,0.9202397418165053,8854297.593999976,0.9962967788433279
15663,138.14,3993,0.9204702627939142,8854435.733999977,0.996312322531076
16050,137.9,3994,0.9207007837713231,8854573.633999977,0.9963278392137201
13279,137.75,3995,0.9209313047487321,8854711.383999977,0.9963433390181743
17709,137.45000000000002,3996,0.921161825726141,8854848.833999977,0.9963588050662484
15836,137.37,3997,0.92139234670355,8854986.203999976,0.9963742621126213
14483,137.1,3998,0.9216228676809589,8855123.303999975,0.9963896887782521
17468,137.0,3999,0.9218533886583679,8855260.303999975,0.9964051041917564
15691,136.8,4000,0.9220839096357769,8855397.103999976,0.9964204971010074
14247,136.77,4001,0.9223144306131859,8855533.873999976,0.9964358866346205
16462,136.0,4002,0.9225449515905948,8855669.873999976,0.9964511895268583
16412,135.99,4003,0.9227754725680037,8855805.863999976,0.9964664912938834
12968,135.95,4004,0.9230059935454127,8855941.813999975,0.9964817885600579
15042,135.93,4005,0.9232365145228216,8856077.743999975,0.996497083575807
14889,135.9,4006,0.9234670355002306,8856213.643999975,0.9965123752159183
15419,135.85999999999999,4007,0.9236975564776395,8856349.503999975,0.9965276623551788
16114,135.75000000000003,4008,0.9239280774550485,8856485.253999975,0.9965429371171
15174,135.75,4009,0.9241585984324574,8856621.003999975,0.9965582118790212
16665,135.4,4010,0.9243891194098663,8856756.403999975,0.9965734472584992
17972,135.19,4011,0.9246196403872753,8856891.593999974,0.9965886590085111
13364,134.95999999999998,4012,0.9248501613646842,8857026.553999975,0.996603844878632
16055,134.8,4013,0.9250806823420932,8857161.353999976,0.9966190127453501
14340,134.7,4014,0.9253112033195021,8857296.053999975,0.9966341693599414
15562,134.55,4015,0.9255417242969111,8857430.603999976,0.996649309096343
14174,134.46,4016,0.92577224527432,8857565.063999977,0.9966644387058307
12837,134.1,4017,0.926002766251729,8857699.163999977,0.9966795278076621
14280,134.04,4018,0.9262332872291379,8857833.203999976,0.9966946101582176
16424,133.56,4019,0.9264638082065468,8857966.763999976,0.9967096384985654
14349,133.5,4020,0.9266943291839558,8858100.263999976,0.996724660087637
12445,133.4,4021,0.9269248501613647,8858233.663999977,0.9967396704245821
17881,133.35000000000002,4022,0.9271553711387737,8858367.013999976,0.9967546751354639
15709,133.25,4023,0.9273858921161826,8858500.263999976,0.9967696685942189
17647,133.06,4024,0.9276164130935916,8858633.323999977,0.9967846406739335
12512,132.18,4025,0.9278469340710005,8858765.503999976,0.9967995137349334
17785,131.94,4026,0.9280774550484094,8858897.443999976,0.9968143597908293
14438,131.9,4027,0.9283079760258184,8859029.343999976,0.9968292013458748
12851,131.81,4028,0.9285384970032273,8859161.153999977,0.9968440327740062
17455,131.7,4029,0.9287690179806363,8859292.853999976,0.9968588518247982
14795,131.45000000000002,4030,0.9289995389580452,8859424.303999975,0.9968736427452736
15844,130.74,4031,0.9292300599354542,8859555.043999976,0.9968883537756499
16679,129.75,4032,0.9294605809128631,8859684.793999976,0.9969029534099724
16611,129.49,4033,0.929691101890272,8859814.283999976,0.9969175237887656
16623,129.45000000000002,4034,0.929921622867681,8859943.733999975,0.9969320896667081
15276,128.63,4035,0.9301521438450899,8860072.363999976,0.9969465632772123
16828,128.5,4036,0.9303826648224989,8860200.863999976,0.9969610222599516
17297,128.18,4037,0.9306131857999078,8860329.043999976,0.9969754452358858
17359,127.86,4038,0.9308437067773168,8860456.903999975,0.9969898322050146
15543,127.86,4039,0.9310742277547257,8860584.763999974,0.9970042191741435
13781,127.84,4040,0.9313047487321346,8860712.603999974,0.997018603892847
15578,127.1,4041,0.9315352697095436,8860839.703999974,0.9970329053458133
15923,127.08,4042,0.9317657906869525,8860966.783999974,0.9970472045483544
14962,126.7,4043,0.9319963116643615,8861093.483999973,0.9970614609928141
16414,126.25,4044,0.9322268326417704,8861219.733999973,0.9970756668027041
15463,126.14,4045,0.9324573536191794,8861345.873999974,0.9970898602352547
16988,126.12,4046,0.9326878745965883,8861471.993999973,0.9971040514173799
12814,125.92,4047,0.9329183955739973,8861597.913999973,0.9971182200952519
13522,125.80000000000001,4048,0.9331489165514062,8861723.713999974,0.9971323752705719
14861,125.79,4049,0.9333794375288151,8861849.503999973,0.9971465293206792
14890,125.65,4050,0.9336099585062241,8861975.153999973,0.9971606676178092
15017,125.58,4051,0.933840479483633,8862100.733999973,0.9971747980384505
12531,125.22,4052,0.934071000461042,8862225.953999974,0.9971888879514361
17148,124.88,4053,0.9343015214384509,8862350.833999975,0.9972029396071911
16849,124.57,4054,0.9345320424158599,8862475.403999975,0.9972169563813533
16569,124.2,4055,0.9347625633932688,8862599.603999974,0.997230931522647
14495,123.8,4056,0.9349930843706777,8862723.403999975,0.9972448616554341
16658,123.24,4057,0.9352236053480867,8862846.643999975,0.997258728776312
15917,123.1,4058,0.9354541263254956,8862969.743999975,0.9972725801442125
13519,122.75,4059,0.9356846473029046,8863092.493999975,0.9972863921296699
13876,122.7,4060,0.9359151682803135,8863215.193999974,0.9973001984890637
13638,122.64,4061,0.9361456892577225,8863337.833999975,0.9973139980971818
16073,122.39999999999999,4062,0.9363762102351314,8863460.233999975,0.997327770700196
18018,122.14,4063,0.9366067312125403,8863582.373999976,0.9973415140476808
13244,121.74,4064,0.9368372521899493,8863704.113999976,0.9973552123866589
13182,121.18,4065,0.9370677731673582,8863825.293999976,0.9973688477137279
15049,121.17000000000002,4066,0.9372982941447672,8863946.463999975,0.9973824819155842
14413,121.05,4067,0.9375288151221761,8864067.513999976,0.9973961026148886
15512,120.99999999999999,4068,0.9377593360995851,8864188.513999976,0.9974097176881297
13002,120.94999999999999,4069,0.937989857076994,8864309.463999975,0.9974233271353072
17446,120.9,4070,0.938220378054403,8864430.363999976,0.9974369309564217
14165,120.44,4071,0.9384508990318119,8864550.803999975,0.9974504830177534
18015,120.03,4072,0.9386814200092208,8864670.833999975,0.9974639889453659
14259,120.0,4073,0.9389119409866298,8864790.833999975,0.9974774914973404
14314,120.0,4074,0.9391424619640387,8864910.833999975,0.997490994049315
14453,119.93,4075,0.9393729829414477,8865030.763999974,0.9975044887248009
16542,119.62,4076,0.9396035039188566,8865150.383999974,0.9975179485186941
15266,119.3,4077,0.9398340248962656,8865269.683999974,0.9975313723057823
16666,118.98,4078,0.9400645458736745,8865388.663999975,0.9975447600860651
15843,118.95000000000002,4079,0.9402950668510834,8865507.613999974,0.9975581444907098
17079,118.80000000000001,4080,0.9405255878284924,8865626.413999975,0.9975715120171647
14155,118.75,4081,0.9407561088059013,8865745.163999975,0.9975848739175561
14076,118.67,4082,0.9409866297833103,8865863.833999975,0.9975982268162463
13581,118.0,4083,0.9412171507607192,8865981.833999975,0.9976115043256879
12929,117.85,4084,0.9414476717381282,8866099.683999974,0.9976247649569396
17654,117.55,4085,0.9416781927155371,8866217.233999975,0.9976379918318115
16959,117.35,4086,0.941908713692946,8866334.583999975,0.9976511962024298
13877,117.24,4087,0.942139234670355,8866451.823999975,0.997664388195709
17117,116.19999999999999,4088,0.9423697556477639,8866568.023999974,0.9976774631668709
17601,116.00999999999999,4089,0.9426002766251729,8866684.033999974,0.9976905167589923
14143,115.8,4090,0.9428307976025818,8866799.833999975,0.9977035467216478
15350,115.65,4091,0.9430613185799908,8866915.483999975,0.9977165598061134
13067,115.46000000000001,4092,0.9432918395573997,8867030.943999976,0.9977295515115383
18027,115.31,4093,0.9435223605348086,8867146.253999976,0.9977425263387733
14972,114.77,4094,0.9437528815122176,8867261.023999976,0.9977554404045242
13188,114.60000000000001,4095,0.9439834024896265,8867375.623999976,0.9977683353416599
14632,114.56,4096,0.9442139234670355,8867490.183999976,0.997781225777945
16247,114.56,4097,0.9444444444444444,8867604.743999977,0.9977941162142301
17852,114.34,4098,0.9446749654218534,8867719.083999977,0.9978069818958365
17219,114.23,4099,0.9449054863992623,8867833.313999977,0.9978198352001036
14652,114.18,4100,0.9451360073766712,8867947.493999977,0.9978326828783074
12938,114.14,4101,0.9453665283540802,8868061.633999977,0.9978455260556607
14582,114.11000000000001,4102,0.9455970493314891,8868175.743999977,0.9978583658573758
12651,114.0,4103,0.9458275703088981,8868289.743999977,0.9978711932817516
14457,113.64,4104,0.946058091286307,8868403.383999977,0.9978839801984716
15445,113.5,4105,0.946288612263716,8868516.883999977,0.9978967513622141
17217,113.5,4106,0.9465191332411249,8868630.383999977,0.9979095225259568
18105,113.48,4107,0.9467496542185339,8868743.863999978,0.997922291439274
16913,113.44,4108,0.9469801751959428,8868857.303999977,0.9979350558517406
15280,113.12,4109,0.9472106961733517,8868970.423999976,0.9979477842574018
14689,112.8,4110,0.9474412171507607,8869083.223999977,0.9979604766562581
13161,112.75,4111,0.9476717381281696,8869195.973999977,0.9979731634290508
16697,112.75,4112,0.9479022591055786,8869308.723999977,0.9979858502018436
13807,112.6,4113,0.9481327800829875,8869421.323999977,0.9979985200964463
18129,112.55000000000001,4114,0.9483633010603965,8869533.873999977,0.9980111843649859
15610,112.46000000000001,4115,0.9485938220378054,8869646.333999978,0.9980238385066115
17038,112.4,4116,0.9488243430152143,8869758.733999979,0.998036485896961
14271,112.32000000000001,4117,0.9490548639926233,8869871.053999979,0.9980491242856092
17967,112.27,4118,0.9492853849700322,8869983.323999979,0.998061757048194
17900,112.19999999999999,4119,0.9495159059474412,8870095.523999978,0.9980743819342902
13193,112.08,4120,0.9497464269248501,8870207.603999978,0.9980869933178345
12756,112.07999999999998,4121,0.9499769479022591,8870319.683999978,0.9980996047013787
17957,111.68,4122,0.950207468879668,8870431.363999978,0.9981121710764163
17887,111.35,4123,0.950437989857077,8870542.713999977,0.998124700319436
18120,111.15,4124,0.9506685108344859,8870653.863999978,0.9981372070582024
13508,110.97,4125,0.9508990318118948,8870764.833999978,0.998149693543141
13144,110.95,4126,0.9511295527893038,8870875.783999978,0.998162177777654
15537,110.92,4127,0.9513600737667127,8870986.703999978,0.9981746586365292
15853,110.8,4128,0.9515905947441217,8871097.503999978,0.9981871259928524
16963,110.55000000000001,4129,0.9518211157215306,8871208.053999979,0.9981995652188591
14641,110.46,4130,0.9520516366989396,8871318.51399998,0.9982119943179518
12734,110.39999999999999,4131,0.9522821576763485,8871428.91399998,0.9982244166657684
16792,110.38000000000001,4132,0.9525126786537574,8871539.293999981,0.9982368367631598
17901,110.38,4133,0.9527431996311664,8871649.673999982,0.9982492568605511
18277,110.38,4134,0.9529737206085753,8871760.053999983,0.9982616769579425
17746,110.25,4135,0.9532042415859844,8871870.303999983,0.9982740824275691
17836,110.21,4136,0.9534347625633933,8871980.513999984,0.9982864833963452
13133,109.80000000000001,4137,0.9536652835408023,8872090.313999984,0.998298838231402
16363,109.36,4138,0.9538958045182112,8872199.673999984,0.9983111435571014
14699,109.13000000000001,4139,0.9541263254956202,8872308.803999985,0.9983234230029097
14345,108.97999999999999,4140,0.9543568464730291,8872417.783999985,0.998335685570528
13170,108.81,4141,0.954587367450438,8872526.593999986,0.998347929009531
17639,108.5,4142,0.954817888427847,8872635.093999986,0.9983601375669413
16106,108.38,4143,0.9550484094052559,8872743.473999986,0.9983723326217998
13226,108.21,4144,0.9552789303826649,8872851.683999987,0.998384508548043
12956,108.07,4145,0.9555094513600738,8872959.753999988,0.9983966687213087
14661,107.95,4146,0.9557399723374828,8873067.703999987,0.9984088153920224
17274,107.82,4147,0.9559704933148917,8873175.523999987,0.9984209474349716
16784,107.6,4148,0.9562010142923006,8873283.123999987,0.9984330547232421
15395,107.45,4149,0.9564315352697096,8873390.573999986,0.9984451451333225
17893,107.21000000000001,4150,0.9566620562471185,8873497.783999987,0.9984572085382992
16757,106.83000000000001,4151,0.9568925772245275,8873604.613999987,0.9984692291851945
15168,106.56,4152,0.9571230982019364,8873711.173999988,0.998481219451348
15070,106.2,4153,0.9573536191793454,8873817.373999987,0.9984931692098454
17791,106.1,4154,0.9575841401567543,8873923.473999986,0.9985051077162163
16581,105.84,4155,0.9578146611341632,8874029.313999986,0.9985170169670579
15775,104.9,4156,0.9580451821115722,8874134.213999987,0.9985288204479089
14027,104.82,4157,0.9582757030889811,8874239.033999987,0.9985406149270587
15607,104.76,4158,0.9585062240663901,8874343.793999987,0.9985524026549325
15958,104.35,4159,0.958736745043799,8874448.143999986,0.998564144249087
18174,104.0,4160,0.958967266021208,8874552.143999986,0.9985758464607983
17548,103.3,4161,0.9591977869986169,8874655.443999987,0.9985874699076231
18255,103.3,4162,0.9594283079760259,8874758.743999988,0.998599093354448
14542,103.25,4163,0.9596588289534348,8874861.993999988,0.9986107111752095
18011,102.78999999999999,4164,0.9598893499308437,8874964.783999987,0.9986222772361882
14836,102.44999999999999,4165,0.9601198709082527,8875067.233999986,0.9986338050399364
17962,102.41,4166,0.9603503918856616,8875169.643999986,0.998645328342834
14981,102.12,4167,0.9605809128630706,8875271.763999986,0.9986568190145643
13948,102.0,4168,0.9608114338404795,8875373.763999986,0.9986682961837426
15212,101.79999999999998,4169,0.9610419548178885,8875475.563999986,0.9986797508486679
16516,101.7,4170,0.9612724757952974,8875577.263999986,0.9986911942614662
18068,101.69999999999999,4171,0.9615029967727063,8875678.963999985,0.9987026376742646
17643,101.55,4172,0.9617335177501153,8875780.513999986,0.9987140642088731
16006,101.4,4173,0.9619640387275242,8875881.913999986,0.9987254738652916
18086,101.34,4174,0.9621945597049332,8875983.253999986,0.9987368767704342
13101,101.19,4175,0.9624250806823421,8876084.443999985,0.9987482627973866
16344,101.10000000000001,4176,0.9626556016597511,8876185.543999985,0.9987596386974251
16498,100.97,4177,0.96288612263716,8876286.513999986,0.9987709999696992
14946,100.9,4178,0.963116643614569,8876387.413999986,0.9987823533654845
17427,100.8,4179,0.9633471645919779,8876488.213999987,0.9987936955091432
14371,100.5,4180,0.9635776855693868,8876588.713999987,0.9988050038964219
13703,99.5,4181,0.9638082065467958,8876688.213999987,0.9988161997624342
17939,99.14,4182,0.9640387275242047,8876787.353999987,0.9988273551207906
15256,98.45,4183,0.9642692485016137,8876885.803999986,0.9988384328394729
17538,98.42,4184,0.9644997694790226,8876984.223999986,0.9988495071825174
17349,98.25,4185,0.9647302904564315,8877082.473999986,0.9988605623969465
15422,97.7,4186,0.9649608114338405,8877180.173999986,0.9988715557246791
12984,97.5,4187,0.9651913324112494,8877277.673999986,0.9988825265481583
17325,96.8,4188,0.9654218533886584,8877374.473999986,0.9988934186067513
15216,96.6,4189,0.9656523743660673,8877471.073999986,0.9989042881610908
14642,96.12,4190,0.9658828953434763,8877567.193999985,0.9989151037052223
17024,95.85,4191,0.9661134163208852,8877663.043999985,0.9989258888686119
17895,95.45,4192,0.9663439372982942,8877758.493999984,0.998936629023495
18249,95.34,4193,0.9665744582757031,8877853.833999984,0.9989473568010387
12548,95.19999999999999,4194,0.966804979253112,8877949.033999983,0.9989580688256051
16387,94.36,4195,0.967035500230521,8878043.393999983,0.9989686863323077
13651,94.2,4196,0.9672660212079299,8878137.593999982,0.9989792858356077
16339,94.05,4197,0.9674965421853389,8878231.643999983,0.9989898684607178
15397,94.0,4198,0.9677270631627478,8878325.643999983,0.9990004454597645
18033,93.82,4199,0.9679575841401568,8878419.463999983,0.9990110022049834
15428,93.78,4200,0.9681881051175657,8878513.243999982,0.9990215544493514
18227,93.75,4201,0.9684186260949746,8878606.993999982,0.9990321033180816
13283,93.66,4202,0.9686491470723836,8878700.653999982,0.9990426420598977
17991,93.35000000000001,4203,0.9688796680497925,8878794.003999982,0.9990531459201212
12821,92.72,4204,0.9691101890272015,8878886.723999983,0.999063578891947
14054,92.46,4205,0.9693407100046104,8878979.183999984,0.9990739826082434
12789,91.85,4206,0.9695712309820194,8879071.033999983,0.9990843176865672
13551,91.80000000000001,4207,0.9698017519594283,8879162.833999984,0.9990946471388279
13160,91.8,4208,0.9700322729368372,8879254.633999985,0.9991049765910885
12659,91.68,4209,0.9702627939142462,8879346.313999984,0.999115292540797
15488,91.32000000000001,4210,0.9704933148916551,8879437.633999985,0.9991255679828497
14353,90.6,4211,0.9707238358690641,8879528.233999984,0.9991357624095905
13947,90.6,4212,0.970954356846473,8879618.833999984,0.9991459568363312
18084,90.47999999999999,4213,0.971184877823882,8879709.313999984,0.99915613776052
16506,90.30000000000001,4214,0.9714153988012909,8879799.613999985,0.999166298430881
15552,90.12,4215,0.9716459197786999,8879889.733999984,0.9991764388474138
16597,90.04,4216,0.9718764407561088,8879979.773999983,0.9991865702622453
14117,90.0,4217,0.9721069617335177,8880069.773999983,0.9991966971762262
14974,89.94,4218,0.9723374827109267,8880159.713999983,0.9992068173389311
14219,89.94,4219,0.9725680036883356,8880249.653999982,0.999216937501636
14760,89.2,4220,0.9727985246657446,8880338.853999982,0.9992269743986036
12686,89.14,4221,0.9730290456431535,8880427.993999982,0.9992370045442954
14436,89.06,4222,0.9732595666205625,8880517.053999983,0.9992470256882859
12353,89.0,4223,0.9734900875979714,8880606.053999983,0.9992570400810005
15083,88.2,4224,0.9737206085753803,8880694.253999982,0.9992669644567016
15180,87.5,4225,0.9739511295527893,8880781.753999982,0.9992768100675165
13296,87.4,4226,0.9741816505301982,8880869.153999982,0.9992866444262046
15541,85.13000000000001,4227,0.9744121715076072,8880954.283999983,0.9992962233616179
13841,85.0,4228,0.9746426924850161,8881039.283999983,0.9993057876692666
15729,85.0,4229,0.9748732134624251,8881124.283999983,0.9993153519769152
13666,84.65,4230,0.975103734439834,8881208.933999984,0.9993248769021207
12401,84.3,4231,0.975334255417243,8881293.233999984,0.9993343624448829
17309,82.75,4232,0.9755647763946519,8881375.983999984,0.999343673579682
13006,81.57,4233,0.9757952973720608,8881457.553999985,0.9993528519393868
17620,81.44,4234,0.9760258183494698,8881538.993999984,0.9993620156713268
18281,80.82,4235,0.9762563393268787,8881619.813999984,0.9993711096400817
16789,80.8,4236,0.9764868603042877,8881700.613999985,0.9993802013584113
13967,80.7,4237,0.9767173812816966,8881781.313999984,0.9993892818246142
17752,80.64,4238,0.9769479022591055,8881861.953999985,0.999398355539541
13747,79.6,4239,0.9771784232365145,8881941.553999985,0.9994073122323508
15753,79.2,4240,0.9774089442139234,8882020.753999984,0.999416223916654
16078,79.2,4241,0.9776394651913324,8882099.953999983,0.9994251356009571
17942,77.50000000000001,4242,0.9778699861687413,8882177.453999983,0.9994338559991073
14785,77.4,4243,0.9781005071461503,8882254.853999984,0.999442565145131
13132,77.3,4244,0.9783310281235592,8882332.153999984,0.999451263039028
13992,76.8,4245,0.9785615491009682,8882408.953999985,0.9994599046722918
14373,76.55,4246,0.9787920700783771,8882485.503999986,0.999468518175239
13106,76.5,4247,0.979022591055786,8882562.003999986,0.9994771260521228
17536,76.5,4248,0.979253112033195,8882638.503999986,0.9994857339290065
15668,76.32000000000001,4249,0.9794836330106039,8882714.823999986,0.9994943215520624
18113,76.32000000000001,4250,0.9797141539880129,8882791.143999986,0.9995029091751183
16148,76.32000000000001,4251,0.9799446749654218,8882867.463999987,0.9995114967981741
14090,76.32000000000001,4252,0.9801751959428308,8882943.783999987,0.99952008442123
17995,76.1,4253,0.9804057169202397,8883019.883999987,0.9995286472896071
17628,75.75,4254,0.9806362378976486,8883095.633999987,0.999537170775541
16610,75.66,4255,0.9808667588750576,8883171.293999987,0.999545684134561
13403,75.0,4256,0.9810972798524665,8883246.293999987,0.9995541232295452
16468,74.9,4257,0.9813278008298755,8883321.193999987,0.9995625510724027
18050,74.4,4258,0.9815583218072844,8883395.593999987,0.9995709226546269
13095,74.39999999999999,4259,0.9817888427846934,8883469.993999988,0.9995792942368512
17960,73.78,4260,0.9820193637621023,8883543.773999987,0.9995875960558901
12506,73.5,4261,0.9822498847395112,8883617.273999987,0.9995958663689746
18032,73.5,4262,0.9824804057169202,8883690.773999987,0.9996041366820589
16171,73.2,4263,0.9827109266943291,8883763.973999986,0.9996123732387634
17906,72.89999999999999,4264,0.9829414476717381,8883836.873999987,0.9996205760390879
13686,72.0,4265,0.983171968649147,8883908.873999987,0.9996286775702726
13938,71.66,4266,0.983402489626556,8883980.533999987,0.9996367408442268
17747,71.4,4267,0.9836330106039649,8884051.933999987,0.9996447748626517
13185,71.4,4268,0.9838635315813739,8884123.333999988,0.9996528088810767
17022,71.0,4269,0.9840940525587828,8884194.333999988,0.9996607978909949
18037,70.02,4270,0.9843245735361917,8884264.353999987,0.999668676630072
15863,68.84,4271,0.9845550945136008,8884333.193999987,0.9996764225940548
14393,67.95,4272,0.9847856154910097,8884401.143999986,0.9996840684141103
17382,65.4,4273,0.9850161364684187,8884466.543999987,0.9996914273049364
13684,65.13,4274,0.9852466574458276,8884531.673999988,0.9996987558150208
13130,64.0,4275,0.9854771784232366,8884595.673999988,0.9997059571760738
13302,63.75,4276,0.9857076994006455,8884659.423999988,0.9997131304068103
17263,63.44,4277,0.9859382203780545,8884722.863999987,0.9997202687559541
14437,63.0,4278,0.9861687413554634,8884785.863999987,0.9997273575957407
12665,63.0,4279,0.9863992623328723,8884848.863999987,0.9997344464355274
14840,62.85,4280,0.9866297833102813,8884911.713999987,0.999741518397124
13218,62.63999999999999,4281,0.9868603042876902,8884974.353999987,0.9997485667292548
15516,62.43,4282,0.9870908252650992,8885036.783999987,0.9997555914319196
13194,60.7,4283,0.9873213462425081,8885097.483999986,0.9997624214727933
17174,59.9,4284,0.9875518672199171,8885157.383999987,0.999769161496654
13391,59.8,4285,0.987782388197326,8885217.183999987,0.999775890268388
13682,59.5,4286,0.9880129091747349,8885276.683999987,0.9997825852837421
14957,58.49,4287,0.9882434301521439,8885335.173999988,0.9997891666526171
13080,58.08,4288,0.9884739511295528,8885393.253999988,0.9997957018877728
17775,56.4,4289,0.9887044721069618,8885449.653999988,0.9998020480872009
15899,56.25,4290,0.9889349930843707,8885505.903999988,0.9998083774084389
13366,56.160000000000004,4291,0.9891655140617797,8885562.063999988,0.999814696602763
16349,53.5,4292,0.9893960350391886,8885615.563999988,0.9998207164905183
15504,52.83,4293,0.9896265560165975,8885668.393999988,0.9998266609890252
14865,52.2,4294,0.9898570769940065,8885720.593999987,0.999832534599134
13832,52.199999999999996,4295,0.9900875979714154,8885772.793999987,0.9998384082092429
15313,52.0,4296,0.9903181189488244,8885824.793999987,0.9998442593150985
14682,52.0,4297,0.9905486399262333,8885876.793999987,0.9998501104209541
17844,51.56,4298,0.9907791609036423,8885928.353999987,0.9998559120174526
14351,51.0,4299,0.9910096818810512,8885979.353999987,0.9998616506020418
13011,50.550000000000004,4300,0.9912402028584602,8886029.903999988,0.9998673385520611
18184,49.8,4301,0.9914707238358691,8886079.703999989,0.9998729421111306
14821,48.800000000000004,4302,0.991701244813278,8886128.50399999,0.9998784331489338
15603,48.480000000000004,4303,0.991931765790687,8886176.98399999,0.9998838881799315
16257,46.95,4304,0.9921622867680959,8886223.93399999,0.9998891710533915
14080,45.599999999999994,4305,0.9923928077455049,8886269.533999989,0.9998943020231418
15423,43.5,4306,0.9926233287229138,8886313.033999989,0.9998991966982326
14300,43.2,4307,0.9928538497003228,8886356.233999988,0.9999040576169432
15992,41.989999999999995,4308,0.9930843706777317,8886398.223999988,0.9999087823849218
15178,40.5,4309,0.9933148916551406,8886438.723999988,0.9999133394962132
14589,39.75,4310,0.9935454126325496,8886478.473999988,0.9999178122165547
12977,39.24,4311,0.9937759336099585,8886517.713999989,0.9999222275510504
16659,39.12,4312,0.9940064545873675,8886556.833999988,0.999926629382994
18019,38.45,4313,0.9942369755647764,8886595.283999987,0.9999309558256891
12855,38.1,4314,0.9944674965421854,8886633.383999987,0.999935242885941
16162,37.4,4315,0.9946980175195943,8886670.783999987,0.9999394511813064
17816,36.56,4316,0.9949285384970032,8886707.343999987,0.9999435649588081
15940,35.8,4317,0.9951590594744122,8886743.143999988,0.9999475932201473
17831,35.400000000000006,4318,0.9953895804518211,8886778.543999989,0.9999515764729798
16856,35.400000000000006,4319,0.9956201014292301,8886813.943999989,0.9999555597258124
14576,35.400000000000006,4320,0.995850622406639,8886849.34399999,0.9999595429786449
15744,34.8,4321,0.996081143384048,8886884.14399999,0.9999634587187176
16765,34.0,4322,0.9963116643614569,8886918.14399999,0.9999672844417771
17408,32.65,4323,0.9965421853388658,8886950.79399999,0.9999709582611268
13120,30.599999999999998,4324,0.9967727063162748,8886981.39399999,0.9999744014118803
15657,30.0,4325,0.9970032272936837,8887011.39399999,0.9999777770498739
18268,25.5,4326,0.9972337482710927,8887036.89399999,0.9999806463421685
17102,25.5,4327,0.9974642692485016,8887062.39399999,0.9999835156344631
16953,20.8,4328,0.9976947902259106,8887083.19399999,0.9999858560768055
17986,20.8,4329,0.9979253112033195,8887103.993999992,0.9999881965191478
16093,17.0,4330,0.9981558321807285,8887120.993999992,0.9999901093806776
13307,15.0,4331,0.9983863531581374,8887135.993999992,0.9999917971996743
15823,15.0,4332,0.9986168741355463,8887150.993999992,0.9999934850186711
17763,15.0,4333,0.9988473951129553,8887165.993999992,0.999995172837668
16878,13.3,4334,0.9990779160903642,8887179.293999992,0.9999966693705119
17956,12.75,4335,0.9993084370677732,8887192.043999992,0.9999981040166592
16454,6.9,4336,0.9995389580451821,8887198.943999993,0.9999988804133978
14792,6.2,4337,0.9997694790225911,8887205.143999992,0.9999995780452497
16738,3.75,4338,1.0,8887208.893999992,0.999999999999999
