stock_code,description,units_sold,revenue,orders,order_penetration
23843,"PAPER CRAFT , LITTLE BIRDIE",80995.0,168469.6,1,5.3960716598316424e-05
22423,REGENCY CAKESTAND 3 TIER,12374.0,142264.7499999999,1703,0.09189510036693287
85123A,WHITE HANGING HEART T-LIGHT HOLDER,36706.0,100392.09999999992,1971,0.10635657241528168
85099B,JUMBO BAG RED RETROSPOT,46078.0,85040.53999999972,1600,0.08633714655730629
23166,MEDIUM CERAMIC TOP STORAGE JAR,77916.0,81416.73,195,0.010522339736671703
47566,PARTY BUNTING,15279.0,68785.22999999995,1379,0.07441182818907835
84879,ASSORTED COLOUR BIRD ORNAMENT,35263.0,56413.030000000304,1375,0.07419598532268508
23084,RABBIT NIGHT LIGHT,27153.0,51251.23999999986,801,0.04322253399525146
79321,CHILLI LIGHTS,9646.0,46265.109999999986,519,0.028005611914526225
22086,PAPER CHAIN KIT 50'S CHRISTMAS ,15591.0,42584.13000000013,980,0.0528815022663501
22502,PICNIC BASKET WICKER 60 PIECES,61.0,39619.5,2,0.00010792143319663285
21137,BLACK RECORD COVER FRAME,11401.0,39045.799999999996,313,0.01688970429527304
22386,JUMBO BAG PINK POLKADOT,20148.0,37254.359999999884,871,0.04699978415713361
23284,DOORMAT KEEP CALM AND COME IN,5338.0,35880.84999999996,648,0.03496654435570904
23298,SPOTTY BUNTING,7633.0,35509.55000000002,1003,0.05412259874811137
82484,WOOD BLACK BOARD ANT WHITE FINISH,5913.0,34414.70999999996,604,0.03259227282538312
22720,SET OF 3 CAKE TINS PANTRY DESIGN ,7010.0,33298.30000000011,1146,0.06183898122167062
22960,JAM MAKING SET WITH JARS,8140.0,32616.22,878,0.04737750917332182
85099F,JUMBO BAG STRAWBERRY,16771.0,30569.319999999967,654,0.03529030865529894
22178,VICTORIAN GLASS HANGING T-LIGHT,22404.0,28735.360000000008,815,0.043977984027627884
22470,HEART OF WICKER LARGE,9577.0,28479.649999999972,801,0.04322253399525146
22469,HEART OF WICKER SMALL,16768.0,28217.089999999997,961,0.05185624865098209
20725,LUNCH BAG RED RETROSPOT,17576.0,27868.799999999977,1288,0.06950140297863155
23245,SET OF 3 REGENCY CAKE TINS,5844.0,26566.279999999926,718,0.03874379451759119
23199,JUMBO BAG APPLES,13875.0,26426.299999999937,718,0.03874379451759119
22727,ALARM CLOCK BAKELIKE RED ,7206.0,25868.949999999997,877,0.047323548456723506
22910,PAPER CHAIN KIT VINTAGE CHRISTMAS,9423.0,25639.77,697,0.03761061946902655
20685,DOORMAT RED RETROSPOT,3897.0,25364.84999999997,576,0.03108137276063026
21175,GIN + TONIC DIET METAL SIGN,11501.0,24944.88000000004,655,0.03534426937189726
22699,ROSES REGENCY TEACUP AND SAUCER ,9119.0,24827.250000000004,783,0.04225124109648176
22629,SPACEBOY LUNCH BOX ,13908.0,24673.13999999995,704,0.037988344485214764
23355,HOT WATER BOTTLE KEEP CALM,5313.0,24302.55000000001,719,0.03879775523418951
23201,JUMBO BAG ALPHABET,12533.0,24160.43999999995,752,0.040578458881933954
22457,NATURAL SLATE HEART CHALKBOARD ,8427.0,24089.169999999944,967,0.05218001295057199
21181,PLEASE ONE PERSON METAL SIGN,11932.0,23865.819999999992,694,0.0374487373192316
21915,RED  HARMONICA IN BOX ,20945.0,23756.43,561,0.030271962011655516
85099C,JUMBO  BAG BAROQUE BLACK WHITE,12771.0,23630.579999999994,649,0.03502050507230736
48138,DOORMAT UNION FLAG,3614.0,23622.53999999998,516,0.027843729764731276
22112,CHOCOLATE HOT WATER BOTTLE,5152.0,23584.640000000007,700,0.0377725016188215
22197,POPCORN HOLDER,30919.0,23417.509999999987,632,0.03410317289013598
23173,REGENCY TEAPOT ROSES ,2662.0,23033.520000000022,354,0.019102093675804014
22138,BAKING SET 9 PIECE RETROSPOT ,4786.0,22953.1,854,0.046082451974962226
48187,DOORMAT NEW ENGLAND,3698.0,22783.799999999967,531,0.028653140513706023
22189,CREAM HEART CARD HOLDER,8188.0,22687.919999999987,452,0.024390243902439025
21623,VINTAGE UNION JACK MEMOBOARD,3252.0,22679.280000000017,205,0.011061946902654867
21733,RED HANGING HEART T-LIGHT HOLDER,7749.0,22595.18999999998,679,0.036639326570256855
23243,SET OF TEA COFFEE SUGAR TINS PANTRY,4658.0,22109.08,385,0.020774875890351825
22326,ROUND SNACK BOXES SET OF4 WOODLAND ,8075.0,22101.76999999996,595,0.03210662637599827
21931,JUMBO STORAGE BAG SUKI,11513.0,21784.839999999997,774,0.041765594647096914
48185,DOORMAT FAIRY CAKE,3427.0,21171.789999999986,241,0.01300453270019426
22961,JAM MAKING SET PRINTED,15039.0,21147.549999999952,868,0.04683790200733866
21621,VINTAGE UNION JACK BUNTING,2538.0,20945.16,391,0.021098640189941724
23202,JUMBO BAG VINTAGE LEAF,10695.0,20921.549999999945,772,0.04165767321390028
22726,ALARM CLOCK BAKELIKE GREEN,5630.0,20839.15,789,0.04257500539607166
22666,RECIPE BOX PANTRY YELLOW DESIGN,7366.0,20838.619999999923,828,0.044679473343406
15056N,EDWARDIAN PARASOL NATURAL,3822.0,20672.909999999996,378,0.02039715087416361
23203,JUMBO BAG VINTAGE DOILY ,10620.0,20641.399999999976,621,0.033509605007554503
22722,SET OF 6 SPICE TINS PANTRY DESIGN,5360.0,20482.60000000001,653,0.035236347938700625
85066,CREAM SWEETHEART MINI CHEST,1696.0,20448.17,445,0.02401251888625081
22139,RETROSPOT TEA SET CERAMIC 11 PC ,4239.0,20426.23,823,0.04440966976041442
21166,COOK WITH WINE METAL SIGN ,10169.0,20232.12999999999,602,0.032484351392186486
22411,JUMBO SHOPPER VINTAGE RED PAISLEY,10490.0,20116.380000000012,790,0.042628966112669975
22630,DOLLY GIRL LUNCH BOX,11323.0,20104.089999999967,616,0.03323980142456292
22111,SCOTTIE DOG HOT WATER BOTTLE,4248.0,20049.899999999987,656,0.035398230088495575
82482,WOODEN PICTURE FRAME WHITE FINISH,8256.0,19945.450000000026,876,0.04726958774012519
48194,DOORMAT HEARTS,3268.0,19924.659999999978,480,0.025901143967191884
21731,RED TOADSTOOL LED NIGHT LIGHT,12863.0,19831.71000000003,522,0.028167494064321175
22659,LUNCH BOX I LOVE LONDON,11075.0,19316.169999999976,504,0.02719620116555148
21523,DOORMAT FANCY FONT HOME SWEET HOME,3087.0,19149.069999999992,397,0.021422404489531623
20713,JUMBO BAG OWLS,10451.0,19047.020000000004,411,0.022177854521908052
22090,PAPER BUNTING RETROSPOT,6877.0,18785.989999999976,567,0.030595726311245415
22728,ALARM CLOCK BAKELIKE PINK,5066.0,18539.090000000004,613,0.03307791927476797
21929,JUMBO BAG PINK VINTAGE PAISLEY,9888.0,18427.90000000001,602,0.032484351392186486
23206,LUNCH BAG APPLE DESIGN,11530.0,18220.499999999993,866,0.04672998057414202
20727,LUNCH BAG  BLACK SKULL.,11246.0,17950.30000000001,1052,0.05676667386142888
21843,RED RETROSPOT CAKE STAND,1808.0,17918.799999999977,421,0.022717461687891214
22697,GREEN REGENCY TEACUP AND SAUCER,6406.0,17735.539999999943,691,0.03728685516943665
23344,JUMBO BAG 50'S CHRISTMAS ,8933.0,17636.03999999997,586,0.031620979926613425
82494L,WOODEN FRAME ANTIQUE WHITE ,6268.0,17583.76999999995,811,0.04376214116123462
22328,ROUND SNACK BOXES SET OF 4 FRUITS ,6469.0,17569.58999999998,458,0.024714008202028924
84347,ROTATING SILVER ANGELS T-LIGHT HLDR,7892.0,17554.270000000008,305,0.01645801856248651
22969,HOMEMADE JAM SCENTED CANDLES,12080.0,17504.199999999975,518,0.027951651197927908
22467,GUMBALL COAT RACK,7652.0,17488.550000000032,570,0.03075760846104036
21108,FAIRY CAKE FLANNEL ASSORTED COLOUR,10070.0,17291.57,192,0.010360457586876754
22693,GROW A FLYTRAP OR SUNFLOWER IN TIN,15940.0,17226.200000000004,239,0.012896611266997626
20728,LUNCH BAG CARS BLUE,10789.0,17214.530000000006,966,0.052126052233973666
23203,JUMBO BAG DOILEY PATTERNS,8735.0,16737.099999999944,454,0.024498165335635657
71477,COLOUR GLASS. STAR T-LIGHT HOLDER,5654.0,16566.34,221,0.01192531836822793
20914,SET/5 RED RETROSPOT LID GLASS BOWLS,5871.0,16537.12999999997,763,0.04117202676451543
21212,PACK OF 72 RETROSPOT CAKE CASES,33670.0,16381.879999999952,1029,0.0555255773796676
22384,LUNCH BAG PINK POLKADOT,10226.0,16303.300000000003,931,0.050237427153032595
22865,HAND WARMER OWL DESIGN,8056.0,16113.72999999999,572,0.030865529894236996
15036,ASSORTED COLOURS SILK FAN,21876.0,16044.44000000001,324,0.01748327217785452
22492,MINI PAINT SET VINTAGE ,26076.0,16039.239999999998,325,0.017537232894452838
21485,RETROSPOT HEART HOT WATER BOTTLE,3326.0,15827.179999999997,533,0.028761061946902654
22382,LUNCH BAG SPACEBOY DESIGN ,9875.0,15820.150000000012,988,0.053313187999136626
20712,JUMBO BAG WOODLAND ANIMALS,8187.0,15511.600000000017,492,0.02654867256637168
21754,HOME BUILDING BLOCK WORD,2633.0,15504.509999999998,691,0.03728685516943665
85152,HAND OVER THE CHOCOLATE   SIGN ,8138.0,15484.509999999978,590,0.03183682279300669
22114,HOT WATER BOTTLE TEA AND SYMPATHY,3729.0,15386.07,514,0.027735808331534644
22383,LUNCH BAG SUKI DESIGN ,9570.0,15332.89999999999,899,0.048510684221886466
22385,JUMBO BAG SPACEBOY DESIGN,8231.0,15320.750000000005,477,0.025739261817396934
15056BL,EDWARDIAN PARASOL BLACK,2779.0,15218.669999999998,291,0.01570256853011008
84946,ANTIQUE SILVER T-LIGHT GLASS,12949.0,15176.42,534,0.028815022663500972
22077,6 RIBBONS RUSTIC CHARM,8594.0,14969.840000000011,726,0.039175480250377724
22698,PINK REGENCY TEACUP AND SAUCER,5307.0,14663.289999999968,556,0.03000215842866393
22624,IVORY KITCHEN SCALES,1765.0,14638.730000000003,620,0.03345564429095618
21928,JUMBO BAG SCANDINAVIAN BLUE PAISLEY,7754.0,14626.730000000009,451,0.024336283185840708
82483,WOOD 2 DRAWER CABINET WHITE FINISH,2324.0,14573.719999999996,509,0.02746600474854306
20726,LUNCH BAG WOODLAND,9091.0,14497.510000000002,820,0.04424778761061947
22993,SET OF 4 PANTRY JELLY MOULDS,11769.0,14151.419999999998,866,0.04672998057414202
22197,SMALL POPCORN HOLDER,18241.0,13789.369999999984,403,0.021746168789121518
84997D,CHILDRENS CUTLERY POLKADOT PINK,3528.0,13788.300000000001,323,0.017429311461256206
22835,HOT WATER BOTTLE I AM SO POORLY,2939.0,13685.130000000003,505,0.027250161882149796
84077,WORLD WAR 2 GLIDERS ASSTD DESIGNS,54319.0,13558.410000000022,472,0.025469458234405353
48184,DOORMAT ENGLISH ROSE ,1972.0,13447.099999999999,356,0.01921001510900065
22084,PAPER CHAIN KIT EMPIRE,4885.0,13411.55,374,0.020181308007770342
84029E,RED WOOLLY HOTTIE WHITE HEART.,3676.0,13311.259999999998,321,0.01732139002805957
22847,BREAD BIN DINER STYLE IVORY,847.0,13131.889999999992,341,0.018400604360025902
22622,BOX OF VINTAGE ALPHABET BLOCKS,1295.0,13035.660000000002,231,0.012464925534211094
23200,JUMBO BAG PEARS,6729.0,13034.919999999987,470,0.02536153680120872
84078A,SET/4 WHITE RETRO STORAGE CUBES ,357.0,13007.149999999994,106,0.005719835959421541
23108,SET OF 10 LED DOLLY LIGHTS,2192.0,12972.73,351,0.018940211526009065
23313,VINTAGE CHRISTMAS BUNTING,2748.0,12960.119999999994,359,0.019371897258795595
23356,LOVE HOT WATER BOTTLE,2325.0,12954.750000000004,449,0.024228361752644076
82583,HOT BATHS METAL SIGN,6367.0,12731.339999999986,385,0.020774875890351825
84978,HANGING HEART JAR T-LIGHT HOLDER,10961.0,12650.969999999998,572,0.030865529894236996
22752,SET 7 BABUSHKA NESTING BOXES,1651.0,12639.79,297,0.01602633282969998
22558,CLOTHES PEGS RETROSPOT PACK 24 ,8405.0,12525.210000000017,639,0.03448089790632419
23301,GARDENERS KNEELING PAD KEEP CALM ,7722.0,12463.78000000002,756,0.04079430174832722
22507,MEMO BOARD RETROSPOT  DESIGN,2786.0,12411.020000000002,348,0.018778329376214115
22188,BLACK HEART CARD HOLDER,4843.0,12257.950000000004,166,0.008957478955320527
20750,RED RETROSPOT MINI CASES,1711.0,12208.849999999999,365,0.019695661558385494
22866,HAND WARMER SCOTTY DOG DESIGN,6097.0,12204.659999999993,471,0.025415497517807036
22171,3 HOOK PHOTO SHELF ANTIQUE WHITE,1706.0,12160.080000000002,304,0.016404057845888192
22113,GREY HEART HOT WATER BOTTLE,3145.0,12148.9,511,0.027573926181739695
22551,PLASTERS IN TIN SPACEBOY,7656.0,12138.600000000024,579,0.03124325491042521
22941,CHRISTMAS LIGHTS 10 REINDEER,1570.0,12133.000000000004,253,0.013652061299374055
20749,ASSORTED COLOUR MINI CASES,1717.0,12107.509999999998,365,0.019695661558385494
22867,HAND WARMER BIRD DESIGN,5993.0,12064.629999999985,474,0.025577379667601985
21524,DOORMAT SPOTTY HOME SWEET HOME,1657.0,12055.32,405,0.021854090222318153
23207,LUNCH BAG ALPHABET DESIGN,7533.0,11994.410000000003,647,0.03491258363911073
22083,PAPER CHAIN KIT RETROSPOT,4265.0,11935.309999999994,444,0.02395855816965249
22379,RECYCLING BAG RETROSPOT ,6074.0,11913.029999999999,407,0.021962011655514785
22625,RED KITCHEN SCALES,1469.0,11836.230000000001,448,0.02417440103604576
22568,FELTCRAFT CUSHION OWL,3277.0,11756.8,417,0.02250161882149795
22273,FELTCRAFT DOLL MOLLY,4464.0,11748.239999999989,293,0.015810489963306713
47590B,PINK HAPPY BIRTHDAY BUNTING,2283.0,11666.349999999993,359,0.019371897258795595
22554,PLASTERS IN TIN WOODLAND ANIMALS,7297.0,11620.93000000003,587,0.03167494064321174
20971,PINK BLUE FELT CRAFT TRINKET BOX,10217.0,11619.390000000001,457,0.024660047485430606
23077,DOUGHNUT LIP GLOSS ,9642.0,11615.7,308,0.01661990071228146
21977,PACK OF 60 PINK PAISLEY CAKE CASES,24230.0,11610.999999999982,669,0.036099719404273686
23174,REGENCY SUGAR BOWL GREEN,2954.0,11567.239999999998,268,0.014461472048348802
22607,WOODEN ROUNDERS GARDEN SET ,1265.0,11561.339999999997,303,0.01635009712928988
22149,FELTCRAFT 6 FLOWER FRIENDS,5882.0,11549.589999999986,461,0.024875890351823873
48188,DOORMAT WELCOME PUPPIES,2027.0,11536.249999999995,252,0.01359810058277574
22191,IVORY DINER WALL CLOCK,1419.0,11527.7,391,0.021098640189941724
22427,ENAMEL FLOWER JUG CREAM,1991.0,11421.12999999999,441,0.023796676019857545
21755,LOVE BUILDING BLOCK WORD,1923.0,11398.709999999997,555,0.029948197712065618
82486,WOOD S/3 CABINET ANT WHITE FINISH,1364.0,11343.199999999992,373,0.020127347291172028
22193,RED DINER WALL CLOCK,1349.0,11048.890000000001,416,0.022447658104899633
21232,STRAWBERRY CERAMIC TRINKET BOX,9318.0,10883.019999999999,507,0.027358083315346428
21930,JUMBO STORAGE BAG SKULLS,5694.0,10865.830000000004,471,0.025415497517807036
22501,PICNIC BASKET WICKER LARGE,1192.0,10798.999999999993,257,0.013867904165767322
22570,FELTCRAFT CUSHION RABBIT,3012.0,10672.31,324,0.01748327217785452
22413,METAL SIGN TAKE IT OR LEAVE IT ,3687.0,10638.45,351,0.018940211526009065
21790,VINTAGE SNAP CARDS,13329.0,10441.469999999987,722,0.03895963738398446
47566B,TEA TIME PARTY BUNTING,2288.0,10430.400000000001,313,0.01688970429527304
21936,RED RETROSPOT PICNIC BAG,3756.0,10365.759999999995,385,0.020774875890351825
23209,LUNCH BAG VINTAGE DOILY ,6438.0,10347.66,538,0.029030865529894236
22662,LUNCH BAG DOLLY GIRL DESIGN,6527.0,10330.990000000007,598,0.03226850852579322
23209,LUNCH BAG DOILEY PATTERN ,6477.0,10323.049999999997,464,0.025037772501618823
22730,ALARM CLOCK BAKELIKE IVORY,2721.0,10259.36,468,0.025253615368012086
22087,PAPER BUNTING WHITE LACE,3772.0,10243.39999999999,257,0.013867904165767322
85014B,RED RETROSPOT UMBRELLA,1841.0,10217.719999999994,303,0.01635009712928988
21479,WHITE SKULL HOT WATER BOTTLE ,2699.0,10215.47,378,0.02039715087416361
22617,BAKING SET SPACEBOY DESIGN,2153.0,10210.88999999999,424,0.022879343837686163
23170,REGENCY TEA PLATE ROSES ,6563.0,10170.990000000023,328,0.017699115044247787
21340,CLASSIC METAL BIRDCAGE PLANT HOLDER,925.0,10123.16,260,0.014029786315562271
20724,RED RETROSPOT CHARLOTTE BAG,12805.0,10122.449999999997,739,0.039876969566155836
47590A,BLUE HAPPY BIRTHDAY BUNTING,1948.0,10096.619999999992,355,0.01915605439240233
22988,SOLDIERS EGG CUP ,8757.0,10070.220000000001,327,0.01764515432764947
21891,TRADITIONAL WOODEN SKIPPING ROPE,7904.0,9998.320000000005,340,0.018346643643427585
23208,LUNCH BAG VINTAGE LEAF DESIGN,6191.0,9950.350000000002,597,0.03221454780919491
23300,GARDENERS KNEELING PAD CUP OF TEA ,6285.0,9933.690000000017,635,0.03426505503993093
22499,WOODEN UNION JACK BUNTING,1734.0,9928.830000000005,296,0.015972372113101662
84997C,CHILDRENS CUTLERY POLKADOT BLUE,2523.0,9827.249999999998,211,0.011385711202244766
48173C,DOORMAT BLACK FLOCK ,1784.0,9797.749999999996,173,0.009335203971508742
23343,JUMBO BAG VINTAGE CHRISTMAS ,4905.0,9742.100000000002,385,0.020774875890351825
21080,SET/20 RED RETROSPOT PAPER NAPKINS ,12305.0,9649.989999999982,732,0.03949924454996762
23076,ICE CREAM SUNDAE LIP GLOSS,7896.0,9638.16,248,0.013382257716382474
22569,FELTCRAFT CUSHION BUTTERFLY,2692.0,9632.98,294,0.01586445067990503
22690,DOORMAT HOME SWEET HOME BLUE ,1595.0,9619.989999999998,261,0.014083747032160587
84997B,CHILDRENS CUTLERY RETROSPOT RED ,2492.0,9603.679999999997,229,0.012357004101014462
22846,BREAD BIN DINER STYLE RED ,626.0,9597.310000000001,249,0.01343621843298079
22556,PLASTERS IN TIN CIRCUS PARADE ,5947.0,9588.710000000012,521,0.028113533347722857
22970,LONDON BUS COFFEE MUG,4213.0,9582.150000000005,276,0.014893157781135334
82600,NO SINGING METAL SIGN,4635.0,9571.499999999985,384,0.020720915173753508
84755,COLOUR GLASS T-LIGHT HOLDER HANGING,15563.0,9566.510000000002,529,0.028545219080509387
22605,WOODEN CROQUET GARDEN SET,709.0,9555.979999999998,240,0.012950571983595942
22633,HAND WARMER UNION JACK,4730.0,9516.960000000001,441,0.023796676019857545
22692,DOORMAT WELCOME TO OUR HOME,1376.0,9451.580000000005,338,0.018238722210230953
22555,PLASTERS IN TIN STRONGMAN,5874.0,9444.14000000001,449,0.024228361752644076
21430,SET/3 RED GINGHAM ROSE STORAGE BOX,2698.0,9401.820000000003,319,0.01721346859486294
85048,15CM CHRISTMAS GLASS BALL 20 LIGHTS,1266.0,9374.699999999999,214,0.011547593352039715
84029G,KNITTED UNION FLAG HOT WATER BOTTLE,2465.0,9313.17,319,0.01721346859486294
22621,TRADITIONAL KNITTING NANCY,5893.0,9294.570000000007,509,0.02746600474854306
22560,TRADITIONAL MODELLING CLAY,7990.0,9281.470000000001,336,0.018130800777034318
22766,PHOTO FRAME CORNICE,3176.0,9277.279999999999,454,0.024498165335635657
84947,ANTIQUE SILVER TEA GLASS ENGRAVED,8219.0,9271.840000000002,278,0.015001079214331966
23240,SET OF 4 KNICK KNACK TINS DOILY ,2286.0,9237.300000000003,312,0.016835743578674726
21914,BLUE HARMONICA IN BOX ,7431.0,9218.880000000001,517,0.027897690481329594
21481,FAWN BLUE HOT WATER BOTTLE,2919.0,9196.05,379,0.020451111590761926
23171,REGENCY TEA PLATE GREEN ,5966.0,9184.900000000014,270,0.014569393481545435
22978,PANTRY ROLLING PIN,2406.0,9180.529999999999,197,0.010630261169868337
21217,RED RETROSPOT ROUND CAKE TINS,974.0,9178.299999999992,257,0.013867904165767322
22561,WOODEN SCHOOL COLOURING SET,5690.0,9064.620000000003,395,0.021314483056334987
20679,EDWARDIAN PARASOL RED,1630.0,9055.869999999997,270,0.014569393481545435
23175,REGENCY MILK JUG PINK ,3062.0,8995.0,272,0.014677314914742067
22992,REVOLVER WOODEN RULER ,4914.0,8944.440000000004,285,0.01537880423052018
22838,3 TIER CAKE TIN RED AND CREAM,652.0,8737.78,136,0.007338657457371034
21559,STRAWBERRY LUNCH BOX WITH CUTLERY,3711.0,8721.89000000001,426,0.0229872652708828
85150,LADIES & GENTLEMEN METAL SIGN,3898.0,8696.580000000005,367,0.01980358299158213
84375,SET OF 20 KIDS COOKIE CUTTERS,4139.0,8676.269999999997,416,0.022447658104899633
20972,PINK CREAM FELT CRAFT TRINKET BOX ,7106.0,8617.24,535,0.028868983380099286
22966,GINGERBREAD MAN COOKIE CUTTER,7196.0,8615.130000000001,554,0.0298942369954673
84991,60 TEATIME FAIRY CAKE CASES,17664.0,8604.619999999994,657,0.03545219080509389
22619,SET OF 6 SOLDIER SKITTLES,2290.0,8571.25,339,0.018292682926829267
82582,AREA PATROLLED METAL SIGN,4288.0,8548.019999999995,374,0.020181308007770342
22632,HAND WARMER RED RETROSPOT,4268.0,8513.52,341,0.018400604360025902
23582,VINTAGE DOILY JUMBO BAG RED ,4434.0,8508.220000000007,234,0.012626807684006043
21791,VINTAGE HEADS AND TAILS CARD GAME ,7118.0,8500.16,485,0.026170947550183465
23581,JUMBO BAG PAISLEY PARK,4358.0,8498.04,302,0.01629613641269156
22424,ENAMEL BREAD BIN CREAM,711.0,8493.5,326,0.017591193611051156
22041,"RECORD FRAME 7"" SINGLE SIZE ",3812.0,8450.820000000002,196,0.010576300453270019
22169,FAMILY ALBUM WHITE PICTURE FRAME,1074.0,8408.14,286,0.015432764947118498
22776,SWEETHEART CAKESTAND 3 TIER,891.0,8366.649999999987,326,0.017591193611051156
21174,POTTERING IN THE SHED METAL SIGN,3922.0,8364.640000000003,371,0.020019425857975393
23318,BOX OF 6 MINI VINTAGE CRACKERS,3645.0,8345.42999999999,329,0.017753075760846105
21216,"SET 3 RETROSPOT TEA,COFFEE,SUGAR",1836.0,8330.120000000003,241,0.01300453270019426
22989,SET 2 PANTRY DESIGN TEA TOWELS,2693.0,8310.17,311,0.01678178286207641
22147,FELTCRAFT BUTTERFLY HEARTS,6123.0,8308.750000000011,436,0.02352687243686596
22791,T-LIGHT GLASS FLUTED ANTIQUE,7264.0,8288.89,260,0.014029786315562271
22759,SET OF 3 NOTEBOOKS IN PARCEL,5197.0,8267.250000000004,319,0.01721346859486294
84945,MULTI COLOUR SILVER T-LIGHT HOLDER,10267.0,8259.25,306,0.016511979279084828
23319,BOX OF 6 MINI 50'S CRACKERS,3520.0,8169.47999999999,365,0.019695661558385494
71459,HANGING JAM JAR T-LIGHT HOLDER,10528.0,8164.119999999988,310,0.01672782214547809
23322,LARGE WHITE HEART OF WICKER,2892.0,8137.499999999991,511,0.027573926181739695
22655,VINTAGE RED KITCHEN CABINET,60.0,8125.0,38,0.002050507230736024
23082,SET 6 PAPER TABLE LANTERN HEARTS ,2260.0,8110.68,263,0.01419166846535722
23078,ICE CREAM PEN LIP GLOSS ,6607.0,8077.3099999999995,213,0.0114936326354414
48116,DOORMAT MULTICOLOUR STRIPE,1418.0,8045.270000000002,141,0.007608461040362616
22734,SET OF 6 RIBBONS VINTAGE CHRISTMAS,2839.0,8040.270000000009,329,0.017753075760846105
22749,FELTCRAFT PRINCESS CHARLOTTE DOLL,2210.0,8022.76,401,0.021638247355924886
22158,3 HEARTS HANGING DECORATION RUSTIC,2845.0,8013.709999999991,261,0.014083747032160587
22729,ALARM CLOCK BAKELIKE ORANGE,2179.0,7984.38,359,0.019371897258795595
23256,CHILDRENS CUTLERY SPACEBOY ,1980.0,7966.08,316,0.01705158644506799
21210,SET OF 72 RETROSPOT PAPER  DOILIES,5677.0,7943.020000000008,365,0.019695661558385494
23080,RED METAL BOX TOP SECRET,998.0,7920.780000000001,221,0.01192531836822793
22667,RECIPE BOX RETROSPOT ,2851.0,7896.849999999998,441,0.023796676019857545
21121,SET/10 RED POLKADOT PARTY CANDLES,6498.0,7794.18,336,0.018130800777034318
22652,TRAVEL SEWING KIT,4859.0,7779.110000000002,394,0.021260522339736673
72741,GRAND CHOCOLATECANDLE,5783.0,7758.950000000001,249,0.01343621843298079
22502,PICNIC BASKET WICKER SMALL,1424.0,7728.850000000006,232,0.012518886250809411
84378,SET OF 3 HEART COOKIE CUTTERS,6001.0,7719.340000000004,521,0.028113533347722857
20711,JUMBO BAG TOYS ,4198.0,7689.279999999999,245,0.013220375566587525
22940,FELTCRAFT CHRISTMAS FAIRY,1881.0,7658.929999999999,302,0.01629613641269156
22768,FAMILY PHOTO FRAME CORNICE,836.0,7636.890000000005,233,0.012572846967407727
35970,ZINC FOLKART SLEIGH BELLS,4627.0,7631.310000000004,339,0.018292682926829267
23439,HAND WARMER RED LOVE HEART,3721.0,7574.099999999994,371,0.020019425857975393
22192,BLUE DINER WALL CLOCK,907.0,7528.93,338,0.018238722210230953
23328,SET 6 SCHOOL MILK BOTTLES IN CRATE,2063.0,7495.290000000001,281,0.015162961364126915
21136,PAINTED METAL PEARS ASSORTED,4454.0,7454.219999999996,352,0.018994172242607382
22952,60 CAKE CASES VINTAGE CHRISTMAS,14712.0,7405.199999999995,466,0.025145693934815454
21314,SMALL GLASS HEART TRINKET POT,3664.0,7399.960000000005,342,0.018454565076624217
22557,PLASTERS IN TIN VINTAGE PAISLEY ,4564.0,7331.840000000004,480,0.025901143967191884
21770,OPEN CLOSED METAL SIGN,1574.0,7296.509999999995,341,0.018400604360025902
20719,WOODLAND CHARLOTTE BAG,9219.0,7261.939999999999,531,0.028653140513706023
22616,PACK OF 12 LONDON TISSUES ,25329.0,7261.770000000004,382,0.020612993740556876
21908,CHOCOLATE THIS WAY METAL SIGN,3633.0,7204.319999999996,374,0.020181308007770342
21889,WOODEN BOX OF DOMINOES,5766.0,7200.950000000001,449,0.024228361752644076
22900, SET 2 TEA TOWELS I LOVE LONDON ,2621.0,7190.949999999997,192,0.010360457586876754
84949,SILVER HANGING T-LIGHT HOLDER,4653.0,7173.450000000006,250,0.013490179149579106
22585,PACK OF 6 BIRDY GIFT TAGS,6051.0,7135.95,319,0.01721346859486294
23240,SET OF 4 KNICK KNACK TINS DOILEY ,1802.0,7132.699999999989,172,0.009281243254910426
84406B,CREAM CUPID HEARTS COAT HANGER,1917.0,7121.230000000001,241,0.01300453270019426
23238,SET OF 4 KNICK KNACK TINS LONDON ,1775.0,7116.650000000005,233,0.012572846967407727
22355,CHARLOTTE BAG SUKI DESIGN,8947.0,7114.849999999997,585,0.03156701921001511
22144,CHRISTMAS CRAFT LITTLE FRIENDS,3459.0,7109.2,421,0.022717461687891214
84836,ZINC METAL HEART DECORATION,5750.0,7099.929999999999,476,0.02568530110079862
22750,FELTCRAFT PRINCESS LOLA DOLL,1945.0,7095.6900000000005,378,0.02039715087416361
22795,SWEETHEART RECIPE BOOK STAND,1098.0,7077.9,287,0.015486725663716814
21218,RED SPOTTY BISCUIT TIN,2058.0,7071.2,203,0.010954025469458234
23007, SPACEBOY BABY GIFT SET,449.0,7048.549999999999,142,0.007662421756960932
22741,FUNKY DIVA PEN,8328.0,7010.9400000000005,155,0.008363911072739046
22950,36 DOILIES VINTAGE CHRISTMAS,5152.0,7004.8,160,0.008633714655730628
21787,RAIN PONCHO RETROSPOT,8752.0,6962.080000000001,180,0.009712928987696956
23215,JINGLE BELL HEART ANTIQUE SILVER,3544.0,6955.799999999999,197,0.010630261169868337
22767,TRIPLE PHOTO FRAME CORNICE ,761.0,6932.830000000005,208,0.011223829052449816
23320,GIANT 50'S CHRISTMAS CRACKER,2628.0,6907.52,310,0.01672782214547809
21231,SWEETHEART CERAMIC TRINKET BOX,5748.0,6864.61,381,0.020559033023958558
21213,PACK OF 72 SKULL CAKE CASES,14302.0,6855.460000000001,499,0.026926397582559897
22991,GIRAFFE WOODEN RULER,3708.0,6816.840000000002,234,0.012626807684006043
22456,NATURAL SLATE CHALKBOARD LARGE ,1448.0,6813.399999999998,303,0.01635009712928988
84970S,HANGING HEART ZINC T-LIGHT HOLDER,8444.0,6808.489999999998,412,0.022231815238506366
21035,SET/2 RED RETROSPOT TEA TOWELS ,2315.0,6807.01,219,0.011817396935031298
22771,CLEAR DRAWER KNOB ACRYLIC EDWARDIAN,5657.0,6803.17,321,0.01732139002805957
23321,SMALL WHITE HEART OF WICKER,4262.0,6798.100000000006,582,0.03140513706022016
22487,WHITE WOOD GARDEN PLANT LADDER,723.0,6768.860000000001,379,0.020451111590761926
22844,VINTAGE CREAM DOG FOOD CONTAINER,823.0,6753.849999999999,292,0.015756529246708395
22333,RETROSPOT PARTY BAG + STICKER SET,4389.0,6745.93,267,0.014407511331750486
21169,YOU'RE CONFUSING ME METAL SIGN ,4270.0,6743.980000000003,342,0.018454565076624217
23493,VINTAGE DOILY TRAVEL SEWING KIT,3516.0,6736.199999999997,349,0.018832290092812433
23083,SET 6 PAPER TABLE LANTERN STARS ,1859.0,6735.880000000001,209,0.011277789769048132
20969,RED FLORAL FELTCRAFT SHOULDER BAG,1874.0,6726.81,257,0.013867904165767322
84380,SET OF 3 BUTTERFLY COOKIE CUTTERS,5287.0,6711.000000000004,498,0.02687243686596158
22352,LUNCH BOX WITH CUTLERY RETROSPOT ,2848.0,6705.039999999999,324,0.01748327217785452
21877,HOME SWEET HOME MUG,5340.0,6698.56,293,0.015810489963306713
48111,DOORMAT 3 SMILEY CATS,1104.0,6690.800000000001,174,0.009389164688107058
C2,CARRIAGE,134.0,6686.0,133,0.007176775307576084
23297,SET 40 HEART SHAPE PETIT FOUR CASES,4260.0,6676.999999999989,140,0.0075545003237643
22634,CHILDS BREAKFAST SET SPACEBOY ,728.0,6652.000000000004,203,0.010954025469458234
21955,DOORMAT UNION JACK GUNS AND ROSES,1157.0,6619.4100000000035,155,0.008363911072739046
84997A,CHILDRENS CUTLERY POLKADOT GREEN ,1688.0,6599.0599999999995,166,0.008957478955320527
22840,ROUND CAKE TIN VINTAGE RED,888.0,6576.880000000005,250,0.013490179149579106
22294,HEART FILIGREE DOVE  SMALL,5362.0,6574.82,246,0.01327433628318584
22627,MINT KITCHEN SCALES,789.0,6574.29,304,0.016404057845888192
22968,ROSE COTTAGE KEEPSAKE BOX ,728.0,6564.999999999997,144,0.007770343190157565
22367,CHILDRENS APRON SPACEBOY DESIGN,3537.0,6560.789999999997,448,0.02417440103604576
22725,ALARM CLOCK BAKELIKE CHOCOLATE,1772.0,6559.26,322,0.01737535074465789
23008,DOLLY GIRL BABY GIFT SET,419.0,6534.049999999997,120,0.006475285991797971
23254,CHILDRENS CUTLERY DOLLY GIRL ,1621.0,6525.549999999996,268,0.014461472048348802
22909,SET OF 20 VINTAGE CHRISTMAS NAPKINS,8111.0,6520.909999999993,489,0.02638679041657673
22553,PLASTERS IN TIN SKULLS,4009.0,6461.249999999999,439,0.02368875458666091
23293,SET OF 12 FAIRY CAKE BAKING CASES,8228.0,6456.999999999998,465,0.025091733218217137
23134,LARGE ZINC HEART WALL ORGANISER,1064.0,6414.48,37,0.0019965465141377078
21259,VICTORIAN SEWING BOX SMALL ,1123.0,6402.360000000003,237,0.012788689833800992
21165,BEWARE OF THE CAT METAL SIGN ,4025.0,6401.930000000004,359,0.019371897258795595
22170,PICTURE FRAME WOOD TRIPLE PORTRAIT,1023.0,6378.150000000001,225,0.012141161234621195
85014A,BLACK/BLUE POLKADOT UMBRELLA,1132.0,6361.99,256,0.013813943449169004
21122,SET/10 PINK POLKADOT PARTY CANDLES,5251.0,6346.08,304,0.016404057845888192
22637,PIGGY BANK RETROSPOT ,2615.0,6298.370000000003,262,0.014137707748758903
22505,MEMO BOARD COTTAGE DESIGN,1361.0,6286.39,262,0.014137707748758903
22173,METAL 4 HOOK HANGER FRENCH CHATEAU,2149.0,6267.3899999999985,337,0.018184761493632635
84992,72 SWEETHEART FAIRY CAKE CASES,13029.0,6252.350000000001,501,0.02703431901575653
23553,LANDMARK FRAME CAMDEN TOWN ,557.0,6244.85,62,0.0033455644290956185
21669,BLUE STRIPE CERAMIC DRAWER KNOB,4936.0,6239.4000000000015,351,0.018940211526009065
22381,TOY TIDY PINK POLKADOT,3167.0,6225.379999999999,289,0.015594647096913447
21533,RETROSPOT LARGE MILK JUG,1307.0,6217.649999999995,310,0.01672782214547809
22826,LOVE SEAT ANTIQUE WHITE METAL,58.0,6210.0,41,0.0022123893805309734
21668,RED STRIPE CERAMIC DRAWER KNOB,5001.0,6177.530000000001,333,0.01796891862723937
23382,BOX OF 6 CHRISTMAS CAKE DECORATIONS,1712.0,6155.040000000001,163,0.008795596805525578
21871,SAVE THE PLANET MUG,5264.0,6150.130000000001,270,0.014569393481545435
23229,VINTAGE DONKEY TAIL GAME ,1750.0,6146.89,215,0.011601554068638031
82486,3 DRAWER ANTIQUE WHITE WOOD CABINET,707.0,6124.130000000006,186,0.010036693287286855
23480,MINI LIGHTS WOODLAND MUSHROOMS,1717.0,6118.59,173,0.009335203971508742
22834,HAND WARMER BABUSHKA DESIGN,4604.0,6118.429999999997,288,0.01554068638031513
22631,CIRCUS PARADE LUNCH BOX ,3371.0,6114.830000000007,256,0.013813943449169004
22303,COFFEE MUG APPLES DESIGN,2764.0,6108.849999999996,229,0.012357004101014462
23541,WALL ART CLASSIC PUDDINGS ,821.0,6093.490000000001,118,0.006367364558601338
75049L,LARGE CIRCULAR MIRROR MOBILE,6809.0,6092.049999999997,118,0.006367364558601338
23103,JINGLE BELL HEART DECORATION,3679.0,6055.949999999996,307,0.016565939995683142
22635,CHILDS BREAKFAST SET DOLLY GIRL ,656.0,6053.050000000001,180,0.009712928987696956
21326,AGED GLASS SILVER T-LIGHT HOLDER,10040.0,6051.999999999998,277,0.01494711849773365
47556B,TEA TIME TEA TOWELS ,2600.0,6045.0,2,0.00010792143319663285
22663,JUMBO BAG DOLLY GIRL DESIGN,3096.0,6006.330000000001,317,0.017105547161666308
23307,SET OF 60 PANTRY DESIGN CAKE CASES ,11661.0,5974.3899999999885,504,0.02719620116555148
17003,BROCADE RING PURSE ,22927.0,5969.610000000001,206,0.011115907619253183
22654,DELUXE SEWING KIT ,1057.0,5968.669999999998,222,0.011979279084826246
22620,4 TRADITIONAL SPINNING TOPS,4486.0,5952.830000000006,364,0.01964170084178718
22943,CHRISTMAS LIGHTS 10 VINTAGE BAUBLES,1274.0,5939.279999999999,159,0.00857975393913231
22783,SET 3 WICKER OVAL BASKETS W LIDS,462.0,5922.120000000001,32,0.0017267429311461256
22508,DOORSTOP RETROSPOT HEART,1511.0,5919.46,236,0.012734729117202677
21975,PACK OF 60 DINOSAUR CAKE CASES,12106.0,5919.280000000001,529,0.028545219080509387
22151,PLACE SETTING WHITE HEART,14853.0,5912.189999999997,289,0.015594647096913447
21380,WOODEN HAPPY BIRTHDAY GARLAND,2090.0,5901.300000000002,232,0.012518886250809411
21155,RED RETROSPOT PEG BAG,2458.0,5874.950000000003,354,0.019102093675804014
22900,SET 2 TEA TOWELS I LOVE LONDON ,1947.0,5839.75,176,0.009497086121303691
22895,SET OF 2 TEA TOWELS APPLE AND PEARS,1975.0,5839.59,238,0.01284265055039931
22356,CHARLOTTE BAG PINK POLKADOT,7303.0,5838.089999999998,487,0.0262788689833801
47591D,PINK FAIRY CAKE CHILDRENS APRON,3140.0,5815.559999999998,397,0.021422404489531623
21535,RED RETROSPOT SMALL MILK JUG,2450.0,5804.699999999997,310,0.01672782214547809
23172,REGENCY TEA PLATE PINK,3688.0,5793.280000000006,224,0.01208720051802288
22979,PANTRY WASHING UP BRUSH,3913.0,5785.710000000005,304,0.016404057845888192
21484,CHICK GREY HOT WATER BOTTLE,1545.0,5770.27,282,0.015216922080725233
22779,WOODEN OWLS LIGHT GARLAND ,1532.0,5768.6,147,0.007932225339952515
23247,BISCUIT TIN 50'S CHRISTMAS,2048.0,5760.520000000004,271,0.014623354198143751
22804,CANDLEHOLDER PINK HANGING HEART,2035.0,5739.33,343,0.018508525793222534
84030E,ENGLISH ROSE HOT WATER BOTTLE,1414.0,5729.66,277,0.01494711849773365
23485,BOTANICAL GARDENS WALL CLOCK ,259.0,5718.999999999998,80,0.004316857327865314
21888,BINGO SET,1551.0,5718.210000000001,280,0.0151090006475286
23113,PANTRY CHOPPING BOARD,1138.0,5695.860000000001,43,0.0023203108137276065
71053,WHITE METAL LANTERN,1586.0,5694.28,238,0.01284265055039931
62018,SOMBRERO ,4402.0,5691.500000000001,59,0.003183682279300669
23296,SET OF 6 TEA TIME BAKING CASES,4877.0,5684.65,319,0.01721346859486294
22784,LANTERN CREAM GAZEBO ,1205.0,5676.869999999999,259,0.013975825598963954
21922,UNION STRIPE WITH FRINGE  HAMMOCK,758.0,5674.140000000001,167,0.009011439671918843
84970L,SINGLE HEART ZINC T-LIGHT HOLDER,5699.0,5663.530000000006,336,0.018130800777034318
22485,SET OF 2 WOODEN MARKET CRATES,462.0,5652.9,165,0.00890351823872221
48129,DOORMAT TOPIARY,880.0,5644.460000000001,182,0.00982085042089359
23204,CHARLOTTE BAG APPLES DESIGN,7039.0,5632.15,425,0.02293330455428448
22971,QUEENS GUARD COFFEE MUG,2365.0,5603.569999999998,233,0.012572846967407727
21156,RETROSPOT CHILDRENS APRON,3038.0,5585.9199999999955,292,0.015756529246708395
21672,WHITE SPOT RED CERAMIC DRAWER KNOB,4534.0,5578.140000000001,307,0.016565939995683142
84988,SET OF 72 PINK HEART PAPER DOILIES,3953.0,5565.230000000005,307,0.016565939995683142
23311,VINTAGE CHRISTMAS STOCKING ,2199.0,5564.250000000009,281,0.015162961364126915
84997B,RED 3 PIECE RETROSPOT CUTLERY SET,1543.0,5555.130000000003,97,0.005234189510036694
23312,VINTAGE CHRISTMAS GIFT SACK,1364.0,5522.999999999999,193,0.01041441830347507
20723,STRAWBERRY CHARLOTTE BAG,6842.0,5516.699999999999,492,0.02654867256637168
21912,VINTAGE SNAKES & LADDERS,1571.0,5508.53,268,0.014461472048348802
21094,SET/6 RED SPOTTY PAPER PLATES,7351.0,5496.530000000003,325,0.017537232894452838
22740,POLKADOT PEN,6625.0,5475.250000000002,107,0.005773796676019858
22150,3 STRIPEY MICE FELTCRAFT,2914.0,5460.500000000007,402,0.021692208072523204
22751,FELTCRAFT PRINCESS OLIVIA DOLL,1511.0,5434.85,251,0.013544139866177423
22668,PINK BABY BUNTING,1954.0,5415.66,204,0.011007986186056551
22827,RUSTIC  SEVENTEEN DRAWER SIDEBOARD,35.0,5415.0,26,0.001402978631556227
23118,PARISIENNE JEWELLERY DRAWER ,765.0,5399.02,225,0.012141161234621195
23135,SMALL ZINC HEART WALL ORGANISER,1538.0,5378.800000000001,42,0.0022663500971292897
22796,PHOTO FRAME 3 CLASSIC HANGING,552.0,5357.550000000003,212,0.011439671918843082
23169,CLASSIC GLASS COOKIE JAR,1332.0,5350.200000000005,248,0.013382257716382474
22946,WOODEN ADVENT CALENDAR CREAM,369.0,5323.049999999999,89,0.004802503777250162
23531,WALL ART BIG LOVE ,960.0,5319.359999999994,97,0.005234189510036694
23583,LUNCH BAG PAISLEY PARK  ,3305.0,5251.250000000002,298,0.016080293546298294
22349,DOG BOWL CHASING BALL DESIGN,1339.0,5220.43,114,0.006151521692208072
22418,10 COLOUR SPACEBOY PEN,6267.0,5209.170000000004,242,0.013058493416792575
23192,BUNDLE OF 3 ALPHABET EXERCISE BOOKS,3269.0,5197.170000000005,312,0.016835743578674726
23133,LARGE IVORY HEART WALL ORGANISER,759.0,5142.910000000001,134,0.007230736024174401
23158,SET OF 5 LUCKY CAT MAGNETS ,2536.0,5117.3200000000015,187,0.010090654003885171
20718,RED RETROSPOT SHOPPER BAG,4257.0,5106.5599999999995,384,0.020720915173753508
37449,CERAMIC CAKE STAND + HANGING CAKES,561.0,5074.830000000001,152,0.008202028922944096
22904,CALENDAR PAPER CUT DESIGN,1764.0,5060.840000000004,234,0.012626807684006043
22947,WOODEN ADVENT CALENDAR RED,536.0,5047.599999999996,104,0.005611914526224908
23157,SET OF 6 NATIVITY MAGNETS ,2530.0,5031.55,145,0.007824303906755882
23177,TREASURE ISLAND BOOK BOX,2428.0,5029.8,214,0.011547593352039715
22964,3 PIECE SPACEBOY COOKIE CUTTER SET,2510.0,5026.239999999998,296,0.015972372113101662
22623,BOX OF VINTAGE JIGSAW BLOCKS ,918.0,5019.669999999999,219,0.011817396935031298
22780,LIGHT GARLAND BUTTERFILES PINK,1340.0,5018.84,130,0.007014893157781136
21671,RED SPOT CERAMIC DRAWER KNOB,4061.0,5018.65,279,0.015055039930930283
22141,CHRISTMAS CRAFT TREE TOP ANGEL,2443.0,5015.079999999992,348,0.018778329376214115
21258,VICTORIAN SEWING BOX LARGE,425.0,5014.229999999999,106,0.005719835959421541
84997D,PINK 3 PIECE POLKADOT CUTLERY SET,1392.0,5010.400000000003,101,0.005450032376429959
23132,SMALL IVORY HEART WALL ORGANISER,1008.0,4989.08,141,0.007608461040362616
22109,FULL ENGLISH BREAKFAST PLATE,1381.0,4985.55,158,0.008525793222533995
20676,RED RETROSPOT BOWL,4310.0,4980.73,298,0.016080293546298294
22584,PACK OF 6 PANNETONE GIFT BOXES,2012.0,4975.029999999998,139,0.007500539607165983
21670,BLUE SPOT CERAMIC DRAWER KNOB,3962.0,4971.220000000001,289,0.015594647096913447
21844,RED RETROSPOT MUG,1813.0,4969.150000000002,134,0.007230736024174401
22296,HEART IVORY TRELLIS LARGE,3039.0,4962.4299999999985,270,0.014569393481545435
22302,COFFEE MUG PEARS  DESIGN,2287.0,4957.299999999997,190,0.01025253615368012
22907,PACK OF 20 NAPKINS PANTRY DESIGN,6088.0,4954.4200000000055,533,0.028761061946902654
21673,WHITE SPOT BLUE CERAMIC DRAWER KNOB,3971.0,4929.950000000001,276,0.014893157781135334
22839,3 TIER CAKE TIN GREEN AND CREAM,362.0,4924.660000000002,136,0.007338657457371034
23154,SET OF 4 JAM JAR MAGNETS,2441.0,4922.010000000002,214,0.011547593352039715
22429,ENAMEL MEASURING JUG CREAM,1184.0,4916.04,315,0.016997625728469676
23556,LANDMARK FRAME COVENT GARDEN ,435.0,4912.05,52,0.002805957263112454
23310,BUBBLEGUM RING ASSORTED,11891.0,4894.829999999992,213,0.0114936326354414
22366,DOORMAT AIRMAIL ,722.0,4887.8200000000015,156,0.008417871789337363
22957,SET 3 PAPER VINTAGE CHICK PAPER EGG,1746.0,4872.299999999985,196,0.010576300453270019
84212,"ASSORTED FLOWER COLOUR ""LEIS""",10297.0,4871.449999999999,103,0.0055579538096265915
22365,DOORMAT RESPECTABLE HOUSE,729.0,4865.19,126,0.00679905029138787
21242,RED RETROSPOT PLATE ,3071.0,4855.91,222,0.011979279084826246
23543,WALL ART KEEP CALM ,958.0,4853.5,74,0.0039930930282754155
21164,HOME SWEET HOME METAL SIGN ,1712.0,4844.720000000005,246,0.01327433628318584
22120,WELCOME  WOODEN BLOCK LETTERS,502.0,4826.67,167,0.009011439671918843
22595,GINGHAM HEART DECORATION,5951.0,4817.329999999991,331,0.017860997194042737
23109,PACK OF SIX LED TEA LIGHTS,1715.0,4808.550000000001,174,0.009389164688107058
23126,FELTCRAFT GIRL AMELIE KIT,982.0,4799.38,255,0.013759982732570689
21124,SET/10 BLUE POLKADOT PARTY CANDLES,3966.0,4793.34,227,0.012249082667817828
23263,SET OF 3 WOODEN HEART DECORATIONS,3717.0,4791.58,389,0.02099071875674509
22464,HANGING METAL HEART LANTERN,3179.0,4789.709999999997,277,0.01494711849773365
23162,REGENCY TEA STRAINER,1362.0,4789.24,142,0.007662421756960932
22580,ADVENT CALENDAR GINGHAM SACK,834.0,4775.779999999997,166,0.008957478955320527
21907,I'M ON HOLIDAY METAL SIGN,2292.0,4757.3499999999985,329,0.017753075760846105
22646,CERAMIC STRAWBERRY CAKE MONEY BANK,3919.0,4745.310000000001,279,0.015055039930930283
23555,LANDMARK FRAME NOTTING HILL ,419.0,4730.650000000001,48,0.0025901143967191884
23554,LANDMARK FRAME OXFORD STREET,419.0,4730.650000000001,54,0.002913878696309087
22207,FRYING PAN UNION FLAG,1199.0,4727.11,113,0.006097560975609756
22297,HEART IVORY TRELLIS SMALL,3856.0,4706.28,221,0.01192531836822793
22271,FELTCRAFT DOLL ROSIE,1648.0,4702.120000000005,256,0.013813943449169004
21172,PARTY METAL SIGN ,3330.0,4701.020000000004,371,0.020019425857975393
23052,RECYCLED ACAPULCO MAT TURQUOISE,571.0,4694.75,221,0.01192531836822793
22798,ANTIQUE GLASS DRESSING TABLE POT,1642.0,4684.0599999999995,188,0.010144614720483489
22088,PAPER BUNTING COLOURED LACE,1698.0,4683.1,169,0.009119361105115477
23295,SET OF 12 MINI LOAF BAKING CASES,5957.0,4670.630000000004,359,0.019371897258795595
22636,CHILDS BREAKFAST SET CIRCUS PARADE,565.0,4656.3,182,0.00982085042089359
21756,BATH BUILDING BLOCK WORD,778.0,4644.529999999997,242,0.013058493416792575
22998,TRAVEL CARD WALLET KEEP CALM,11645.0,4641.319999999998,437,0.02358083315346428
23314,VINTAGE CHRISTMAS TABLECLOTH,391.0,4638.52,104,0.005611914526224908
22488,NATURAL SLATE RECTANGLE CHALKBOARD,2910.0,4635.259999999997,309,0.016673861428879777
23165,LARGE CERAMIC TOP STORAGE JAR,2950.0,4617.900000000002,220,0.011871357651629614
22849,BREAD BIN DINER STYLE MINT,302.0,4612.659999999999,118,0.006367364558601338
21558,SKULL LUNCH BOX WITH CUTLERY ,1940.0,4609.4999999999945,265,0.014299589898553853
23558,LANDMARK FRAME LONDON BRIDGE ,410.0,4604.2,47,0.002536153680120872
22243,5 HOOK HANGER RED MAGIC TOADSTOOL,3054.0,4595.1,108,0.005827757392618174
22848,BREAD BIN DINER STYLE PINK,301.0,4581.4,111,0.005989639542413123
23234,BISCUIT TIN VINTAGE CHRISTMAS,1632.0,4567.379999999998,232,0.012518886250809411
23159,SET OF 5 PANCAKE DAY MAGNETS,2255.0,4562.730000000002,195,0.010522339736671703
21390,FILIGRIS HEART WITH BUTTERFLY,3778.0,4540.38,174,0.009389164688107058
23286,BLUE VINTAGE SPOT BEAKER,4901.0,4528.289999999999,164,0.008849557522123894
23569,TRADTIONAL ALPHABET STAMP SET,926.0,4497.300000000003,174,0.009389164688107058
47599A,PINK PARTY BAGS,2409.0,4481.619999999997,144,0.007770343190157565
22301,COFFEE MUG CAT + BIRD DESIGN,2098.0,4478.339999999997,181,0.009766889704295272
82552,WASHROOM METAL SIGN,2918.0,4456.5700000000015,292,0.015756529246708395
23010,CIRCUS PARADE BABY GIFT SET,285.0,4444.75,89,0.004802503777250162
22837,HOT WATER BOTTLE BABUSHKA ,983.0,4437.349999999999,133,0.007176775307576084
21937,STRAWBERRY   PICNIC BAG,1590.0,4430.500000000001,206,0.011115907619253183
21539,RED RETROSPOT BUTTER DISH,936.0,4414.800000000001,211,0.011385711202244766
22295,HEART FILIGREE DOVE LARGE,2719.0,4390.469999999997,212,0.011439671918843082
23285,PINK VINTAGE SPOT BEAKER,4679.0,4384.829999999998,132,0.007122814590977768
23176,ABC TREASURE BOOK BOX ,2088.0,4373.26,186,0.010036693287286855
84050,PINK HEART SHAPE EGG FRYING PAN,3134.0,4370.780000000005,200,0.010792143319663286
21932,SCANDINAVIAN PAISLEY PICNIC BAG,2463.0,4357.060000000002,319,0.01721346859486294
22938,CUPCAKE LACE PAPER SET 6,2321.0,4355.330000000003,170,0.009173321821713792
23198,PANTRY MAGNETIC  SHOPPING LIST,3063.0,4341.190000000008,374,0.020181308007770342
22689,DOORMAT MERRY CHRISTMAS RED ,614.0,4340.4400000000005,112,0.00604360025901144
16014,SMALL CHINESE STYLE SCISSOR,13328.0,4335.76,54,0.002913878696309087
22142,CHRISTMAS CRAFT WHITE FAIRY ,3070.0,4334.940000000002,321,0.01732139002805957
21498,RED RETROSPOT WRAP ,10522.0,4310.24,335,0.018076840060436004
22606,WOODEN SKITTLES GARDEN SET,303.0,4304.85,132,0.007122814590977768
23275,SET OF 3 HANGING OWLS OLLIE BEAK,3613.0,4291.17,270,0.014569393481545435
21933,PINK VINTAGE PAISLEY PICNIC BAG,2406.0,4289.260000000002,283,0.015270882797323549
21833,CAMOUFLAGE LED TORCH,2628.0,4278.119999999999,120,0.006475285991797971
82001S,VINYL RECORD FRAME SILVER,1236.0,4275.219999999998,86,0.004640621627455213
23288,GREEN VINTAGE SPOT BEAKER,4505.0,4261.889999999998,134,0.007230736024174401
21428,SET3 BOOK BOX GREEN GINGHAM FLOWER ,1098.0,4259.3,182,0.00982085042089359
23503,PLAYING CARDS KEEP CALM & CARRY ON,3432.0,4242.96,327,0.01764515432764947
15056P,EDWARDIAN PARASOL PINK,767.0,4242.259999999999,135,0.007284696740772718
22549,PICTURE DOMINOES,2991.0,4235.590000000002,244,0.013166414849989207
20974,12 PENCILS SMALL TUBE SKULL,6727.0,4230.55,291,0.01570256853011008
82551,LAUNDRY 15C METAL SIGN,2791.0,4229.72,253,0.013652061299374055
20979,36 PENCILS TUBE RED RETROSPOT,3518.0,4227.26,230,0.012410964817612778
84997C,BLUE 3 PIECE POLKADOT CUTLERY SET,1170.0,4213.34,97,0.005234189510036694
23530,WALL ART ONLY ONE PERSON ,1031.0,4211.549999999998,73,0.003939132311677099
22845,VINTAGE CREAM CAT FOOD CONTAINER,703.0,4201.7400000000025,235,0.01268076840060436
23494,VINTAGE DOILY DELUXE SEWING KIT ,722.0,4194.899999999995,176,0.009497086121303691
23167,SMALL CERAMIC TOP STORAGE JAR ,5666.0,4184.180000000003,177,0.009551046837902007
22082,RIBBON REEL STRIPES DESIGN ,2525.0,4154.33,334,0.018022879343837686
23389,SPACEBOY MINI BACKPACK,1030.0,4134.499999999999,201,0.010846104036261602
22626,BLACK KITCHEN SCALES,501.0,4134.03,183,0.009874811137491906
22417,PACK OF 60 SPACEBOY CAKE CASES,8097.0,4128.390000000001,407,0.021962011655514785
23404,HOME SWEET HOME BLACKBOARD,969.0,4108.579999999999,136,0.007338657457371034
22942,CHRISTMAS LIGHTS 10 SANTAS ,580.0,4100.25,131,0.007068853874379452
22898,CHILDRENS APRON APPLES DESIGN,2189.0,4097.449999999999,277,0.01494711849773365
20975,12 PENCILS SMALL TUBE RED RETROSPOT,6393.0,4096.649999999997,307,0.016565939995683142
84987,SET OF 36 TEATIME PAPER DOILIES,2926.0,4075.780000000001,240,0.012950571983595942
23397,FOOT STOOL HOME SWEET HOME ,434.0,4069.900000000001,176,0.009497086121303691
23241,TREASURE TIN GYMKHANA DESIGN,2005.0,4060.0000000000023,284,0.015324843513921865
21876,POTTERING MUG,3541.0,4049.609999999999,197,0.010630261169868337
84946,ANTIQUE SILVER TEA GLASS ETCHED,3487.0,4016.750000000002,143,0.007716382473559249
22661,CHARLOTTE BAG DOLLY GIRL DESIGN,5065.0,4011.1899999999996,343,0.018508525793222534
21086,SET/6 RED SPOTTY PAPER CUPS,6573.0,3999.0899999999974,285,0.01537880423052018
22174,PHOTO CUBE,2667.0,3997.909999999999,169,0.009119361105115477
22899,CHILDREN'S APRON DOLLY GIRL ,1981.0,3984.7800000000007,259,0.013975825598963954
20970,PINK FLORAL FELTCRAFT SHOULDER BAG,1080.0,3979.879999999999,230,0.012410964817612778
23163,REGENCY SUGAR TONGS,1714.0,3949.700000000001,134,0.007230736024174401
22721,SET OF 3 CAKE TINS SKETCHBOOK,908.0,3942.8200000000006,246,0.01327433628318584
23129,HEART SHAPED HOLLY WREATH,942.0,3933.1799999999985,165,0.00890351823872221
22748,POPPY'S PLAYHOUSE KITCHEN,1887.0,3916.9100000000008,346,0.018670407943017484
22781,GUMBALL MAGAZINE RACK,532.0,3909.1399999999976,160,0.008633714655730628
22841,ROUND CAKE TIN VINTAGE GREEN,515.0,3887.530000000002,199,0.010738182603064968
23144,ZINC T-LIGHT HOLDER STARS SMALL,4894.0,3879.980000000003,237,0.012788689833800992
23340,VINTAGE CHRISTMAS CAKE FRILL,2453.0,3879.449999999999,122,0.0065832074249946035
23486,ANTIQUE HEART SHELF UNIT,267.0,3879.1500000000005,68,0.003669328728685517
23557,LANDMARK FRAME BAKER STREET ,347.0,3867.85,29,0.0015648607813511764
22813,PACK 3 BOXES BIRD PANNETONE ,2088.0,3863.0000000000014,140,0.0075545003237643
21704,BAG 250g SWIRLY MARBLES,5004.0,3856.3800000000024,197,0.010630261169868337
72351B,SET/6 PINK  BUTTERFLY T-LIGHTS,2058.0,3856.04,156,0.008417871789337363
22061,LARGE CAKE STAND  HANGING STRAWBERY,564.0,3854.6800000000003,129,0.006960932441182819
23255,CHILDRENS CUTLERY CIRCUS PARADE,962.0,3852.4399999999996,143,0.007716382473559249
22772,PINK DRAWER KNOB ACRYLIC EDWARDIAN,3269.0,3831.7200000000003,170,0.009173321821713792
22956,36 FOIL HEART CAKE CASES,1998.0,3814.369999999999,170,0.009173321821713792
22550,HOLIDAY FUN LUDO,1102.0,3810.71,176,0.009497086121303691
22117,METAL SIGN HER DINNER IS SERVED ,1290.0,3802.5000000000005,72,0.0038851715950787825
23205,CHARLOTTE BAG VINTAGE ALPHABET ,4750.0,3784.52,323,0.017429311461256206
23283,DOORMAT VINTAGE LEAF,541.0,3766.5700000000006,121,0.006529246708396288
23012,GLASS APOTHECARY BOTTLE PERFUME,1014.0,3763.6400000000003,198,0.010684221886466653
23050,RECYCLED ACAPULCO MAT GREEN,459.0,3763.55,176,0.009497086121303691
23306,SET OF 36 DOILIES PANTRY DESIGN,2653.0,3761.9200000000064,195,0.010522339736671703
22489,PACK OF 12 TRADITIONAL CRAYONS,9313.0,3754.4699999999993,318,0.01715950787826462
23193,BUFFALO BILL TREASURE BOOK BOX,1847.0,3750.5699999999997,137,0.00739261817396935
21154,RED RETROSPOT OVEN GLOVE ,3186.0,3750.38,262,0.014137707748758903
23184,BULL DOG BOTTLE OPENER,778.0,3749.500000000001,197,0.010630261169868337
23534,WALL ART STOP FOR TEA ,688.0,3748.1799999999953,153,0.008255989639542414
22493,PAINT YOUR OWN CANVAS SET,2352.0,3737.2799999999984,176,0.009497086121303691
22951,60 CAKE CASES DOLLY GIRL DESIGN,7211.0,3735.610000000001,354,0.019102093675804014
21257,VICTORIAN SEWING BOX MEDIUM,488.0,3727.4399999999996,152,0.008202028922944096
21874,GIN AND TONIC MUG,2845.0,3715.609999999999,194,0.010468379020073387
22274,FELTCRAFT DOLL EMILY,1294.0,3711.500000000003,231,0.012464925534211094
23309,SET OF 60 I LOVE LONDON CAKE CASES ,7670.0,3697.7,294,0.01586445067990503
23351,ROLL WRAP 50'S CHRISTMAS,3054.0,3694.0200000000004,271,0.014623354198143751
22723,SET OF 6 HERB TINS SKETCHBOOK,1054.0,3686.1400000000012,235,0.01268076840060436
22656,VINTAGE BLUE KITCHEN CABINET,26.0,3685.0,20,0.0010792143319663286
22431,WATERING CAN BLUE ELEPHANT,1979.0,3682.7500000000045,275,0.014839197064537017
23110,PARISIENNE KEY CABINET ,662.0,3673.7,219,0.011817396935031298
22745,POPPY'S PLAYHOUSE BEDROOM ,1780.0,3673.1500000000005,316,0.01705158644506799
72760B,VINTAGE CREAM 3 BASKET CAKE STAND,385.0,3667.2300000000014,135,0.007284696740772718
21098,CHRISTMAS TOILET ROLL,3164.0,3665.05,163,0.008795596805525578
22980,PANTRY SCRUBBING BRUSH,2286.0,3656.9399999999987,242,0.013058493416792575
21892,TRADITIONAL WOODEN CATCH CUP GAME ,2910.0,3651.7499999999995,295,0.015918411396503344
21749,LARGE RED RETROSPOT WINDMILL,1900.0,3644.999999999998,107,0.005773796676019858
20677,PINK POLKADOT BOWL,3157.0,3640.08,220,0.011871357651629614
22649,STRAWBERRY FAIRY CAKE TEAPOT,748.0,3638.9000000000015,160,0.008633714655730628
20682,RED RETROSPOT CHILDRENS UMBRELLA,1140.0,3629.66,182,0.00982085042089359
22236,CAKE STAND 3 TIER MAGIC GARDEN,308.0,3624.5999999999995,88,0.0047485430606518456
23064,CINDERELLA CHANDELIER ,220.0,3617.6000000000004,22,0.0011871357651629614
22842,BISCUIT TIN VINTAGE RED,572.0,3609.8000000000006,146,0.007878264623354198
22628,PICNIC BOXES SET OF 3 RETROSPOT ,774.0,3607.2999999999993,118,0.006367364558601338
85049A,TRADITIONAL CHRISTMAS RIBBONS,2903.0,3602.8,266,0.014353550615152168
22053,EMPIRE DESIGN ROSETTE,4236.0,3596.4199999999996,26,0.001402978631556227
22350,ILLUSTRATED CAT BOWL ,1356.0,3586.3200000000033,88,0.0047485430606518456
23049,RECYCLED ACAPULCO MAT RED,435.0,3572.75,169,0.009119361105115477
23092,LARGE ANTIQUE WHITE PHOTO FRAME,507.0,3568.2599999999975,125,0.006745089574789553
22854,CREAM SWEETHEART EGG HOLDER,750.0,3547.3,147,0.007932225339952515
23299,FOOD COVER WITH BEADS SET 2 ,977.0,3545.17,121,0.006529246708396288
22596,CHRISTMAS STAR WISH LIST CHALKBOARD,3264.0,3535.2,234,0.012626807684006043
21260,FIRST AID TIN,1129.0,3530.35,148,0.007986186056550831
21746,SMALL RED RETROSPOT WINDMILL,2974.0,3521.7000000000003,185,0.00998273257068854
21527,RED RETROSPOT TRADITIONAL TEAPOT ,464.0,3508.8000000000025,133,0.007176775307576084
23236,STORAGE TIN VINTAGE DOILY ,1235.0,3502.1499999999987,158,0.008525793222533995
23089,GLASS BON BON JAR,2135.0,3495.2700000000004,134,0.007230736024174401
85049E,SCANDINAVIAN REDS RIBBONS,2741.0,3492.2000000000003,335,0.018076840060436004
22809,SET OF 6 T-LIGHTS SANTA,1184.0,3476.360000000002,173,0.009335203971508742
71477,COLOURED GLASS STAR T-LIGHT HOLDER,996.0,3474.8800000000006,42,0.0022663500971292897
23081,GREEN METAL BOX ARMY SUPPLIES,437.0,3474.3900000000003,111,0.005989639542413123
84792,ENCHANTED BIRD COATHANGER 5 HOOK,774.0,3470.5399999999986,190,0.01025253615368012
22371,AIRLINE BAG VINTAGE TOKYO 78,825.0,3468.63,247,0.013328296999784156
23111,PARISIENNE SEWING BOX,296.0,3464.8,124,0.006691128858191237
23349,ROLL WRAP VINTAGE CHRISTMAS,2847.0,3450.39,246,0.01327433628318584
21531,RED RETROSPOT SUGAR JAM BOWL,1469.0,3448.9499999999966,206,0.011115907619253183
84508A,CAMOUFLAGE DESIGN TEDDY,1630.0,3445.5,35,0.001888625080941075
22890,NOVELTY BISCUITS CAKE STAND 3 TIER,360.0,3445.4200000000005,143,0.007716382473559249
21588,RETROSPOT GIANT TUBE MATCHES,1494.0,3442.499999999998,132,0.007122814590977768
22688,DOORMAT PEACE ON EARTH BLUE,700.0,3442.04,27,0.0014569393481545436
23085,ANTIQUE SILVER BAUBLE LAMP  ,369.0,3437.7000000000003,72,0.0038851715950787825
23112,PARISIENNE CURIO CABINET,471.0,3437.3,183,0.009874811137491906
23130,MISTLETOE HEART WREATH GREEN,838.0,3435.6199999999994,162,0.00874163608892726
23497,CLASSIC CHROME BICYCLE BELL ,2451.0,3431.350000000002,170,0.009173321821713792
21703,BAG 125g SWIRLY MARBLES,9272.0,3431.3499999999976,243,0.013112454133390891
21928,JUMBO BAG SCANDINAVIAN PAISLEY,1945.0,3426.7499999999995,91,0.004910425210446795
22665,RECIPE BOX BLUE SKETCHBOOK DESIGN,1218.0,3422.060000000004,231,0.012464925534211094
23194,GYMKHANA TREASURE BOOK BOX,1630.0,3417.83,156,0.008417871789337363
22577,WOODEN HEART CHRISTMAS SCANDINAVIAN,9782.0,3415.9000000000037,463,0.024983811785020505
23535,WALL ART BICYCLE SAFETY,644.0,3412.5200000000013,120,0.006475285991797971
21497,FANCY FONTS BIRTHDAY WRAP,8550.0,3409.0,230,0.012410964817612778
21745,GAOLERS KEYS DECORATIVE GARDEN ,926.0,3400.94,205,0.011061946902654867
22782,SET 3 WICKER STORAGE BASKETS ,241.0,3399.949999999998,74,0.0039930930282754155
22089,PAPER BUNTING VINTAGE PAISLEY,1189.0,3395.5500000000025,180,0.009712928987696956
21463,MIRRORED DISCO BALL ,642.0,3393.4000000000005,129,0.006960932441182819
23191,BUNDLE OF 3 RETRO NOTE BOOKS,2099.0,3393.349999999997,240,0.012950571983595942
21244,BLUE POLKADOT PLATE ,2131.0,3359.4700000000003,147,0.007932225339952515
22131,FOOD CONTAINER SET 3 LOVE HEART ,1884.0,3358.7200000000003,180,0.009712928987696956
22148,EASTER CRAFT 4 CHICKS ,1813.0,3355.3500000000054,159,0.00857975393913231
22466,FAIRY TALE COTTAGE NIGHTLIGHT,2016.0,3352.8000000000025,69,0.0037232894452838335
23032,DRAWER KNOB CRACKLE GLAZE IVORY,2076.0,3348.600000000001,177,0.009551046837902007
23294,SET OF 6 SNACK LOAF BAKING CASES,4264.0,3336.940000000004,291,0.01570256853011008
23552,BICYCLE PUNCTURE REPAIR KIT ,1730.0,3336.7200000000003,103,0.0055579538096265915
22896,PEG BAG APPLES DESIGN,1390.0,3336.3699999999963,220,0.011871357651629614
22383,LUNCH BAG SUKI  DESIGN ,2118.0,3334.7000000000003,144,0.007770343190157565
22694,WICKER STAR ,1608.0,3328.7999999999997,303,0.01635009712928988
22908,PACK OF 20 NAPKINS RED APPLES,4229.0,3326.3900000000026,313,0.01688970429527304
23189,SET OF 12 FORK CANDLES,1215.0,3319.3499999999995,113,0.006097560975609756
23210,WHITE ROCKING HORSE HAND PAINTED,2750.0,3311.5,154,0.00830995035614073
23571,TRADITIONAL NAUGHTS & CROSSES,2018.0,3300.9000000000037,216,0.011655514785236349
23156,SET OF 5 MINI GROCERY MAGNETS,1631.0,3297.220000000002,184,0.009928771854090222
22926,IVORY GIANT GARDEN THERMOMETER,566.0,3295.7000000000044,182,0.00982085042089359
23091,ZINC HERB GARDEN CONTAINER,535.0,3279.82,187,0.010090654003885171
23009,I LOVE LONDON BABY GIFT SET,209.0,3262.550000000001,61,0.0032916037124973018
23332,IVORY WICKER HEART LARGE,1979.0,3255.749999999999,267,0.014407511331750486
47567B,TEA TIME KITCHEN APRON,585.0,3248.0700000000006,120,0.006475285991797971
21890,S/6 WOODEN SKITTLES IN COTTON BAG,1070.0,3247.16,173,0.009335203971508742
22435,SET OF 9 HEART SHAPED BALLOONS,2671.0,3245.79,213,0.0114936326354414
22563,HAPPY STENCIL CRAFT,2777.0,3244.6,252,0.01359810058277574
22967,SET 3 SONG BIRD PAPER EGGS ASSORTED,1159.0,3224.6499999999974,131,0.007068853874379452
22348,TEA BAG PLATE RED RETROSPOT,3861.0,3221.7900000000022,254,0.013706022015972373
21906,PHARMACIE FIRST AID TIN,483.0,3220.81,94,0.005072307360241744
22801,ANTIQUE GLASS PEDESTAL BOWL,887.0,3212.1000000000004,159,0.00857975393913231
23013,GLASS APOTHECARY BOTTLE TONIC,865.0,3211.09,180,0.009712928987696956
23230,WRAP ALPHABET DESIGN,7925.0,3196.5,232,0.012518886250809411
22738,RIBBON REEL SNOWY VILLAGE,1991.0,3193.03,176,0.009497086121303691
23426,METAL SIGN DROP YOUR PANTS,1230.0,3186.7800000000007,171,0.009227282538312108
20675,BLUE POLKADOT BOWL,2728.0,3178.65,223,0.012033239801424563
23127,FELTCRAFT GIRL NICOLE KIT,645.0,3169.79,170,0.009173321821713792
22578,WOODEN STAR CHRISTMAS SCANDINAVIAN,9628.0,3164.0800000000045,433,0.02336499028707101
23350,ROLL WRAP VINTAGE SPOT ,2584.0,3154.4000000000005,246,0.01327433628318584
23239,SET OF 4 KNICK KNACK TINS POPPIES,812.0,3142.4000000000024,155,0.008363911072739046
23388,WOODLAND MINI BACKPACK,784.0,3133.5999999999995,133,0.007176775307576084
22491,PACK OF 12 COLOURED PENCILS,3898.0,3120.6400000000012,200,0.010792143319663286
22029,SPACEBOY BIRTHDAY CARD,7834.0,3120.139999999996,394,0.021260522339736673
22432,WATERING CAN PINK BUNNY,1644.0,3092.7800000000034,234,0.012626807684006043
23308,SET OF 60 VINTAGE LEAF CAKE CASES ,5955.0,3091.6100000000024,305,0.01645801856248651
22760,"TRAY, BREAKFAST IN BED",259.0,3089.8500000000004,66,0.003561407295488884
85053,FRENCH ENAMEL CANDLEHOLDER,1541.0,3087.520000000002,233,0.012572846967407727
23353,6 GIFT TAGS VINTAGE CHRISTMAS ,3726.0,3068.820000000001,253,0.013652061299374055
23168,CLASSIC CAFE SUGAR DISPENSER,2633.0,3037.1000000000004,208,0.011223829052449816
23342,MINT DINER WALL CLOCK,363.0,3034.5,154,0.00830995035614073
22468,BABUSHKA LIGHTS STRING OF 10,467.0,3032.3900000000003,116,0.006259443125404706
84997A,GREEN 3 PIECE POLKADOT CUTLERY SET,837.0,3019.23,68,0.003669328728685517
23253,16 PIECE CUTLERY SET PANTRY DESIGN,210.0,3018.300000000001,46,0.0024821929635225554
22567,20 DOLLY PEGS RETROSPOT,2346.0,3017.5,182,0.00982085042089359
22775,PURPLE DRAWERKNOB ACRYLIC EDWARDIAN,2492.0,3017.37,145,0.007824303906755882
82580,BATHROOM METAL SIGN,5503.0,3016.9500000000007,383,0.02066695445715519
22504,CABIN BAG VINTAGE RETROSPOT,160.0,3012.4,39,0.002104467947334341
22300,COFFEE MUG DOG + BALL DESIGN,1436.0,3011.6399999999985,143,0.007716382473559249
21243,PINK  POLKADOT PLATE ,1911.0,3010.709999999999,130,0.007014893157781136
22892,SET OF SALT AND PEPPER TOADSTOOLS,2455.0,3000.35,196,0.010576300453270019
22564,ALPHABET STENCIL CRAFT,2668.0,2999.1899999999996,165,0.00890351823872221
22687,DOORMAT CHRISTMAS VILLAGE,568.0,2991.7,35,0.001888625080941075
22855,FINE WICKER HEART ,2506.0,2982.0200000000004,179,0.00965896827109864
16161P,WRAP ENGLISH ROSE ,7201.0,2980.42,248,0.013382257716382474
23065,LARGE DECO JEWELLERY STAND,246.0,2977.8,88,0.0047485430606518456
21135,VICTORIAN  METAL POSTCARD SPRING,2707.0,2973.5499999999993,162,0.00874163608892726
23237,SET OF 4 KNICK KNACK TINS LEAF,739.0,2970.8500000000004,116,0.006259443125404706
23346,SPACEBOY BEAKER,2567.0,2970.75,138,0.007446578890567667
22669,RED BABY BUNTING ,1027.0,2969.6500000000005,167,0.009011439671918843
23323,WHITE WICKER STAR ,1422.0,2954.6999999999994,270,0.014569393481545435
21385,IVORY HANGING DECORATION  HEART,3558.0,2952.5400000000004,205,0.011061946902654867
23014,GLASS APOTHECARY BOTTLE ELIXIR,798.0,2951.7799999999997,160,0.008633714655730628
22962,JAM JAR WITH PINK LID,3675.0,2947.470000000002,246,0.01327433628318584
21974,SET OF 36 PAISLEY FLOWER DOILIES,2036.0,2942.5099999999984,229,0.012357004101014462
23236,DOILEY STORAGE TIN,1082.0,2934.979999999999,112,0.00604360025901144
21868,POTTING SHED TEA MUG,2344.0,2924.48,232,0.012518886250809411
22180,RETROSPOT LAMP,299.0,2922.850000000001,131,0.007068853874379452
21429,RED GINGHAM ROSE JEWELLERY BOX,1612.0,2917.200000000001,217,0.011709475501834665
22244,3 HOOK HANGER MAGIC GARDEN,1615.0,2911.6500000000015,94,0.005072307360241744
22311,OFFICE MUG WARMER BLACK+SILVER ,1049.0,2910.75,93,0.0050183466436434275
23461,SWEETHEART BIRD HOUSE,829.0,2908.5499999999993,83,0.004478739477660264
22212,FOUR HOOK  WHITE LOVEBIRDS,1416.0,2904.8700000000003,253,0.013652061299374055
23188,VINTAGE  2 METER FOLDING RULER,1775.0,2902.4699999999984,155,0.008363911072739046
23242,TREASURE TIN BUFFALO BILL ,1430.0,2886.0800000000017,187,0.010090654003885171
22065,CHRISTMAS PUDDING TRINKET POT ,6418.0,2883.439999999999,164,0.008849557522123894
21716,BOYS VINTAGE TIN SEASIDE BUCKET,1190.0,2880.92,137,0.00739261817396935
21561,DINOSAUR LUNCH BOX WITH CUTLERY,1227.0,2868.7799999999984,167,0.009011439671918843
22812,PACK 3 BOXES CHRISTMAS PANNETONE,1531.0,2867.1500000000005,110,0.005935678825814807
23035,DRAWER KNOB CERAMIC IVORY,2035.0,2863.3900000000017,165,0.00890351823872221
21658,GLASS  BEURRE DISH,770.0,2862.22,126,0.00679905029138787
23393,HOME SWEET HOME CUSHION COVER ,763.0,2861.25,201,0.010846104036261602
22460,EMBOSSED GLASS TEALIGHT HOLDER,2368.0,2855.59,162,0.00874163608892726
23390,DOLLY GIRL MINI BACKPACK,713.0,2838.9500000000003,144,0.007770343190157565
22195,LARGE HEART MEASURING SPOONS,1696.0,2836.919999999998,220,0.011871357651629614
23283,DOORMAT VINTAGE LEAVES DESIGN ,426.0,2833.700000000002,88,0.0047485430606518456
37370,RETRO COFFEE MUGS ASSORTED,2504.0,2829.2800000000007,113,0.006097560975609756
22465,HANGING METAL STAR LANTERN,1958.0,2828.0799999999986,159,0.00857975393913231
21935,SUKI  SHOULDER BAG,1763.0,2824.37,204,0.011007986186056551
21238,RED RETROSPOT CUP,3519.0,2822.409999999998,277,0.01494711849773365
22894,TABLECLOTH RED APPLES DESIGN ,291.0,2821.9500000000007,109,0.00588171810921649
85132C,CHARLIE AND LOLA FIGURES TINS,1404.0,2817.8000000000015,126,0.00679905029138787
22219,LOVEBIRD HANGING DECORATION WHITE ,3367.0,2814.3700000000017,311,0.01678178286207641
21918,SET 12 KIDS COLOUR  CHALK STICKS,7012.0,2814.279999999999,282,0.015216922080725233
22800,ANTIQUE TALL SWIRLGLASS TRINKET POT,764.0,2813.38,138,0.007446578890567667
22079,RIBBON REEL HEARTS DESIGN ,1701.0,2808.89,225,0.012141161234621195
84692,BOX OF 24 COCKTAIL PARASOLS,6803.0,2808.569999999999,364,0.01964170084178718
23182,TOILET SIGN OCCUPIED OR VACANT,3378.0,2807.6899999999996,254,0.013706022015972373
21499,BLUE POLKADOT WRAP,6900.0,2798.0,215,0.011601554068638031
23329,DECORATIVE WICKER HEART LARGE,1701.0,2794.6499999999987,215,0.011601554068638031
23056,FLOWERS CHANDELIER T-LIGHT HOLDER,863.0,2770.91,36,0.0019425857975393912
22810,SET OF 6 T-LIGHTS SNOWMEN,900.0,2768.480000000002,137,0.00739261817396935
23290,SPACEBOY CHILDRENS BOWL,2367.0,2757.1500000000005,174,0.009389164688107058
23345, DOLLY GIRL BEAKER,2394.0,2754.5,133,0.007176775307576084
22331,WOODLAND PARTY BAG + STICKER SET,1768.0,2750.960000000001,143,0.007716382473559249
23354,6 GIFT TAGS 50'S CHRISTMAS ,3343.0,2750.9300000000035,261,0.014083747032160587
22972,CHILDREN'S SPACEBOY MUG,1688.0,2746.159999999998,178,0.009605007554500325
22823,CHEST NATURAL WOOD 20 DRAWERS,24.0,2745.0,13,0.0007014893157781135
23051,RECYCLED ACAPULCO MAT BLUE,335.0,2741.35,133,0.007176775307576084
79000,MOROCCAN TEA GLASS,3784.0,2741.200000000002,95,0.00512626807684006
21715,GIRLS VINTAGE TIN SEASIDE BUCKET,1141.0,2736.75,138,0.007446578890567667
47599B,BLUE PARTY BAGS ,1451.0,2728.9400000000005,108,0.005827757392618174
72807C,SET/3 VANILLA SCENTED CANDLE IN BOX,669.0,2727.97,112,0.00604360025901144
22778,GLASS CLOCHE SMALL,753.0,2727.95,106,0.005719835959421541
21381,MINI WOODEN HAPPY BIRTHDAY GARLAND,1695.0,2726.3099999999995,138,0.007446578890567667
22746,POPPY'S PLAYHOUSE LIVINGROOM ,1315.0,2724.620000000001,252,0.01359810058277574
23190,BUNDLE OF 3 SCHOOL EXERCISE BOOKS  ,1678.0,2691.1399999999976,179,0.00965896827109864
22843,BISCUIT TIN VINTAGE GREEN,433.0,2685.1300000000006,114,0.006151521692208072
22739,RIBBON REEL CHRISTMAS SOCK BAUBLE,1571.0,2676.3900000000003,204,0.011007986186056551
21201,TROPICAL  HONEYCOMB PAPER GARLAND ,1175.0,2672.250000000001,72,0.0038851715950787825
22990,COTTON APRON PANTRY DESIGN,602.0,2670.54,140,0.0075545003237643
23147,SINGLE ANTIQUE ROSE HOOK IVORY,1843.0,2669.9500000000025,250,0.013490179149579106
20754,RETROSPOT RED WASHING UP GLOVES,1355.0,2668.38,239,0.012896611266997626
22702,BLACK AND WHITE CAT BOWL,1357.0,2661.8999999999987,43,0.0023203108137276065
22045,SPACEBOY GIFT WRAP,6477.0,2652.34,206,0.011115907619253183
22604,SET OF 4 NAPKIN CHARMS CUTLERY,1171.0,2642.8599999999997,108,0.005827757392618174
85178,VICTORIAN SEWING KIT,2370.0,2640.9399999999996,98,0.0052881502266350095
23427,STOOL HOME SWEET HOME ,227.0,2635.8999999999996,106,0.005719835959421541
23211,RED ROCKING HORSE HAND PAINTED,2206.0,2631.5,116,0.006259443125404706
22430,ENAMEL WATERING CAN CREAM,539.0,2621.8499999999985,161,0.008687675372328944
22830,UTILTY CABINET WITH HOOKS,131.0,2610.29,6,0.00032376429958989856
22222,CAKE PLATE LOVEBIRD WHITE,824.0,2599.2,149,0.008040146773149147
22179,SET 10 LIGHTS NIGHT OWL,407.0,2593.65,77,0.004154975178070365
21500,PINK POLKADOT WRAP ,6350.0,2593.0,213,0.0114936326354414
21563,RED HEART SHAPE LOVE BUCKET ,1358.0,2591.0200000000004,134,0.007230736024174401
23053,RECYCLED ACAPULCO MAT PINK,318.0,2589.9,129,0.006960932441182819
22078,RIBBON REEL LACE DESIGN ,1288.0,2584.8,143,0.007716382473559249
22777,GLASS CLOCHE LARGE,329.0,2581.45,41,0.0022123893805309734
23164,REGENCY CAKE SLICE,564.0,2579.2099999999996,80,0.004316857327865314
22700,BLACK AND WHITE DOG BOWL,1192.0,2578.78,48,0.0025901143967191884
22906,12 MESSAGE CARDS WITH ENVELOPES,1621.0,2578.6499999999987,187,0.010090654003885171
23534,STOP FOR TEA WALL ART,518.0,2572.699999999999,41,0.0022123893805309734
21115,ROSE CARAVAN DOORSTOP,519.0,2567.6099999999997,129,0.006960932441182819
23212,HEART WREATH DECORATION WITH BELL,2163.0,2562.63,144,0.007770343190157565
22187,GREEN CHRISTMAS TREE CARD HOLDER,1183.0,2562.2700000000013,145,0.007824303906755882
23100,SILVER BELLS TABLE DECORATION,2090.0,2562.1,213,0.0114936326354414
23395,BELLE JARDINIERE CUSHION COVER,683.0,2555.73,175,0.009443125404705375
21735,TWO DOOR CURIO CABINET,210.0,2551.95,82,0.004424778761061947
20973,12 PENCIL SMALL TUBE WOODLAND,3998.0,2545.3,276,0.014893157781135334
21985,PACK OF 12 HEARTS DESIGN TISSUES ,8541.0,2542.170000000002,354,0.019102093675804014
72802C,VANILLA SCENT CANDLE JEWELLED BOX,1374.0,2541.12,88,0.0047485430606518456
23266,SET OF 3 WOODEN STOCKING DECORATION,1964.0,2529.64,274,0.0147852363479387
20829,GLITTER HANGING BUTTERFLY STRING,1264.0,2528.3900000000003,163,0.008795596805525578
23146,TRIPLE HOOK ANTIQUE IVORY ROSE,778.0,2526.0199999999995,211,0.011385711202244766
82600,N0 SINGING METAL SIGN,1197.0,2523.7800000000007,35,0.001888625080941075
22072,RED RETROSPOT TEA CUP AND SAUCER ,807.0,2519.19,139,0.007500539607165983
22930,BAKING MOULD HEART MILK CHOCOLATE,1040.0,2513.119999999999,145,0.007824303906755882
22925,BLUE GIANT GARDEN THERMOMETER,426.0,2511.7200000000003,162,0.00874163608892726
22179,SET 10 NIGHT OWL LIGHTS,388.0,2510.34,101,0.005450032376429959
22833,HALL CABINET WITH 3 DRAWERS,75.0,2503.5299999999993,4,0.0002158428663932657
22354,RETROSPOT PADDED SEAT CUSHION,700.0,2502.82,65,0.003507446578890568
23333,IVORY WICKER HEART MEDIUM,2009.0,2498.65,216,0.011655514785236349
22582,PACK OF 6 SWEETIE GIFT BOXES,1029.0,2496.7599999999993,77,0.004154975178070365
21976,PACK OF 60 MUSHROOM CAKE CASES,4936.0,2496.080000000001,276,0.014893157781135334
20828,GLITTER BUTTERFLY CLIPS,1010.0,2489.1,177,0.009551046837902007
22433,WATERING CAN GREEN DINOSAUR,1341.0,2487.5300000000016,189,0.010198575437081804
21240,BLUE POLKADOT CUP,3153.0,2484.529999999999,215,0.011601554068638031
22797,CHEST OF DRAWERS GINGHAM HEART ,146.0,2459.040000000001,79,0.0042628966112669975
20717,STRAWBERRY SHOPPER BAG,2034.0,2453.38,231,0.012464925534211094
22974,CHILDRENS DOLLY GIRL MUG,1514.0,2443.139999999999,157,0.008471832505935679
22360,GLASS JAR ENGLISH CONFECTIONERY,880.0,2438.200000000001,143,0.007716382473559249
22963,JAM JAR WITH GREEN LID,3046.0,2433.880000000002,209,0.011277789769048132
23681,LUNCH BAG RED VINTAGE DOILY,1547.0,2432.55,118,0.006367364558601338
23407,SET OF 2 TRAYS HOME SWEET HOME,248.0,2426.7200000000016,118,0.006367364558601338
22965,3 TRADITIONAl BISCUIT CUTTERS  SET,1154.0,2418.020000000002,202,0.010900064752859918
47559B,TEA TIME OVEN GLOVE,2001.0,2412.92,241,0.01300453270019426
21810,CHRISTMAS HANGING STAR WITH BELL,5200.0,2402.1200000000017,173,0.009335203971508742
23542,WALL ART 70'S ALPHABET ,334.0,2399.58,55,0.0029678394129074035
22822,CREAM WALL PLANTER HEART SHAPED,416.0,2396.710000000001,144,0.007770343190157565
23264,SET OF 3 WOODEN SLEIGH DECORATIONS,1842.0,2396.7000000000003,249,0.01343621843298079
22945,CHRISTMAS METAL TAGS ASSORTED ,2857.0,2395.930000000001,136,0.007338657457371034
72351A,SET/6 TURQUOISE BUTTERFLY T-LIGHTS,1234.0,2384.7599999999993,133,0.007176775307576084
22175,PINK OWL SOFT TOY,839.0,2379.05,139,0.007500539607165983
22794,SWEETHEART WIRE MAGAZINE RACK,300.0,2373.0000000000005,157,0.008471832505935679
23535,BICYCLE SAFTEY WALL ART,458.0,2371.9400000000005,39,0.002104467947334341
21411,GINGHAM HEART  DOORSTOP RED,714.0,2371.2599999999998,185,0.00998273257068854
22937,BAKING MOULD CHOCOLATE CUPCAKES,915.0,2358.889999999998,133,0.007176775307576084
21903,MAN FLU METAL SIGN,1127.0,2356.3800000000015,153,0.008255989639542414
21495,SKULLS AND CROSSBONES WRAP,5800.0,2356.0,165,0.00890351823872221
23292,SPACEBOY CHILDRENS CUP,1951.0,2343.0699999999997,159,0.00857975393913231
21116,OWL DOORSTOP,489.0,2339.190000000001,117,0.0063134038420030215
23131,MISTLETOE HEART WREATH CREAM,575.0,2332.13,103,0.0055579538096265915
16156S,WRAP PINK FAIRY CAKES ,5800.0,2331.0,167,0.009011439671918843
22327,ROUND SNACK BOXES SET OF 4 SKULLS,821.0,2325.9500000000007,162,0.00874163608892726
21730,GLASS STAR FROSTED T-LIGHT HOLDER,497.0,2319.1900000000005,119,0.006421325275199655
23341,PINK DINER WALL CLOCK,281.0,2317.1,98,0.0052881502266350095
22644,CERAMIC CHERRY CAKE MONEY BANK,2043.0,2315.729999999999,188,0.010144614720483489
22610,PENS ASSORTED FUNNY FACE,9110.0,2313.7400000000007,171,0.009227282538312108
23570,TRADITIONAL PICK UP STICKS GAME ,1836.0,2295.0,231,0.012464925534211094
22774,RED DRAWER KNOB ACRYLIC EDWARDIAN,1983.0,2292.27,97,0.005234189510036694
22902,TOTE BAG I LOVE LONDON,1204.0,2289.7800000000007,94,0.005072307360241744
21110,LARGE CAKE TOWEL PINK SPOTS,774.0,2288.2999999999997,78,0.004208935894668682
22927,GREEN GIANT GARDEN THERMOMETER,395.0,2278.249999999999,129,0.006960932441182819
23437, 50'S CHRISTMAS GIFT BAG LARGE,1885.0,2272.25,109,0.00588171810921649
22933,BAKING MOULD EASTER EGG MILK CHOC,876.0,2272.2,91,0.004910425210446795
23412,HEART MIRROR ANTIQUE WHITE,351.0,2269.14,71,0.003831210878480466
22380,TOY TIDY SPACEBOY  ,1152.0,2266.3500000000004,195,0.010522339736671703
23526,WALL ART DOG LICENCE ,474.0,2265.1800000000003,62,0.0033455644290956185
22437,SET OF 9 BLACK SKULL BALLOONS,2725.0,2261.6500000000005,173,0.009335203971508742
22691,DOORMAT WELCOME SUNRISE,343.0,2260.6899999999996,95,0.00512626807684006
22215,CAKE STAND WHITE TWO TIER LACE,330.0,2254.5,89,0.004802503777250162
35004B,SET OF 3 BLACK FLYING DUCKS,475.0,2251.15,47,0.002536153680120872
21875,KINGS CHOICE MUG,2000.0,2249.5600000000004,111,0.005989639542413123
46000S,POLYESTER FILLER PAD 40x40cm,1551.0,2248.95,182,0.00982085042089359
23048,SET OF 10 LANTERNS FAIRY LIGHT STAR,560.0,2248.1399999999994,85,0.004586660910856896
23400,SHELF WITH 4 HOOKS HOME SWEET HOME,448.0,2247.36,95,0.00512626807684006
23489,VINTAGE BELLS GARLAND,784.0,2246.5599999999995,127,0.006853011007986186
22440,BALLOON WATER BOMB PACK OF 35,5873.0,2244.0600000000004,138,0.007446578890567667
22645,CERAMIC HEART FAIRY CAKE MONEY BANK,1748.0,2243.939999999999,233,0.012572846967407727
23196,VINTAGE LEAF MAGNETIC NOTEPAD,1593.0,2242.65,211,0.011385711202244766
20983,12 PENCILS TALL TUBE RED RETROSPOT,2643.0,2240.310000000001,234,0.012626807684006043
22426,ENAMEL WASH BOWL CREAM,659.0,2228.05,144,0.007770343190157565
22672,FRENCH BATHROOM SIGN BLUE METAL,1382.0,2227.619999999998,158,0.008525793222533995
22773,GREEN DRAWER KNOB ACRYLIC EDWARDIAN,1840.0,2227.52,145,0.007824303906755882
85062,PEARL CRYSTAL PUMPKIN T-LIGHT HLDR,1368.0,2214.8699999999985,132,0.007122814590977768
23316,RED REFECTORY CLOCK ,235.0,2212.25,95,0.00512626807684006
21107,CREAM SLICE FLANNEL PINK SPOT ,837.0,2209.9500000000003,62,0.0033455644290956185
23498,CLASSIC BICYCLE CLIPS ,1587.0,2200.15,86,0.004640621627455213
23188,VINTAGE  2 METRE FOLDING RULER,1321.0,2197.6899999999987,127,0.006853011007986186
84509A,SET OF 4 ENGLISH ROSE PLACEMATS,612.0,2194.6400000000003,139,0.007500539607165983
22670,FRENCH WC SIGN BLUE METAL,1753.0,2192.7400000000002,208,0.011223829052449816
23054,RECYCLED ACAPULCO MAT LAVENDER,266.0,2189.7,109,0.00588171810921649
22329,ROUND CONTAINER SET OF 5 RETROSPOT,1386.0,2181.2999999999984,151,0.00814806820634578
23330,DECORATIVE WICKER HEART MEDIUM,1751.0,2181.19,195,0.010522339736671703
23079,TOADSTOOL BEDSIDE LIGHT ,246.0,2180.7000000000003,103,0.0055579538096265915
84832,ZINC WILLIE WINKIE  CANDLE STICK,2606.0,2176.1000000000004,188,0.010144614720483489
22776,SWEETHEART 3 TIER CAKE STAND ,222.0,2174.1000000000013,122,0.0065832074249946035
22660,DOORMAT I LOVE LONDON,327.0,2157.33,69,0.0037232894452838335
22704,WRAP RED APPLES ,5250.0,2157.0,173,0.009335203971508742
23401,RUSTIC MIRROR WITH LACE HEART,443.0,2155.51,70,0.00377725016188215
23265,SET OF 3 WOODEN TREE DECORATIONS,1665.0,2153.71,246,0.01327433628318584
21896,POTTING SHED TWINE,946.0,2152.199999999999,89,0.004802503777250162
23406,HOME SWEET HOME KEY HOLDER,434.0,2148.54,94,0.005072307360241744
22241,GARLAND WOODEN HAPPY EASTER,1762.0,2147.78,165,0.00890351823872221
22476,EMPIRE UNION JACK TV DINNER TRAY,810.0,2145.8199999999997,78,0.004208935894668682
22851,SET 20 NAPKINS FAIRY CAKES DESIGN ,2601.0,2141.4300000000003,286,0.015432764947118498
21452,TOADSTOOL MONEY BOX,745.0,2140.150000000001,133,0.007176775307576084
21592,RETROSPOT CIGAR BOX MATCHES ,2138.0,2135.3199999999997,210,0.01133175048564645
22064,PINK DOUGHNUT TRINKET POT ,1602.0,2132.7,164,0.008849557522123894
23445,ICE CREAM BUBBLES,2647.0,2131.0099999999984,94,0.005072307360241744
35961,FOLKART ZINC HEART CHRISTMAS DEC,2679.0,2127.3900000000012,153,0.008255989639542414
23252,VINTAGE RED ENAMEL TRIM JUG ,578.0,2123.34,123,0.00663716814159292
23093,SMALL PARISIENNE HEART PHOTO FRAME ,915.0,2122.670000000001,123,0.00663716814159292
22030,SWALLOWS GREETING CARD,5337.0,2120.5499999999993,242,0.013058493416792575
21625,VINTAGE UNION JACK APRON,303.0,2112.3900000000003,113,0.006097560975609756
23232,WRAP VINTAGE LEAF DESIGN,5251.0,2109.42,134,0.007230736024174401
23233,WRAP POPPIES  DESIGN,5175.0,2105.5,158,0.008525793222533995
23501,KEY RING BASEBALL BOOT UNION JACK,1770.0,2103.3,85,0.004586660910856896
21313,GLASS HEART T-LIGHT HOLDER ,2828.0,2097.710000000001,129,0.006960932441182819
22548,HEADS AND TAILS SPORTING FUN,1871.0,2095.46,179,0.00965896827109864
23046,PAPER LANTERN 9 POINT DELUXE STAR,347.0,2091.55,34,0.0018346643643427584
84568,GIRLS ALPHABET IRON ON PATCHES ,11040.0,2088.0,23,0.0012410964817612777
22425,ENAMEL COLANDER CREAM,434.0,2086.110000000001,141,0.007608461040362616
21109,LARGE CAKE TOWEL CHOCOLATE SPOTS,829.0,2082.1499999999996,64,0.003453485862292251
22378,WALL TIDY RETROSPOT ,1680.0,2082.0599999999995,103,0.0055579538096265915
23526,DOG LICENCE WALL ART,408.0,2081.6399999999994,29,0.0015648607813511764
21934,SKULL SHOULDER BAG,1288.0,2081.2,143,0.007716382473559249
22737,RIBBON REEL CHRISTMAS PRESENT ,1226.0,2073.7400000000007,187,0.010090654003885171
23504,PLAYING CARDS JUBILEE UNION JACK,1661.0,2073.73,190,0.01025253615368012
23536,VILLAGE SHOW WALL ART,386.0,2072.4199999999996,18,0.0009712928987696956
22762,CUPBOARD 3 DRAWER MA CAMPAGNE,145.0,2070.9500000000007,87,0.004694582344053529
21609,SET 12 LAVENDER  BOTANICAL T-LIGHTS,760.0,2069.2000000000007,73,0.003939132311677099
22983,CARD BILLBOARD FONT,5026.0,2067.749999999998,332,0.017914957910641054
23436,VINTAGE CHRISTMAS GIFT BAG LARGE ,1781.0,2066.65,83,0.004478739477660264
85175,CACTI T-LIGHT CANDLES,5185.0,2065.220000000002,130,0.007014893157781136
21794,CLASSIC FRENCH STYLE BASKET NATURAL,501.0,2064.4700000000003,93,0.0050183466436434275
22441,GROW YOUR OWN BASIL IN ENAMEL MUG,990.0,2061.000000000001,167,0.009011439671918843
23029,DRAWER KNOB CRACKLE GLAZE GREEN,1272.0,2060.399999999999,136,0.007338657457371034
21239,PINK  POLKADOT CUP,2572.0,2049.6999999999994,201,0.010846104036261602
21069,VINTAGE BILLBOARD TEA MUG,1867.0,2047.8000000000002,51,0.002751996546514138
22829,SWEETHEART WIRE WALL TIDY,213.0,2046.8500000000008,97,0.005234189510036694
22283,6 EGG HOUSE PAINTED WOOD,256.0,2043.04,117,0.0063134038420030215
22128,PARTY CONES CANDY ASSORTED,1729.0,2042.69,72,0.0038851715950787825
84596B,SMALL DOLLY MIX DESIGN ORANGE BOWL,4436.0,2040.190000000002,361,0.01947981869199223
22573,STAR WOODEN CHRISTMAS DECORATION,2440.0,2036.5600000000004,154,0.00830995035614073
37448,CERAMIC CAKE DESIGN SPOTTED MUG,1399.0,2035.5500000000015,154,0.00830995035614073
22070,SMALL RED RETROSPOT MUG IN BOX ,873.0,2030.6799999999998,84,0.0045327001942585795
22483,RED GINGHAM TEDDY BEAR ,722.0,2029.980000000001,130,0.007014893157781136
85184C,S/4 VALENTINE DECOUPAGE HEART BOX,1368.0,2025.100000000002,92,0.004964385927045111
23438, RED SPOT GIFT BAG LARGE,1686.0,2023.5,92,0.004964385927045111
22653,BUTTON BOX ,1071.0,2020.71,118,0.006367364558601338
22743,MAKE YOUR OWN FLOWERPOWER CARD KIT,863.0,2018.81,148,0.007986186056550831
23543,KEEP CALM WALL ART ,269.0,2015.9700000000003,20,0.0010792143319663286
20978,36 PENCILS TUBE SKULLS,1627.0,2009.43,179,0.00965896827109864
22196,SMALL HEART MEASURING SPOONS,2379.0,2008.6300000000012,247,0.013328296999784156
22075,6 RIBBONS ELEGANT CHRISTMAS ,1538.0,2004.9199999999996,120,0.006475285991797971
22959,WRAP CHRISTMAS VILLAGE,4876.0,2003.92,140,0.0075545003237643
21980,PACK OF 12 RED RETROSPOT TISSUES ,6521.0,2002.730000000001,250,0.013490179149579106
23326,HANGING MINI COLOURED BOTTLES,3369.0,1999.5900000000001,55,0.0029678394129074035
23152,IVORY SWEETHEART WIRE LETTER RACK ,541.0,1998.5100000000002,149,0.008040146773149147
22920,HERB MARKER BASIL,3325.0,1997.7499999999998,188,0.010144614720483489
21781,MA CAMPAGNE CUTLERY BOX,137.0,1997.5500000000006,81,0.00437081804446363
82581,TOILET METAL SIGN,3749.0,1997.1300000000012,302,0.01629613641269156
21982,PACK OF 12 SUKI TISSUES ,6907.0,1995.050000000001,259,0.013975825598963954
22811,SET OF 6 T-LIGHTS CACTI ,775.0,1987.9299999999998,55,0.0029678394129074035
85038,6 CHOCOLATE LOVE HEART T-LIGHTS,1014.0,1985.8600000000008,110,0.005935678825814807
84950,ASSORTED COLOUR T-LIGHT HOLDER,3349.0,1983.1699999999996,87,0.004694582344053529
23302,KNEELING MAT HOUSEWORK  DESIGN,1473.0,1980.7099999999987,187,0.010090654003885171
23403,LETTER HOLDER HOME SWEET HOME,595.0,1980.3099999999997,110,0.005935678825814807
23268,SET OF 2 CERAMIC CHRISTMAS REINDEER,1434.0,1980.1800000000007,78,0.004208935894668682
22914,BLUE COAT RACK PARIS FASHION,427.0,1974.6900000000016,134,0.007230736024174401
22185,SLATE TILE NATURAL HANGING,1390.0,1974.1999999999998,126,0.00679905029138787
21878,PACK OF 6 SANDCASTLE FLAGS ASSORTED,2396.0,1972.900000000002,152,0.008202028922944096
21078,SET/20 STRAWBERRY PAPER NAPKINS ,2483.0,1972.7300000000018,201,0.010846104036261602
37500,TEA TIME TEAPOT IN GIFT BOX,338.0,1972.4599999999998,80,0.004316857327865314
22224,WHITE LOVEBIRD LANTERN,687.0,1970.65,115,0.006205482408806389
20977,36 PENCILS TUBE WOODLAND,1595.0,1969.43,142,0.007662421756960932
23031,DRAWER KNOB CRACKLE GLAZE PINK,1216.0,1967.999999999999,136,0.007338657457371034
23424,GINGHAM RECIPE BOOK BOX,409.0,1966.95,103,0.0055579538096265915
85174,S/4 CACTI CANDLES,493.0,1965.8700000000001,80,0.004316857327865314
23490,T-LIGHT HOLDER HANGING LOVE BIRD,533.0,1965.63,95,0.00512626807684006
23020,GLASS  SONGBIRD STORAGE JAR,165.0,1965.3000000000002,69,0.0037232894452838335
22935,BAKING MOULD ROSE MILK CHOCOLATE,673.0,1964.25,52,0.002805957263112454
23352,ROLL WRAP 50'S RED CHRISTMAS ,1593.0,1961.0100000000002,162,0.00874163608892726
22059,CERAMIC STRAWBERRY DESIGN MUG,1739.0,1960.4700000000007,142,0.007662421756960932
22831,WHITE BROCANTE SOAP DISH,684.0,1960.2000000000003,104,0.005611914526224908
21900,"KEY FOB , SHED",3081.0,1959.13,265,0.014299589898553853
11001,ASSTD DESIGN RACING CAR PEN,1252.0,1953.0,62,0.0033455644290956185
23396,LE JARDIN BOTANIQUE CUSHION COVER,521.0,1948.23,139,0.007500539607165983
23227,FILIGREE HEART BUTTERFLY WHITE ,1592.0,1947.0600000000002,87,0.004694582344053529
23374,RED SPOT PAPER GIFT BAG,2444.0,1944.0800000000008,122,0.0065832074249946035
22863,SOAP DISH BROCANTE,691.0,1942.45,93,0.0050183466436434275
23251,VINTAGE RED ENAMEL TRIM MUG ,1633.0,1940.45,101,0.005450032376429959
22824,3 TIER SWEETHEART GARDEN SHELF,55.0,1938.2500000000005,43,0.0023203108137276065
22932,BAKING MOULD TOFFEE CUP CHOCOLATE,866.0,1935.5999999999997,63,0.003399525145693935
21033,JUMBO BAG CHARLIE AND LOLA TOYS,921.0,1932.67,108,0.005827757392618174
23360,SET 8 CANDLES VINTAGE DOILY,1024.0,1931.999999999999,100,0.005396071659831643
22732,3D VINTAGE CHRISTMAS STICKERS ,1522.0,1930.3799999999999,126,0.00679905029138787
22478,BIRDHOUSE GARDEN MARKER ,1411.0,1929.35,76,0.004101014461472048
23500,KEY RING BASEBALL BOOT ASSORTED ,1580.0,1928.8,84,0.0045327001942585795
21993,FLORAL FOLK STATIONERY SET,1360.0,1927.35,205,0.011061946902654867
22121,NOEL WOODEN BLOCK LETTERS ,332.0,1924.94,114,0.006151521692208072
22509,SEWING BOX RETROSPOT DESIGN ,203.0,1923.85,80,0.004316857327865314
23213,STAR WREATH DECORATION WITH BELL,1594.0,1921.94,121,0.006529246708396288
85049G,CHOCOLATE BOX RIBBONS ,1573.0,1917.58,227,0.012249082667817828
20751,FUNKY WASHING UP GLOVES ASSORTED,941.0,1917.0600000000013,171,0.009227282538312108
23231,WRAP DOILEY DESIGN,4675.0,1915.5,162,0.00874163608892726
22973,CHILDREN'S CIRCUS PARADE MUG,1186.0,1914.579999999999,110,0.005935678825814807
22955,36 FOIL STAR CAKE CASES ,997.0,1912.3400000000008,106,0.005719835959421541
22805,BLUE DRAWER KNOB ACRYLIC EDWARDIAN,1560.0,1906.68,122,0.0065832074249946035
21811,HANGING HEART WITH BELL,4112.0,1906.5800000000008,138,0.007446578890567667
23197,SKETCHBOOK MAGNETIC SHOPPING LIST,1318.0,1900.9399999999998,180,0.009712928987696956
23161,REGENCY CAKE FORK,1608.0,1896.6,68,0.003669328728685517
23145,ZINC T-LIGHT HOLDER STAR LARGE,2030.0,1896.5399999999986,148,0.007986186056550831
21506,"FANCY FONT BIRTHDAY CARD, ",4704.0,1895.7600000000011,250,0.013490179149579106
23315,IVORY REFECTORY CLOCK,202.0,1894.6999999999998,76,0.004101014461472048
16169E,WRAP 50'S  CHRISTMAS,4563.0,1892.46,149,0.008040146773149147
22744,MAKE YOUR OWN MONSOON CARD KIT,830.0,1892.1400000000003,146,0.007878264623354198
22592,CARDHOLDER HOLLY WREATH METAL,506.0,1886.08,91,0.004910425210446795
35004C,SET OF 3 COLOURED  FLYING DUCKS,393.0,1882.6499999999999,38,0.002050507230736024
22733,3D TRADITIONAL CHRISTMAS STICKERS,1471.0,1882.31,141,0.007608461040362616
84880,WHITE WIRE EGG HOLDER,301.0,1881.15,65,0.003507446578890568
23291,DOLLY GIRL CHILDRENS CUP,1548.0,1880.1399999999999,144,0.007770343190157565
22080,RIBBON REEL POLKADOTS ,1167.0,1877.5499999999995,126,0.00679905029138787
22996,TRAVEL CARD WALLET VINTAGE TICKET,4540.0,1875.1200000000003,292,0.015756529246708395
21249,WOODLAND  HEIGHT CHART STICKERS ,672.0,1874.4000000000008,79,0.0042628966112669975
22931,BAKING MOULD HEART WHITE CHOCOLATE,792.0,1873.5099999999984,110,0.005935678825814807
40016,CHINESE DRAGON PAPER LANTERNS,5524.0,1870.6999999999994,75,0.004047053744873732
23274,STAR T-LIGHT HOLDER WILLIE WINKIE,1139.0,1870.1099999999994,98,0.0052881502266350095
22374,AIRLINE BAG VINTAGE JET SET RED,445.0,1870.09,156,0.008417871789337363
22792,FLUTED ANTIQUE CANDLE HOLDER,2289.0,1867.9099999999994,128,0.006906971724584502
71459,HANGING JAM JAR T-LIGHT HOLDERS,2413.0,1867.3300000000006,69,0.0037232894452838335
23491,VINTAGE JINGLE BELLS HEART,226.0,1864.5,76,0.004101014461472048
21556,CERAMIC STRAWBERRY MONEY BOX,804.0,1859.3999999999999,47,0.002536153680120872
22763,KEY CABINET MA CAMPAGNE,190.0,1855.6999999999994,93,0.0050183466436434275
23289,DOLLY GIRL CHILDRENS BOWL,1553.0,1854.8500000000001,141,0.007608461040362616
23068,ALUMINIUM STAMPED HEART,771.0,1852.5500000000004,124,0.006691128858191237
22574,HEART WOODEN CHRISTMAS DECORATION,2121.0,1851.9900000000002,157,0.008471832505935679
22897,OVEN MITT APPLES DESIGN,1296.0,1847.7599999999998,172,0.009281243254910426
20992,JAZZ HEARTS PURSE NOTEBOOK,4339.0,1845.8699999999994,244,0.013166414849989207
23094,LE GRAND TRAY CHIC SET,147.0,1837.5,74,0.0039930930282754155
37450,CERAMIC CAKE BOWL + HANGING CAKES,665.0,1832.15,98,0.0052881502266350095
23357,HOT WATER BOTTLE SEX BOMB,432.0,1832.0,88,0.0047485430606518456
23066,SMALL DECO JEWELLERY STAND,229.0,1831.6499999999999,70,0.00377725016188215
23235,STORAGE TIN VINTAGE LEAF,702.0,1831.0999999999995,93,0.0050183466436434275
47504K,ENGLISH ROSE GARDEN SECATEURS,1957.0,1825.9900000000002,174,0.009389164688107058
22601,CHRISTMAS RETROSPOT ANGEL WOOD,2235.0,1824.8700000000013,150,0.008094107489747464
22859,EASTER TIN BUNNY BOUQUET,1144.0,1822.8000000000018,127,0.006853011007986186
23075,PARLOUR CERAMIC WALL HOOK,443.0,1819.25,72,0.0038851715950787825
22571,ROCKING HORSE RED CHRISTMAS ,2200.0,1807.6000000000004,176,0.009497086121303691
22736,RIBBON REEL MAKING SNOWMEN ,1091.0,1807.31,152,0.008202028922944096
23367,SET 12 COLOUR PENCILS SPACEBOY ,2778.0,1803.3000000000015,231,0.012464925534211094
21042,RED RETROSPOT APRON ,302.0,1796.8999999999996,105,0.005665875242823225
22747,POPPY'S PLAYHOUSE BATHROOM,876.0,1794.600000000001,169,0.009119361105115477
84968A,SET OF 16 VINTAGE ROSE CUTLERY,147.0,1787.85,48,0.0025901143967191884
22807,SET OF 6 T-LIGHTS TOADSTOOLS,669.0,1786.19,107,0.005773796676019858
10135,COLOURING PENCILS BROWN TUBE,1936.0,1784.19,117,0.0063134038420030215
21112,SWISS ROLL TOWEL PINK  SPOTS,666.0,1782.18,27,0.0014569393481545436
22536,MAGIC DRAWING SLATE PURDEY,4718.0,1780.9199999999996,144,0.007770343190157565
22412,METAL SIGN NEIGHBOURHOOD WITCH ,874.0,1778.4000000000008,113,0.006097560975609756
23371,SET 36 COLOUR PENCILS SPACEBOY ,1498.0,1775.2200000000003,133,0.007176775307576084
21916,SET 12 RETRO WHITE CHALK STICKS,4362.0,1771.12,248,0.013382257716382474
23005,TRAVEL CARD WALLET I LOVE LONDON,4346.0,1767.72,175,0.009443125404705375
22477,WATERING CAN GARDEN MARKER,1280.0,1765.6,70,0.00377725016188215
37446,MINI CAKE STAND WITH HANGING CAKES,1290.0,1764.9000000000005,148,0.007986186056550831
22291,HANGING CHICK CREAM DECORATION,1215.0,1761.749999999999,90,0.004856464493848478
51014A,"FEATHER PEN,HOT PINK",3573.0,1758.8899999999994,157,0.008471832505935679
21622,VINTAGE UNION JACK CUSHION COVER,358.0,1755.2999999999993,92,0.004964385927045111
23028,DRAWER KNOB CRACKLE GLAZE BLUE,1079.0,1751.79,111,0.005989639542413123
72802B,OCEAN SCENT CANDLE IN JEWELLED BOX,968.0,1749.94,75,0.004047053744873732
21873,IF YOU CAN'T STAND THE HEAT MUG,1583.0,1748.5900000000001,88,0.0047485430606518456
21584,RETROSPOT SMALL TUBE MATCHES,1059.0,1743.3499999999997,146,0.007878264623354198
22710,WRAP I LOVE LONDON ,4425.0,1742.5,100,0.005396071659831643
21034,REX CASH+CARRY JUMBO SHOPPER,1832.0,1740.3999999999965,859,0.04635225555795381
22534,MAGIC DRAWING SLATE SPACEBOY ,4331.0,1735.4999999999995,202,0.010900064752859918
22593,CHRISTMAS GINGHAM STAR,2047.0,1735.270000000001,138,0.007446578890567667
21990,MODERN FLORAL STATIONERY SET,1212.0,1734.6,177,0.009551046837902007
22788,BROCANTE COAT RACK,205.0,1734.0500000000004,46,0.0024821929635225554
15044D,RED PAPER PARASOL,629.0,1732.7900000000004,73,0.003939132311677099
22639,SET OF 4 NAPKIN CHARMS HEARTS,762.0,1730.8199999999997,127,0.006853011007986186
23228,FILIGREE HEART BIRD WHITE ,1397.0,1726.3000000000002,78,0.004208935894668682
22588,CARD HOLDER GINGHAM HEART,602.0,1724.4199999999996,135,0.007284696740772718
22186,RED STAR CARD HOLDER,801.0,1723.7900000000006,118,0.006367364558601338
23090,VINTAGE GLASS T-LIGHT HOLDER,2129.0,1722.7900000000002,122,0.0065832074249946035
21845,DAIRY MAID STRIPE MUG,1906.0,1720.3000000000006,82,0.004424778761061947
22466,FAIRY TALE COTTAGE NIGHT LIGHT,912.0,1717.1999999999998,81,0.00437081804446363
22803,IVORY EMBROIDERED QUILT ,46.0,1715.9000000000003,25,0.0013490179149579107
23359,SET OF 12 T-LIGHTS VINTAGE DOILY,915.0,1715.85,70,0.00377725016188215
22858,EASTER TIN KEEPSAKE,1078.0,1713.900000000002,110,0.005935678825814807
23148,MINIATURE ANTIQUE ROSE HOOK IVORY,2065.0,1711.5500000000006,230,0.012410964817612778
23128,FELTCRAFT BOY JEAN-PAUL KIT,349.0,1711.23,117,0.0063134038420030215
22562,MONSTERS STENCIL CRAFT,1390.0,1710.42,190,0.01025253615368012
22115,METAL SIGN EMPIRE TEA,1495.0,1706.8100000000004,183,0.009874811137491906
20982,12 PENCILS TALL TUBE SKULLS,2014.0,1705.66,215,0.011601554068638031
22712,CARD DOLLY GIRL ,4271.0,1701.209999999999,213,0.0114936326354414
22119,PEACE WOODEN BLOCK LETTERS,342.0,1699.6599999999999,103,0.0055579538096265915
21471,STRAWBERRY RAFFIA FOOD COVER,493.0,1695.15,92,0.004964385927045111
22027,TEA PARTY BIRTHDAY CARD,4141.0,1692.7100000000005,262,0.014137707748758903
21586,KINGS CHOICE GIANT TUBE MATCHES,731.0,1691.2500000000005,66,0.003561407295488884
16161U,WRAP SUKI AND FRIENDS,4075.0,1687.5,134,0.007230736024174401
21564,PINK  HEART SHAPE LOVE BUCKET ,1016.0,1686.52,103,0.0055579538096265915
23358,HOT STUFF HOT WATER BOTTLE,527.0,1686.15,67,0.0036153680120872005
23073,GEORGIAN TRINKET BOX,141.0,1681.5,59,0.003183682279300669
21041,RED RETROSPOT OVEN GLOVE DOUBLE,569.0,1678.550000000001,138,0.007446578890567667
23109,LED TEA LIGHTS,595.0,1676.3499999999997,54,0.002913878696309087
21114,LAVENDER SCENTED FABRIC HEART,1327.0,1674.03,128,0.006906971724584502
21989,PACK OF 20 SKULL PAPER NAPKINS,2065.0,1672.69,205,0.011061946902654867
23155,KNICKERBOCKERGLORY MAGNET ASSORTED ,2094.0,1669.3799999999999,111,0.005989639542413123
22579,WOODEN TREE CHRISTMAS SCANDINAVIAN,4805.0,1664.2900000000018,276,0.014893157781135334
21988,PACK OF 6 SKULL PAPER PLATES,2194.0,1663.2999999999997,147,0.007932225339952515
51008,AFGHAN SLIPPER SOCK PAIR,511.0,1662.95,19,0.001025253615368012
22055,MINI CAKE STAND  HANGING STRAWBERY,1246.0,1661.7800000000002,142,0.007662421756960932
21870,I CAN ONLY PLEASE ONE PERSON MUG,1349.0,1658.8899999999999,137,0.00739261817396935
70006,LOVE HEART POCKET WARMER,2619.0,1656.05,78,0.004208935894668682
23160,REGENCY TEA SPOON,1392.0,1651.8000000000002,60,0.0032376429958989855
21917,SET 12 KIDS  WHITE CHALK STICKS,4090.0,1651.1400000000003,186,0.010036693287286855
22414,DOORMAT NEIGHBOURHOOD WITCH ,253.0,1645.6699999999998,70,0.00377725016188215
22832,BROCANTE SHELF WITH HOOKS,155.0,1645.45,69,0.0037232894452838335
47570B,TEA TIME TABLE CLOTH,180.0,1642.6799999999996,26,0.001402978631556227
21992,VINTAGE PAISLEY STATIONERY SET,1151.0,1640.29,199,0.010738182603064968
21056,DOCTOR'S BAG SOFT TOY,174.0,1640.1799999999998,66,0.003561407295488884
21068,VINTAGE BILLBOARD LOVE/HATE MUG,1535.0,1637.71,125,0.006745089574789553
20674,GREEN POLKADOT BOWL,1360.0,1632.81,149,0.008040146773149147
22544,MINI JIGSAW SPACEBOY,4411.0,1627.04,124,0.006691128858191237
23434,3 RAFFIA RIBBONS 50'S CHRISTMAS ,1782.0,1624.5000000000005,134,0.007230736024174401
21245,GREEN POLKADOT PLATE ,1011.0,1618.0299999999997,100,0.005396071659831643
21494,ROTATING LEAVES T-LIGHT HOLDER,1222.0,1617.23,126,0.00679905029138787
23270,SET OF 2 CERAMIC PAINTED HEARTS ,1157.0,1612.85,118,0.006367364558601338
21718,RED METAL BEACH SPADE ,1288.0,1612.42,143,0.007716382473559249
23096,PETIT TRAY CHIC,993.0,1606.729999999999,117,0.0063134038420030215
22651,GENTLEMAN SHIRT REPAIR KIT ,1992.0,1602.7200000000003,94,0.005072307360241744
23214,JINGLE BELL HEART ANTIQUE GOLD,760.0,1599.8700000000003,91,0.004910425210446795
85061W,WHITE JEWELLED HEART DECORATION,1968.0,1594.5,108,0.005827757392618174
85035C,ROSE 3 WICK MORRIS BOX CANDLE,1090.0,1592.7,107,0.005773796676019858
85015,SET OF 12  VINTAGE POSTCARD SET,2128.0,1590.1200000000006,113,0.006097560975609756
22156,HEART DECORATION WITH PEARLS ,1873.0,1586.46,152,0.008202028922944096
21439,BASKET OF TOADSTOOLS,1322.0,1574.98,77,0.004154975178070365
22789,T-LIGHT HOLDER SWEETHEART HANGING,822.0,1574.64,126,0.00679905029138787
20981,12 PENCILS TALL TUBE WOODLAND,1849.0,1571.6499999999996,208,0.011223829052449816
84356,POMPOM CURTAIN,337.0,1570.1499999999996,46,0.0024821929635225554
23101,SILVER STARS TABLE DECORATION,1942.0,1569.6200000000013,190,0.01025253615368012
23217,LAUREL HEART ANTIQUE SILVER,1290.0,1567.0,84,0.0045327001942585795
21534,DAIRY MAID LARGE MILK JUG,321.0,1563.7500000000005,124,0.006691128858191237
23370,SET 36 COLOURING PENCILS DOILY,1289.0,1562.6100000000001,102,0.005503993093028276
46000M,POLYESTER FILLER PAD 45x45cm,1008.0,1562.4000000000003,133,0.007176775307576084
22110,BIRD HOUSE HOT WATER BOTTLE,617.0,1562.0599999999997,154,0.00830995035614073
22332,SKULLS PARTY BAG + STICKER SET,981.0,1561.0499999999995,129,0.006960932441182819
22305,COFFEE MUG PINK PAISLEY DESIGN,684.0,1559.4399999999994,44,0.0023742715303259228
85034C,3 ROSE MORRIS BOXED CANDLES,1068.0,1555.64,131,0.007068853874379452
84596F,SMALL MARSHMALLOWS PINK BOWL,3285.0,1553.250000000001,288,0.01554068638031513
22037,ROBOT BIRTHDAY CARD,3747.0,1552.9600000000005,257,0.013867904165767322
23122,PARTY CHARMS 50 PIECES,2091.0,1552.6500000000003,94,0.005072307360241744
23244,ROUND STORAGE TIN VINTAGE LEAF,853.0,1552.5100000000007,96,0.005180228793438377
22602,RETROSPOT WOODEN HEART DECORATION,1850.0,1552.2200000000005,164,0.008849557522123894
23317,BLUE REFECTORY CLOCK ,161.0,1547.9499999999998,70,0.00377725016188215
37495,FAIRY CAKE BIRTHDAY CANDLE SET,428.0,1547.4,84,0.0045327001942585795
23399,HOME SWEET HOME HANGING HEART,1815.0,1539.6300000000006,176,0.009497086121303691
21394,RED POLKADOT BEAKER ,3822.0,1538.6200000000008,114,0.006151521692208072
22928,YELLOW GIANT GARDEN THERMOMETER,251.0,1535.5699999999997,88,0.0047485430606518456
23273,HEART T-LIGHT HOLDER WILLIE WINKIE,928.0,1533.8399999999997,97,0.005234189510036694
21207,SKULL AND CROSSBONES  GARLAND ,981.0,1532.2499999999998,84,0.0045327001942585795
22674,FRENCH TOILET SIGN BLUE METAL,1270.0,1531.71,144,0.007770343190157565
22828,REGENCY MIRROR WITH SHUTTERS,10.0,1530.0,7,0.000377725016188215
22428,ENAMEL FIRE BUCKET CREAM,221.0,1528.73,92,0.004964385927045111
22398,MAGNETS PACK OF 4 SWALLOWS,2544.0,1528.29,228,0.012303043384416144
22934,BAKING MOULD EASTER EGG WHITE CHOC,560.0,1527.2000000000014,69,0.0037232894452838335
23483,HANGING  BUTTERFLY T-LIGHT HOLDER,1310.0,1526.62,66,0.003561407295488884
23372,SET 36 COLOUR PENCILS DOLLY GIRL,1294.0,1520.2200000000003,99,0.005342110943233326
21544,SKULLS  WATER TRANSFER TATTOOS ,1869.0,1519.8499999999997,113,0.006097560975609756
22292,HANGING CHICK  YELLOW DECORATION,1085.0,1515.6499999999992,88,0.0047485430606518456
22479,DAISY GARDEN MARKER,1078.0,1513.1,54,0.002913878696309087
22434,BALLOON PUMP WITH 10 BALLOONS,774.0,1511.48,112,0.00604360025901144
22377,BOTTLE BAG RETROSPOT ,1038.0,1510.89,105,0.005665875242823225
21981,PACK OF 12 WOODLAND TISSUES ,5281.0,1508.8700000000008,190,0.01025253615368012
22852,DOG BOWL VINTAGE CREAM,354.0,1507.92,108,0.005827757392618174
22361,GLASS JAR DAISY FRESH COTTON WOOL,537.0,1507.3499999999997,123,0.00663716814159292
21967,PACK OF 12 SKULL TISSUES,5162.0,1504.9800000000002,173,0.009335203971508742
22891,TEA FOR ONE POLKADOT,341.0,1502.0099999999998,104,0.005611914526224908
22165,"DIAMANTE HEART SHAPED WALL MIRROR, ",267.0,1490.6500000000003,38,0.002050507230736024
22220,CAKE STAND LOVEBIRD 2 TIER WHITE,213.0,1489.5499999999995,74,0.0039930930282754155
22799,SWEETHEART WIRE FRUIT BOWL,197.0,1489.3,79,0.0042628966112669975
23181,BULL DOG BOTTLE TOP WALL CLOCK,185.0,1484.25,69,0.0037232894452838335
22313,OFFICE MUG WARMER PINK,553.0,1482.89,54,0.002913878696309087
15060B,FAIRY CAKE DESIGN UMBRELLA,411.0,1482.87,95,0.00512626807684006
22594,CHRISTMAS GINGHAM TREE,1744.0,1480.0600000000004,125,0.006745089574789553
22913,RED COAT RACK PARIS FASHION,327.0,1479.6900000000005,95,0.00512626807684006
23226,FILIGREE HEART DAISY WHITE,1199.0,1478.5900000000001,71,0.003831210878480466
22804,PINK HANGING HEART T-LIGHT HOLDER,823.0,1476.13,66,0.003561407295488884
23394,POSTE FRANCE CUSHION COVER,392.0,1470.0,119,0.006421325275199655
85049C,ROMANTIC PINKS RIBBONS ,1196.0,1468.85,205,0.011061946902654867
22671,FRENCH LAUNDRY SIGN BLUE METAL,918.0,1463.6599999999992,103,0.0055579538096265915
18097C,WHITE TALL PORCELAIN T-LIGHT HOLDER,669.0,1461.1499999999996,52,0.002805957263112454
84818,DANISH ROSE PHOTO FRAME,1423.0,1460.8100000000004,99,0.005342110943233326
22154,ANGEL DECORATION 3 BUTTONS ,3528.0,1455.84,111,0.005989639542413123
21591,COSY HOUR CIGAR BOX MATCHES ,1183.0,1451.3899999999999,143,0.007716382473559249
23391, I LOVE LONDON MINI BACKPACK,359.0,1449.8500000000001,68,0.003669328728685517
85206A,CREAM FELT EASTER EGG BASKET,914.0,1446.9000000000005,103,0.0055579538096265915
21206,STRAWBERRY HONEYCOMB  GARLAND ,1220.0,1446.5999999999997,75,0.004047053744873732
23287,RED VINTAGE SPOT BEAKER,1774.0,1445.4999999999986,146,0.007878264623354198
21626,VINTAGE UNION JACK PENNANT,741.0,1444.95,74,0.0039930930282754155
21509,COWBOYS AND INDIANS BIRTHDAY CARD ,3581.0,1444.7500000000005,203,0.010954025469458234
22312,OFFICE MUG WARMER POLKADOT,499.0,1443.1900000000003,93,0.0050183466436434275
23462,ROCOCO WALL MIRROR WHITE,75.0,1442.2500000000007,43,0.0023203108137276065
22284,HEN HOUSE DECORATION,874.0,1442.0999999999985,99,0.005342110943233326
72807B,SET/3 OCEAN SCENT CANDLE JEWEL BOX,348.0,1435.0,78,0.004208935894668682
22314,OFFICE MUG WARMER CHOC+BLUE,516.0,1431.1400000000006,93,0.0050183466436434275
22530,MAGIC DRAWING SLATE DOLLY GIRL ,3511.0,1430.6999999999998,181,0.009766889704295272
21713,CITRONELLA CANDLE FLOWERPOT,692.0,1429.1999999999996,125,0.006745089574789553
22095,LADS ONLY TISSUE BOX,1571.0,1427.5899999999992,102,0.005503993093028276
23267,SET OF 4 SANTA PLACE SETTINGS,1158.0,1427.3400000000001,91,0.004910425210446795
23280,FOLDING BUTTERFLY MIRROR HOT PINK ,1838.0,1427.1600000000005,128,0.006906971724584502
22282,12 EGG HOUSE PAINTED WOOD,111.0,1425.27,64,0.003453485862292251
21898,POTTING SHED ROSE CANDLE,445.0,1423.03,7,0.000377725016188215
22364,GLASS JAR DIGESTIVE BISCUITS,516.0,1421.1199999999994,95,0.00512626807684006
22176,BLUE OWL SOFT TOY,488.0,1420.3999999999996,98,0.0052881502266350095
22675,FRENCH KITCHEN SIGN BLUE METAL,1173.0,1420.1399999999999,123,0.00663716814159292
22085,PAPER CHAIN KIT SKULLS ,507.0,1415.65,73,0.003939132311677099
22526,WHEELBARROW FOR CHILDREN ,112.0,1406.4,67,0.0036153680120872005
22975,SPACEBOY CHILDRENS EGG CUP,1118.0,1405.97,142,0.007662421756960932
22816,CARD MOTORBIKE SANTA,3402.0,1405.0799999999997,176,0.009497086121303691
72807A,SET/3 ROSE CANDLE IN JEWELLED BOX,339.0,1402.0300000000002,66,0.003561407295488884
20963,APPLE BATH SPONGE,1100.0,1397.99,122,0.0065832074249946035
20668,DISCO BALL CHRISTMAS DECORATION,12618.0,1397.0399999999997,181,0.009766889704295272
22853,CAT BOWL VINTAGE CREAM,431.0,1396.95,101,0.005450032376429959
23368,SET 12 COLOUR PENCILS DOLLY GIRL ,2152.0,1396.4000000000005,178,0.009605007554500325
21192,WHITE BELL HONEYCOMB PAPER ,924.0,1390.1999999999998,39,0.002104467947334341
21792,CLASSIC FRENCH STYLE BASKET GREEN ,331.0,1388.6500000000005,70,0.00377725016188215
22458,CAST IRON HOOK GARDEN FORK,513.0,1371.4299999999998,14,0.00075545003237643
22198,LARGE POPCORN HOLDER ,873.0,1370.4499999999998,53,0.0028599179797107704
21872,GLAMOROUS  MUG,1265.0,1365.73,119,0.006421325275199655
84971S,SMALL HEART FLOWERS HOOK ,1654.0,1365.4999999999998,114,0.006151521692208072
23546,WRAP PAISLEY PARK ,3250.0,1365.0,120,0.006475285991797971
23348,CHILDRENS TOY COOKING UTENSIL SET,676.0,1363.1600000000012,122,0.0065832074249946035
22047,EMPIRE GIFT WRAP,3350.0,1363.0,105,0.005665875242823225
22731,3D CHRISTMAS STAMPS STICKERS ,1075.0,1361.95,105,0.005665875242823225
22436,12 COLOURED PARTY BALLOONS,2089.0,1359.65,139,0.007500539607165983
22445,PENCIL CASE LIFE IS BEAUTIFUL,469.0,1359.3500000000004,93,0.0050183466436434275
23086,ZINC  STAR T-LIGHT HOLDER ,1183.0,1357.79,35,0.001888625080941075
85034B,3 WHITE CHOC MORRIS BOXED CANDLES,880.0,1357.44,90,0.004856464493848478
22498,WOODEN REGATTA BUNTING,228.0,1356.6,96,0.005180228793438377
21055,TOOL BOX SOFT TOY ,144.0,1350.24,82,0.004424778761061947
21714,CITRONELLA CANDLE GARDEN POT,1079.0,1348.75,126,0.00679905029138787
23414,ZINC BOX SIGN HOME,139.0,1348.0100000000004,62,0.0033455644290956185
22531,MAGIC DRAWING SLATE CIRCUS PARADE  ,3291.0,1347.6599999999999,163,0.008795596805525578
22583,PACK OF 6 HANDBAG GIFT BOXES,528.0,1346.3999999999999,77,0.004154975178070365
23334,IVORY WICKER HEART SMALL,2154.0,1345.5,95,0.00512626807684006
85040A,S/4 PINK FLOWER CANDLES IN BOWL,805.0,1344.89,125,0.006745089574789553
21537,RED RETROSPOT PUDDING BOWL,326.0,1337.5,57,0.003075760846104036
22358,KINGS CHOICE TEA CADDY ,454.0,1335.38,110,0.005935678825814807
84032B,CHARLIE + LOLA RED HOT WATER BOTTLE,651.0,1333.1499999999994,130,0.007014893157781136
22357,KINGS CHOICE BISCUIT TIN,324.0,1332.6,87,0.004694582344053529
23104,IVORY CAFE HANGING LAMP ,114.0,1330.5,43,0.0023203108137276065
23250,VINTAGE RED TRIM ENAMEL BOWL ,1079.0,1328.5900000000001,87,0.004694582344053529
23232,WRAP VINTAGE PETALS  DESIGN,3275.0,1327.5,104,0.005611914526224908
22714,CARD BIRTHDAY COWBOY,3367.0,1324.8900000000008,155,0.008363911072739046
23470,CARD HOLDER LOVE BIRD LARGE ,220.0,1323.3999999999999,75,0.004047053744873732
22199,FRYING PAN RED RETROSPOT,382.0,1323.0,97,0.005234189510036694
85232B,SET OF 3 BABUSHKA STACKING TINS,267.0,1321.6499999999999,9,0.0004856464493848478
21519,GIN & TONIC DIET GREETING CARD ,3217.0,1320.900000000001,191,0.010306496870278438
23034,DRAWER KNOB CERAMIC BLACK,935.0,1314.9499999999998,78,0.004208935894668682
72349B,SET/6 PURPLE BUTTERFLY T-LIGHTS,687.0,1314.7800000000002,91,0.004910425210446795
21232,STRAWBERRY CERAMIC TRINKET POT,1036.0,1312.04,75,0.004047053744873732
21578,WOODLAND DESIGN  COTTON TOTE BAG,583.0,1311.75,82,0.004424778761061947
90057,DIAMANTE RING ASSORTED IN BOX.,1008.0,1311.3600000000001,22,0.0011871357651629614
21829,DINOSAUR KEYRINGS ASSORTED,6354.0,1310.2499999999998,131,0.007068853874379452
22285,HANGING HEN ON NEST DECORATION,794.0,1310.0999999999995,87,0.004694582344053529
22399,MAGNETS PACK OF 4 CHILDHOOD MEMORY,1130.0,1309.9,87,0.004694582344053529
22818,CARD CHRISTMAS VILLAGE,3138.0,1309.3200000000002,162,0.00874163608892726
22982,PANTRY PASTRY BRUSH,1044.0,1307.05,146,0.007878264623354198
22696,WICKER WREATH LARGE,692.0,1303.4599999999996,123,0.00663716814159292
22076,6 RIBBONS EMPIRE  ,1034.0,1302.7200000000003,113,0.006097560975609756
20961,STRAWBERRY BATH SPONGE ,1026.0,1301.86,127,0.006853011007986186
22600,CHRISTMAS RETROSPOT STAR WOOD,1538.0,1301.8400000000001,143,0.007716382473559249
22676,FRENCH BLUE METAL DOOR SIGN 1,1038.0,1301.1399999999999,138,0.007446578890567667
23271,CHRISTMAS TABLE SILVER CANDLE SPIKE,1603.0,1301.0499999999988,74,0.0039930930282754155
21705,BAG 500g SWIRLY MARBLES,1377.0,1299.21,110,0.005935678825814807
23057,BEADED CHANDELIER T-LIGHT HOLDER,596.0,1298.44,34,0.0018346643643427584
21832,CHOCOLATE CALCULATOR,779.0,1296.83,115,0.006205482408806389
22071,SMALL WHITE RETROSPOT MUG IN BOX ,710.0,1295.04,72,0.0038851715950787825
22949,36 DOILIES DOLLY GIRL,893.0,1294.8499999999997,74,0.0039930930282754155
22306,SILVER MUG BONE CHINA TREE OF LIFE,1126.0,1290.5700000000008,99,0.005342110943233326
21111,"SWISS ROLL TOWEL, CHOCOLATE  SPOTS",788.0,1290.3,50,0.0026980358299158215
84510A,SET OF 4 ENGLISH ROSE COASTERS,1058.0,1289.3400000000001,144,0.007770343190157565
22713,CARD I LOVE LONDON ,3249.0,1286.920000000001,149,0.008040146773149147
23055,IVORY CHANDELIER T-LIGHT HOLDER,560.0,1286.72,36,0.0019425857975393912
22939,APRON APPLE DELIGHT,267.0,1286.65,62,0.0033455644290956185
22948,METAL DECORATION NAUGHTY CHILDREN ,1454.0,1284.8599999999997,98,0.0052881502266350095
21039,RED RETROSPOT SHOPPING BAG,510.0,1284.66,77,0.004154975178070365
22976,CIRCUS PARADE CHILDRENS EGG CUP ,1022.0,1282.3400000000001,112,0.00604360025901144
35953,FOLKART STAR CHRISTMAS DECORATIONS,3016.0,1281.160000000001,85,0.004586660910856896
22503,CABIN BAG VINTAGE PAISLEY,64.0,1279.2,16,0.0008633714655730628
22227,HANGING HEART MIRROR DECORATION ,1969.0,1276.8500000000004,170,0.009173321821713792
23119,PACK OF 6 LARGE FRUIT STRAWS ,2155.0,1275.7100000000019,116,0.006259443125404706
23000,TRAVEL CARD WALLET TRANSPORT,3042.0,1274.76,205,0.011061946902654867
23538,WALL ART VINTAGE HEART,326.0,1273.9200000000012,27,0.0014569393481545436
21200,MULTICOLOUR HONEYCOMB PAPER GARLAND,1010.0,1272.8999999999999,39,0.002104467947334341
72802A,ROSE SCENT CANDLE IN JEWELLED BOX,315.0,1271.67,55,0.0029678394129074035
21470,FLOWER VINE RAFFIA FOOD COVER,336.0,1271.13,114,0.006151521692208072
23378,PACK OF 12 50'S CHRISTMAS TISSUES,3413.0,1270.5899999999997,144,0.007770343190157565
21686,MEDINA STAMPED METAL STOOL,33.0,1268.3500000000001,18,0.0009712928987696956
84969,BOX OF 6 ASSORTED COLOUR TEASPOONS,295.0,1267.99,73,0.003939132311677099
22716,CARD CIRCUS PARADE,3076.0,1267.2300000000012,214,0.011547593352039715
35924,HANGING FAIRY CAKE DECORATION,724.0,1262.1000000000004,31,0.0016727822145478093
22130,PARTY CONE CHRISTMAS DECORATION ,1505.0,1260.53,88,0.0047485430606518456
84580,MOUSE TOY WITH PINK T-SHIRT,334.0,1256.3,120,0.006475285991797971
23469,CARD HOLDER LOVE BIRD SMALL,320.0,1255.7599999999995,63,0.003399525145693935
23249,VINTAGE RED ENAMEL TRIM PLATE,778.0,1254.8999999999996,67,0.0036153680120872005
21987,PACK OF 6 SKULL PAPER CUPS,2050.0,1254.7400000000007,147,0.007932225339952515
21328,BALLOONS  WRITING SET ,755.0,1253.9499999999996,187,0.010090654003885171
22304,COFFEE MUG BLUE PAISLEY DESIGN,738.0,1252.76,47,0.002536153680120872
47503A,ASS FLORAL PRINT MULTI SCREWDRIVER,2730.0,1251.6100000000006,161,0.008687675372328944
22461,SAVOY ART DECO CLOCK,231.0,1251.25,45,0.002428232246924239
22591,CARDHOLDER GINGHAM CHRISTMAS TREE,374.0,1250.84,63,0.003399525145693935
21897,POTTING SHED CANDLE CITRONELLA,402.0,1250.82,2,0.00010792143319663285
84795B,SUNSET CHECK HAMMOCK,167.0,1249.6499999999999,40,0.002158428663932657
23040,PAPER LANTERN 9 POINT SNOW STAR ,234.0,1249.5,32,0.0017267429311461256
21619,4 VANILLA BOTANICAL CANDLES,896.0,1247.5,121,0.006529246708396288
22335,HEART DECORATION PAINTED ZINC ,2018.0,1246.3000000000002,123,0.00663716814159292
22911,PAPER CHAIN KIT LONDON,437.0,1243.9899999999998,81,0.00437081804446363
84279P,CHERRY BLOSSOM  DECORATIVE FLASK,336.0,1242.72,94,0.005072307360241744
23373,VINTAGE CHRISTMAS PAPER GIFT BAG,1563.0,1241.6600000000005,88,0.0047485430606518456
23221,REINDEER HEART DECORATION SILVER,1461.0,1241.59,110,0.005935678825814807
21793,CLASSIC FRENCH STYLE BASKET BROWN,296.0,1240.44,66,0.003561407295488884
71038,WHITE HANGING BEADS CANDLE HOLDER,238.0,1239.5,47,0.002536153680120872
22473,TV DINNER TRAY VINTAGE PAISLEY,437.0,1239.3900000000003,79,0.0042628966112669975
23505,PLAYING CARDS I LOVE LONDON ,1058.0,1238.5,104,0.005611914526224908
23237,SET OF 4 KNICK KNACK TINS LEAVES ,304.0,1237.1999999999998,53,0.0028599179797107704
22742,MAKE YOUR OWN PLAYTIME CARD KIT,624.0,1236.2399999999996,88,0.0047485430606518456
21577,SAVE THE PLANET COTTON TOTE BAG,549.0,1235.25,116,0.006259443125404706
22419,LIPSTICK PEN RED,2803.0,1232.3400000000001,157,0.008471832505935679
22299,PIG KEYRING WITH LIGHT & SOUND ,1316.0,1231.3400000000001,42,0.0022663500971292897
15044A,PINK PAPER PARASOL ,422.0,1230.58,78,0.004208935894668682
22208,WOOD STAMP SET THANK YOU,1283.0,1229.1199999999997,199,0.010738182603064968
85183B,CHARLIE & LOLA WASTEPAPER BIN FLORA,977.0,1228.25,106,0.005719835959421541
85054,FRENCH ENAMEL POT W LID,549.0,1227.4099999999999,87,0.004694582344053529
22922,FRIDGE MAGNETS US DINER ASSORTED,1482.0,1226.3999999999996,88,0.0047485430606518456
22472,TV DINNER TRAY DOLLY GIRL,291.0,1224.1700000000005,80,0.004316857327865314
22363,GLASS JAR MARMALADE ,453.0,1223.9900000000005,57,0.003075760846104036
22770,MIRROR CORNICE,83.0,1223.2499999999995,55,0.0029678394129074035
22912,YELLOW COAT RACK PARIS FASHION,270.0,1222.7399999999996,90,0.004856464493848478
22905,CALENDAR IN SEASON DESIGN,477.0,1222.54,67,0.0036153680120872005
21422,PORCELAIN ROSE SMALL,1560.0,1218.3600000000001,46,0.0024821929635225554
22576,SWALLOW WOODEN CHRISTMAS DECORATION,1418.0,1217.7799999999997,125,0.006745089574789553
22449,SILK PURSE BABUSHKA PINK,364.0,1214.3300000000004,87,0.004694582344053529
21123,SET/10 IVORY POLKADOT PARTY CANDLES,973.0,1213.31,97,0.005234189510036694
22475,SKULL DESIGN TV DINNER TRAY,278.0,1211.1,109,0.00588171810921649
22200,FRYING PAN PINK POLKADOT,326.0,1209.54,76,0.004101014461472048
21528,DAIRY MAID TRADITIONAL TEAPOT ,176.0,1209.1999999999994,86,0.004640621627455213
22443,GROW YOUR OWN HERBS SET OF 3,152.0,1208.4,80,0.004316857327865314
22609,PENS ASSORTED SPACEBALL,5564.0,1206.1999999999996,118,0.006367364558601338
22278,OVERNIGHT BAG VINTAGE ROSE PAISLEY,243.0,1202.85,82,0.004424778761061947
23138,SINGLE WIRE HOOK IVORY HEART,870.0,1201.8999999999999,75,0.004047053744873732
23536,WALL ART VILLAGE SHOW ,227.0,1201.6100000000001,56,0.00302180012950572
23444,Next Day Carriage,79.0,1200.0,79,0.0042628966112669975
22929,SCHOOL DESK AND CHAIR ,19.0,1199.75,13,0.0007014893157781135
84968C,SET OF 16 VINTAGE PISTACHIO CUTLERY,94.0,1198.5,48,0.0025901143967191884
22028,PENNY FARTHING BIRTHDAY CARD,2903.0,1198.4500000000007,185,0.00998273257068854
21615,4 LAVENDER BOTANICAL DINNER CANDLES,839.0,1193.75,100,0.005396071659831643
22917,HERB MARKER ROSEMARY,1851.0,1191.1500000000005,190,0.01025253615368012
21864,UNION JACK FLAG PASSPORT COVER ,609.0,1190.34,96,0.005180228793438377
84012,MAGIC SHEEP WOOL GROWING FROM PAPER,1212.0,1190.0,94,0.005072307360241744
21620,SET OF 4 ROSE BOTANICAL CANDLES,795.0,1188.75,124,0.006691128858191237
21813,GARLAND WITH STARS AND BELLS,250.0,1187.1000000000001,40,0.002158428663932657
21624,VINTAGE UNION JACK DOORSTOP,203.0,1184.8500000000001,82,0.004424778761061947
22293,HANGING CHICK GREEN DECORATION,817.0,1184.6499999999999,82,0.004424778761061947
22664,TOY TIDY DOLLY GIRL DESIGN,642.0,1178.18,102,0.005503993093028276
22442,GROW YOUR OWN FLOWERS SET OF 3,292.0,1177.7999999999995,74,0.0039930930282754155
23366,SET 12 COLOURING PENCILS DOILY,1870.0,1177.0999999999995,137,0.00739261817396935
23598,PAPER BUNTING VINTAGE PARTY,420.0,1175.0000000000005,42,0.0022663500971292897
22439,6 ROCKET BALLOONS ,1762.0,1172.9,156,0.008417871789337363
22711,WRAP CIRCUS PARADE,2827.0,1171.34,100,0.005396071659831643
22168,ORGANISER WOOD ANTIQUE WHITE ,139.0,1171.3,75,0.004047053744873732
51014C,"FEATHER PEN,COAL BLACK",2438.0,1170.9,110,0.005935678825814807
22916,HERB MARKER THYME,1816.0,1168.4000000000005,186,0.010036693287286855
21902,"KEY FOB , FRONT  DOOR ",1902.0,1168.28,161,0.008687675372328944
23071,MARIE ANTOINETTE TRINKET BOX GOLD,312.0,1167.6,16,0.0008633714655730628
23392,SPACEBOY ROCKET LOLLY MAKERS,587.0,1165.2800000000007,78,0.004208935894668682
20984,12 PENCILS TALL TUBE POSY,3782.0,1161.1800000000007,167,0.009011439671918843
22318,FIVE HEART HANGING DECORATION,396.0,1161.0,89,0.004802503777250162
20985,HEART CALCULATOR,1013.0,1155.88,87,0.004694582344053529
22575,METAL MERRY CHRISTMAS WREATH,619.0,1154.2500000000002,76,0.004101014461472048
21382,SET/4 SPRING FLOWER DECORATION,1040.0,1151.8000000000002,93,0.0050183466436434275
22613,PACK OF 20 SPACEBOY NAPKINS,1488.0,1150.3799999999999,114,0.006151521692208072
22708,WRAP DOLLY GIRL,2775.0,1149.5,99,0.005342110943233326
84536A,ENGLISH ROSE NOTEBOOK A7 SIZE,2729.0,1147.0000000000002,221,0.01192531836822793
84813,SET OF 4 DIAMOND NAPKIN RINGS,145.0,1146.97,22,0.0011871357651629614
21211,SET OF 72 SKULL PAPER  DOILIES,815.0,1143.3499999999997,66,0.003561407295488884
21913,VINTAGE SEASIDE JIGSAW PUZZLES,305.0,1142.5300000000002,89,0.004802503777250162
21742,LARGE ROUND WICKER PLATTER ,192.0,1142.3999999999999,89,0.004802503777250162
37342,POLKADOT COFFEE CUP & SAUCER PINK,1435.0,1142.29,63,0.003399525145693935
21899,"KEY FOB , GARAGE DESIGN",1870.0,1140.6200000000003,103,0.0055579538096265915
21901,"KEY FOB , BACK DOOR ",1742.0,1140.2600000000004,234,0.012626807684006043
10133,COLOURING PENCILS BROWN TUBE,2373.0,1138.9899999999993,122,0.0065832074249946035
23142,IVORY WIRE KITCHEN ORGANISER,116.0,1137.6499999999994,36,0.0019425857975393912
23067,HANGING ENGRAVED METAL HEART,274.0,1137.1,71,0.003831210878480466
85159B,"WHITE TEA,COFFEE,SUGAR JARS",622.0,1134.4999999999998,59,0.003183682279300669
15039,SANDALWOOD FAN,1558.0,1132.3000000000002,70,0.00377725016188215
22977,DOLLY GIRL CHILDRENS EGG CUP,904.0,1131.21,111,0.005989639542413123
21986,PACK OF 12 PINK POLKADOT TISSUES,3985.0,1129.7900000000004,155,0.008363911072739046
21706,FOLDING UMBRELLA RED/WHITE POLKADOT,228.0,1129.63,68,0.003669328728685517
23559,WOODLAND BUNNIES LOLLY MAKERS,563.0,1129.2800000000004,75,0.004047053744873732
21012,ANTIQUE ALL GLASS CANDLESTICK,565.0,1129.1,80,0.004316857327865314
23507,MINI PLAYING CARDS BUFFALO BILL ,2839.0,1128.1799999999992,101,0.005450032376429959
23405,HOME SWEET HOME 2 DRAWER CABINET,235.0,1128.0499999999997,57,0.003075760846104036
21361,LOVE LARGE WOOD LETTERS ,91.0,1127.85,54,0.002913878696309087
22944,CHRISTMAS METAL POSTCARD WITH BELLS,2704.0,1125.9400000000005,57,0.003075760846104036
22650,CERAMIC PIRATE CHEST MONEY BANK,791.0,1122.9499999999998,106,0.005719835959421541
21744,SNOWFLAKE PORTABLE TABLE LIGHT ,365.0,1122.1900000000005,80,0.004316857327865314
22918,HERB MARKER PARSLEY,1771.0,1119.1500000000005,187,0.010090654003885171
21352,EUCALYPTUS & PINECONE  WREATH,311.0,1118.6499999999999,37,0.0019965465141377078
21175,GIN AND TONIC DIET METAL SIGN,474.0,1118.4600000000003,37,0.0019965465141377078
23431,NATURAL HANGING QUILTED HEARTS ,1427.0,1113.13,67,0.0036153680120872005
22060,LARGE CAKE STAND HANGING HEARTS,231.0,1111.0500000000002,34,0.0018346643643427584
84032A,CHARLIE+LOLA PINK HOT WATER BOTTLE,447.0,1107.0099999999998,105,0.005665875242823225
22063,CERAMIC BOWL WITH STRAWBERRY DESIGN,537.0,1106.55,81,0.00437081804446363
23506,MINI PLAYING CARDS SPACEBOY ,2694.0,1106.2799999999995,127,0.006853011007986186
37447,CERAMIC CAKE DESIGN SPOTTED PLATE,757.0,1104.89,76,0.004101014461472048
22754,SMALL RED BABUSHKA NOTEBOOK ,1800.0,1104.7399999999998,194,0.010468379020073387
15058A,BLUE POLKADOT GARDEN PARASOL,148.0,1104.6,51,0.002751996546514138
22915,ASSORTED BOTTLE TOP  MAGNETS ,2928.0,1104.3600000000004,133,0.007176775307576084
22494,EMERGENCY FIRST AID TIN ,890.0,1102.6399999999999,119,0.006421325275199655
23061,VINTAGE EMBOSSED HEART,886.0,1102.46,84,0.0045327001942585795
22416,SET OF 36 DOILIES SPACEBOY DESIGN ,800.0,1102.3999999999996,56,0.00302180012950572
22334,DINOSAUR PARTY BAG + STICKER SET,684.0,1101.44,91,0.004910425210446795
22320,BIRDS MOBILE VINTAGE DESIGN,183.0,1100.2099999999998,69,0.0037232894452838335
23072,MARIE ANTOINETTE TRINKET BOX SILVER,326.0,1099.0,22,0.0011871357651629614
22735,RIBBON REEL SOCKS AND MITTENS,668.0,1097.8799999999999,86,0.004640621627455213
85227,SET OF 6 3D KIT CARDS FOR KIDS,1311.0,1097.7299999999996,147,0.007932225339952515
22452,MEASURING TAPE BABUSHKA PINK,388.0,1094.8,66,0.003561407295488884
21395,BLUE POLKADOT BEAKER ,2806.0,1094.3400000000004,78,0.004208935894668682
21616,4 PEAR BOTANICAL DINNER CANDLES,755.0,1093.75,104,0.005611914526224908
22471,TV DINNER TRAY AIR HOSTESS ,359.0,1092.73,64,0.003453485862292251
22677,FRENCH BLUE METAL DOOR SIGN 2,874.0,1092.51,113,0.006097560975609756
23225,CHERUB HEART DECORATION SILVER ,1296.0,1089.6,69,0.0037232894452838335
47480,HANGING PHOTO CLIP ROPE LADDER,690.0,1089.58,52,0.002805957263112454
22603,CHRISTMAS RETROSPOT TREE WOOD,1293.0,1088.1299999999999,125,0.006745089574789553
82578,KITCHEN METAL SIGN,1954.0,1087.46,220,0.011871357651629614
23539,WALL ART LOVES' SECRET ,229.0,1082.11,33,0.001780703647744442
84884A,ANT WHITE WIRE HEART SPIRAL,286.0,1076.6599999999999,64,0.003453485862292251
21700,BIG DOUGHNUT FRIDGE MAGNETS,1266.0,1076.1,85,0.004586660910856896
23515,EMBROIDERED RIBBON REEL DAISY ,558.0,1075.3800000000003,59,0.003183682279300669
21830,ASSORTED CREEPY CRAWLIES,2551.0,1073.4699999999998,88,0.0047485430606518456
23513,EMBROIDERED RIBBON REEL SUSIE ,556.0,1072.9600000000005,62,0.0033455644290956185
22919,HERB MARKER MINT,1665.0,1070.2500000000005,191,0.010306496870278438
21820,GLITTER HEART GARLAND WITH BELLS ,288.0,1068.5900000000001,58,0.003129721562702353
22073,RED RETROSPOT STORAGE JAR,298.0,1067.1000000000001,45,0.002428232246924239
23418,LAVENDER TOILETTE BOTTLE,533.0,1066.88,60,0.0032376429958989855
23269,SET OF 2 CERAMIC CHRISTMAS TREES,748.0,1065.3999999999996,76,0.004101014461472048
22984,CARD GINGHAM ROSE ,2654.0,1063.6600000000008,140,0.0075545003237643
23375,50'S CHRISTMAS PAPER GIFT BAG,1317.0,1059.9400000000005,88,0.0047485430606518456
21070,VINTAGE BILLBOARD MUG ,1032.0,1058.54,77,0.004154975178070365
21818,GLITTER HEART DECORATION,2434.0,1056.3399999999995,129,0.006960932441182819
22921,HERB MARKER CHIVES ,1643.0,1055.9500000000003,166,0.008957478955320527
23529,DOLLY GIRL WALL ART,318.0,1055.94,11,0.0005935678825814807
21819,GLITTER CHRISTMAS STAR ,2462.0,1053.4599999999998,118,0.006367364558601338
16016,LARGE CHINESE STYLE SCISSOR,1273.0,1053.45,65,0.003507446578890568
23369,SET 36 COLOUR PENCILS LOVE LONDON,901.0,1053.29,95,0.00512626807684006
22167, OVAL WALL MIRROR DIAMANTE ,120.0,1050.0,58,0.003129721562702353
22539,MINI JIGSAW DOLLY GIRL,2821.0,1049.1499999999999,85,0.004586660910856896
85132B,CHARLIE AND LOLA TABLE TINS,513.0,1048.3499999999997,60,0.0032376429958989855
23511,EMBROIDERED RIBBON REEL EMILY ,524.0,1046.4200000000008,85,0.004586660910856896
23432,PRETTY HANGING QUILTED HEARTS,1272.0,1045.1999999999998,70,0.00377725016188215
22375,AIRLINE BAG VINTAGE JET SET BROWN,250.0,1043.3000000000002,96,0.005180228793438377
23542,70'S ALPHABET WALL ART,150.0,1043.1,15,0.0008094107489747464
22572,ROCKING HORSE GREEN CHRISTMAS ,1252.0,1039.2400000000002,126,0.00679905029138787
22997,TRAVEL CARD WALLET UNION JACK,2477.0,1038.8999999999999,181,0.009766889704295272
84828,JUNGLE POPSICLES ICE LOLLY MOULDS,831.0,1038.66,96,0.005180228793438377
22802,FAUX FUR CHOCOLATE THROW,65.0,1035.75,34,0.0018346643643427584
84968E,SET OF 16 VINTAGE BLACK CUTLERY,87.0,1035.06,22,0.0011871357651629614
21464,DISCO BALL ROTATOR BATTERY OPERATED,244.0,1034.0,102,0.005503993093028276
21812,GARLAND WITH HEARTS AND BELLS,217.0,1032.1500000000003,42,0.0022663500971292897
22923,FRIDGE MAGNETS LES ENFANTS ASSORTED,1269.0,1031.8499999999997,75,0.004047053744873732
22066,LOVE HEART TRINKET POT,2232.0,1029.1399999999999,131,0.007068853874379452
23231,WRAP  VINTAGE DOILY ,2450.0,1029.0,93,0.0050183466436434275
23516,EMBROIDERED RIBBON REEL SOPHIE  ,291.0,1025.01,40,0.002158428663932657
21363,HOME SMALL WOOD LETTERS,207.0,1024.650000000001,90,0.004856464493848478
21071,VINTAGE BILLBOARD DRINK ME MUG,845.0,1020.98,107,0.005773796676019858
21693,SMALL HAMMERED SILVER CANDLEPOT ,346.0,1020.6999999999999,43,0.0023203108137276065
21179,NO JUNK MAIL METAL SIGN,1783.0,1019.5899999999998,166,0.008957478955320527
23026,DRAWER KNOB VINTAGE GLASS STAR,503.0,1016.9700000000003,53,0.0028599179797107704
22611,VINTAGE UNION JACK SHOPPING BAG,219.0,1016.8500000000001,40,0.002158428663932657
23411, TRELLIS COAT RACK,217.0,1016.5500000000006,46,0.0024821929635225554
23544,WALL ART MID CENTURY MODERN ,164.0,1015.78,20,0.0010792143319663286
84944,SET OF 6 KASHMIR FOLKART BAUBLES,563.0,1014.7499999999998,71,0.003831210878480466
85036C,ROSE 1 WICK MORRIS BOXED CANDLE,726.0,1013.52,76,0.004101014461472048
23508,MINI PLAYING CARDS DOLLY GIRL ,2472.0,1013.0399999999994,106,0.005719835959421541
23327,HANGING CLEAR MINI BOTTLE,1710.0,1012.02,34,0.0018346643643427584
22755,SMALL PURPLE BABUSHKA NOTEBOOK ,1574.0,1010.2299999999998,193,0.01041441830347507
22474,SPACEBOY TV DINNER TRAY,244.0,1009.0400000000001,83,0.004478739477660264
82567,"AIRLINE LOUNGE,METAL SIGN",495.0,1007.2100000000002,149,0.008040146773149147
23460,SWEETHEART WALL TIDY ,108.0,1007.0799999999997,43,0.0023203108137276065
22402,MAGNETS PACK OF 4 VINTAGE COLLAGE,1701.0,1005.7199999999999,144,0.007770343190157565
23433,HANGING QUILTED PATCHWORK APPLES,1215.0,1003.1700000000001,82,0.004424778761061947
23347,I LOVE LONDON BEAKER,827.0,999.75,70,0.00377725016188215
21984,PACK OF 12 PINK PAISLEY TISSUES ,3294.0,999.5999999999997,157,0.008471832505935679
20665,RED RETROSPOT PURSE ,340.0,998.1999999999998,73,0.003939132311677099
22686,FRENCH BLUE METAL DOOR SIGN No,859.0,997.2,73,0.003939132311677099
23087,ZINC  HEART T-LIGHT HOLDER,830.0,997.18,49,0.0026440751133175048
22203,MILK PAN RED RETROSPOT,310.0,996.13,91,0.004910425210446795
23131,MISELTOE HEART WREATH CREAM,240.0,996.0000000000001,1,5.3960716598316424e-05
23376,PACK OF 12 VINTAGE CHRISTMAS TISSUE,2630.0,995.4600000000003,113,0.006097560975609756
23102,SILVER HEARTS TABLE DECORATION,1231.0,995.3299999999997,139,0.007500539607165983
21809,CHRISTMAS HANGING TREE WITH BELL,1857.0,993.6599999999997,85,0.004586660910856896
23365,SET 12 COLOUR PENCILS LOVE LONDON,1529.0,991.4500000000003,128,0.006906971724584502
23452,HEART MINI PORTRAIT FRAME,510.0,990.9000000000005,81,0.00437081804446363
22153,ANGEL DECORATION STARS ON DRESS,2399.0,987.42,86,0.004640621627455213
22362,GLASS JAR PEACOCK BATH SALTS,349.0,987.23,81,0.00437081804446363
21466,RED FLOWER CROCHET FOOD COVER,267.0,982.49,91,0.004910425210446795
22081,RIBBON REEL FLORA + FAUNA ,585.0,978.3700000000001,89,0.004802503777250162
22608,PENS ASSORTED FUNKY JEWELED ,4897.0,977.8899999999996,84,0.0045327001942585795
21329,DINOSAURS  WRITING SET ,586.0,975.1000000000001,168,0.009065400388517159
23041,PAPER LANTERN 9 POINT SNOW STAR,234.0,971.1000000000001,42,0.0022663500971292897
22152,PLACE SETTING WHITE STAR,2350.0,967.1300000000001,93,0.0050183466436434275
21508,VINTAGE KID DOLLY CARD ,2381.0,966.0700000000007,145,0.007824303906755882
22245,"HOOK, 1 HANGER ,MAGIC GARDEN",1198.0,965.2600000000006,56,0.00302180012950572
21407,BROWN CHECK CAT DOORSTOP ,233.0,965.0,94,0.005072307360241744
22221,CAKE STAND LOVEBIRD 2 TIER PINK,124.0,964.3999999999999,44,0.0023742715303259228
22242,5 HOOK HANGER MAGIC TOADSTOOL,631.0,964.3499999999997,27,0.0014569393481545436
85132A,CHARLIE + LOLA BISCUITS TINS,453.0,963.3499999999998,51,0.002751996546514138
22924,FRIDGE MAGNETS LA VIE EN ROSE,1170.0,963.2999999999996,74,0.0039930930282754155
22459,CAST IRON HOOK GARDEN TROWEL,375.0,962.7299999999999,15,0.0008094107489747464
22107,PIZZA PLATE IN BOX,291.0,962.4799999999999,69,0.0037232894452838335
72817,SET OF 2 CHRISTMAS DECOUPAGE CANDLE,1048.0,961.4000000000002,94,0.005072307360241744
23281,FOLDING BUTTERFLY MIRROR RED  ,1252.0,961.2800000000001,89,0.004802503777250162
22614,PACK OF 12 SPACEBOY TISSUES,2955.0,960.6099999999999,170,0.009173321821713792
20967,GREY FLORAL FELTCRAFT SHOULDER BAG,256.0,960.0,75,0.004047053744873732
23121,PACK OF 6 COCKTAIL PARASOL STRAWS,2460.0,958.3200000000003,87,0.004694582344053529
22673,FRENCH GARDEN SIGN BLUE METAL,769.0,956.83,110,0.005935678825814807
82001S,SILVER RECORD COVER FRAME,272.0,955.8600000000001,19,0.001025253615368012
21355,TOAST ITS - I LOVE YOU ,772.0,955.4,107,0.005773796676019858
23518,EMBROIDERED RIBBON REEL RACHEL ,357.0,954.9299999999997,41,0.0022123893805309734
84819,DANISH ROSE ROUND SEWING BOX,811.0,951.7900000000002,62,0.0033455644290956185
84968F,SET OF 16 VINTAGE SKY BLUE CUTLERY,78.0,951.3,30,0.0016188214979494927
79302M,"ART LIGHTS,FUNK MONKEY",355.0,950.4499999999999,47,0.002536153680120872
22757,LARGE RED BABUSHKA NOTEBOOK ,1008.0,949.2099999999999,113,0.006097560975609756
22453,MEASURING TAPE BABUSHKA BLUE,333.0,948.7500000000002,46,0.0024821929635225554
23088,ZINC HEART FLOWER T-LIGHT HOLDER,760.0,947.1800000000001,57,0.003075760846104036
22986,WRAP GINGHAM ROSE ,2276.0,943.9200000000001,82,0.004424778761061947
23033,DRAWER KNOB CERAMIC RED,679.0,943.7499999999999,59,0.003183682279300669
22597,MUSICAL ZINC HEART DECORATION ,2498.0,943.64,113,0.006097560975609756
85199S,SMALL HANGING IVORY/RED WOOD BIRD,2227.0,943.1299999999998,157,0.008471832505935679
51014L,"FEATHER PEN,LIGHT PINK",1924.0,941.3400000000001,105,0.005665875242823225
21469,POLKA DOT RAFFIA FOOD COVER,250.0,941.21,71,0.003831210878480466
22589,CARDHOLDER GINGHAM STAR,323.0,940.4900000000001,57,0.003075760846104036
22678,FRENCH BLUE METAL DOOR SIGN 3,750.0,939.9300000000001,102,0.005503993093028276
22758,LARGE PURPLE BABUSHKA NOTEBOOK  ,1120.0,939.52,127,0.006853011007986186
84459B,YELLOW METAL CHICKEN HEART ,676.0,938.1200000000005,60,0.0032376429958989855
23533,WALL ART GARDEN HAVEN ,210.0,936.3400000000005,31,0.0016727822145478093
21447,12 IVORY ROSE PEG PLACE SETTINGS,749.0,936.25,91,0.004910425210446795
22372,AIRLINE BAG VINTAGE WORLD CHAMPION ,221.0,935.33,101,0.005450032376429959
22444,GROW YOUR OWN PLANT IN A CAN ,762.0,934.26,33,0.001780703647744442
23402,HOME SWEET HOME 3 PEG HANGER ,255.0,934.1700000000001,51,0.002751996546514138
21788,KIDS RAIN MAC BLUE,1199.0,933.53,66,0.003561407295488884
22857,ASSORTED EASTER GIFT TAGS,1142.0,933.2600000000004,58,0.003129721562702353
22995,TRAVEL CARD WALLET SUKI,2228.0,932.8799999999998,183,0.009874811137491906
23525,WALL ART BUFFALO BILL ,321.0,932.6700000000001,29,0.0015648607813511764
23331,DECORATIVE WICKER HEART SMALL,1492.0,932.28,81,0.00437081804446363
21688,SILVER PLATE CANDLE BOWL SMALL,316.0,932.1999999999999,39,0.002104467947334341
21717,EASTER TIN BUCKET,405.0,931.9500000000003,38,0.002050507230736024
22094,RED RETROSPOT TISSUE BOX,2081.0,930.0399999999997,145,0.007824303906755882
22680,FRENCH BLUE METAL DOOR SIGN 5,743.0,929.97,100,0.005396071659831643
21198,WHITE HEART CONFETTI IN TUBE,963.0,929.9099999999999,50,0.0026980358299158215
10125,MINI FUNKY DESIGN TAPES,1225.0,929.4500000000002,61,0.0032916037124973018
22046,TEA PARTY  WRAPPING PAPER ,2250.0,929.0,75,0.004047053744873732
21043,APRON MODERN VINTAGE COTTON,441.0,927.9499999999997,57,0.003075760846104036
22338,STAR DECORATION PAINTED ZINC ,4175.0,924.95,116,0.006259443125404706
22155,STAR DECORATION RUSTIC,2201.0,924.4199999999998,85,0.004586660910856896
22860,EASTER TIN CHICKS PINK DAISY,560.0,923.9999999999989,85,0.004586660910856896
23527,ANIMALS AND NATURE WALL ART,267.0,923.97,17,0.0009173321821713792
23153,ZINC SWEETHEART WIRE LETTER RACK,248.0,923.63,78,0.004208935894668682
23512,EMBROIDERED RIBBON REEL ROSIE,484.0,921.4600000000005,49,0.0026440751133175048
22091,EMPIRE TISSUE BOX,1937.0,919.6699999999996,130,0.007014893157781136
23566,EGG CUP MILKMAID HEIDI,784.0,919.52,46,0.0024821929635225554
22024,RAINY LADIES BIRTHDAY CARD,2280.0,918.9100000000004,129,0.006960932441182819
22540,MINI JIGSAW CIRCUS PARADE ,2451.0,915.7800000000001,65,0.003507446578890568
72800E,4 IVORY DINNER CANDLES SILVER FLOCK,450.0,913.7400000000002,96,0.005180228793438377
21224,SET/4 SKULL BADGES,734.0,913.7,81,0.00437081804446363
20956,PORCELAIN T-LIGHT HOLDERS ASSORTED,728.0,913.6300000000001,59,0.003183682279300669
85106,CUT GLASS HEXAGON T-LIGHT HOLDER,528.0,912.9599999999999,9,0.0004856464493848478
22315,200 RED + WHITE BENDY STRAWS,759.0,912.27,119,0.006421325275199655
22098,BOUDOIR SQUARE TISSUE BOX,1955.0,910.0799999999997,143,0.007716382473559249
23514,EMBROIDERED RIBBON REEL SALLY ,458.0,909.1400000000003,62,0.0033455644290956185
84313C,ORANGE TV TRAY TABLE ,461.0,908.1499999999999,24,0.0012950571983595942
84459A,PINK METAL CHICKEN HEART ,670.0,906.1400000000003,53,0.0028599179797107704
22223,CAKE PLATE LOVEBIRD PINK,315.0,902.8500000000003,42,0.0022663500971292897
23510,MINI PLAYING CARDS GYMKHANA,2297.0,901.7399999999992,95,0.00512626807684006
22808,SET OF 6 T-LIGHTS EASTER CHICKS,320.0,899.8000000000004,54,0.002913878696309087
23529,WALL ART DOLLY GIRL ,311.0,896.3700000000001,19,0.001025253615368012
23419,HOME SWEET HOME BOTTLE ,437.0,895.0400000000001,61,0.0032916037124973018
15058C,ICE CREAM DESIGN GARDEN PARASOL,193.0,894.3499999999999,30,0.0016188214979494927
85114A,BLACK ENCHANTED FOREST PLACEMAT,585.0,893.25,42,0.0022663500971292897
22939,ADULT APRON APPLE DELIGHT,179.0,891.9300000000001,40,0.002158428663932657
21679,SKULLS  STICKERS,1054.0,891.2199999999997,87,0.004694582344053529
84823,DANISH ROSE FOLDING CHAIR,112.0,890.3999999999999,25,0.0013490179149579107
21327,SKULLS WRITING SET ,538.0,887.7,145,0.007824303906755882
21354,TOAST ITS - BEST MUM,751.0,885.95,68,0.003669328728685517
23528,SPACEBOY WALL ART,306.0,885.9000000000001,13,0.0007014893157781135
16237,SLEEPING CAT ERASERS,4595.0,885.4500000000004,162,0.00874163608892726
22994,TRAVEL CARD WALLET RETROSPOT,2104.0,882.24,160,0.008633714655730628
21682,LARGE MEDINA STAMPED METAL BOWL ,177.0,881.1600000000001,50,0.0026980358299158215
82599,FANNY'S REST STOPMETAL SIGN,421.0,879.1800000000009,85,0.004586660910856896
23540,WALL ART THE MAGIC FOREST ,144.0,876.64,9,0.0004856464493848478
17091J,VANILLA INCENSE IN TIN,2066.0,876.3400000000001,87,0.004694582344053529
21683,MEDIUM MEDINA STAMPED METAL BOWL ,297.0,876.1500000000002,48,0.0025901143967191884
23107,WHITE HEARTS WIRE PLANT POT HOLDER,324.0,873.56,59,0.003183682279300669
15058B,PINK POLKADOT GARDEN PARASOL,115.0,866.2499999999999,41,0.0022123893805309734
85064,CREAM SWEETHEART LETTER RACK,205.0,866.0500000000001,23,0.0012410964817612777
23545,WRAP RED VINTAGE DOILY,2100.0,866.0,68,0.003669328728685517
15044B,BLUE PAPER PARASOL ,307.0,865.6499999999997,48,0.0025901143967191884
84843,WHITE SOAP RACK WITH 2 BOTTLES,161.0,864.35,41,0.0022123893805309734
21389,IVORY HANGING DECORATION  BIRD,1015.0,862.75,94,0.005072307360241744
47504H,ENGLISH ROSE SPIRIT LEVEL ,948.0,860.8800000000001,92,0.004964385927045111
23517,EMBROIDERED RIBBON REEL REBECCA ,312.0,860.88,51,0.002751996546514138
23002,TRAVEL CARD WALLET SKULLS,2052.0,860.4000000000001,140,0.0075545003237643
21462,"NURSERY A,B,C PAINTED LETTERS",192.0,859.1999999999999,67,0.0036153680120872005
21507,"ELEPHANT, BIRTHDAY CARD, ",2114.0,859.0800000000008,126,0.00679905029138787
23099,FRENCH CARRIAGE LANTERN,132.0,858.9000000000001,54,0.002913878696309087
84509G,SET OF 4 FAIRY CAKE PLACEMATS ,491.0,856.25,46,0.0024821929635225554
22161,HEART DECORATION RUSTIC HANGING ,4138.0,855.92,153,0.008255989639542414
84558A,3D DOG PICTURE PLAYING CARDS,290.0,855.5,60,0.0032376429958989855
21557,SET OF 6 FUNKY BEAKERS,300.0,854.0400000000002,51,0.002751996546514138
23532,WALL ART WORK REST AND PLAY  ,205.0,853.4700000000005,26,0.001402978631556227
21058,PARTY INVITES WOODLAND,1046.0,853.2199999999998,87,0.004694582344053529
20886,BOX OF 9 PEBBLE CANDLES,452.0,851.3999999999997,77,0.004154975178070365
22695,WICKER WREATH SMALL,695.0,850.8699999999999,96,0.005180228793438377
21246,RED RETROSPOT BIG BOWL,175.0,849.4499999999998,39,0.002104467947334341
21617,4 LILY  BOTANICAL DINNER CANDLES,470.0,848.0,76,0.004101014461472048
21391,FRENCH LAVENDER SCENT HEART,965.0,846.5999999999999,75,0.004047053744873732
23525,BUFFALO BILL WALL ART ,246.0,845.22,15,0.0008094107489747464
22706,WRAP COWBOYS  ,2050.0,845.0,69,0.0037232894452838335
85180A,RED HEARTS LIGHT CHAIN ,434.0,844.34,37,0.0019965465141377078
22310,IVORY KNITTED MUG COSY ,531.0,841.79,51,0.002751996546514138
72816,SET/3 CHRISTMAS DECOUPAGE CANDLES,826.0,841.56,31,0.0016727822145478093
85034A,3 GARDENIA MORRIS BOXED CANDLES,489.0,840.29,67,0.0036153680120872005
21188,3D HEARTS  HONEYCOMB PAPER GARLAND,294.0,838.5,33,0.001780703647744442
23178,JAM CLOCK MAGNET,309.0,838.4699999999999,55,0.0029678394129074035
23179,CLOCK MAGNET MUM'S KITCHEN,304.0,837.8799999999999,40,0.002158428663932657
22307,GOLD MUG BONE CHINA TREE OF LIFE,729.0,835.6100000000004,61,0.0032916037124973018
23523,TREASURE AHOY WALL ART,270.0,833.46,16,0.0008633714655730628
85232D,SET/3 DECOUPAGE STACKING TINS,174.0,827.7000000000002,53,0.0028599179797107704
21065,BOOM BOX SPEAKER GIRLS,485.0,827.15,40,0.002158428663932657
22500,SET OF 2 TINS JARDIN DE PROVENCE,235.0,826.55,85,0.004586660910856896
21399,BLUE POLKADOT COFFEE MUG,2035.0,826.1400000000002,62,0.0033455644290956185
21821,GLITTER STAR GARLAND WITH BELLS ,223.0,825.45,40,0.002158428663932657
23502,PLAYING CARDS VINTAGE DOILY ,677.0,822.73,85,0.004586660910856896
20686,DOLLY MIXTURE CHILDREN'S UMBRELLA,252.0,822.38,64,0.003453485862292251
22761,CHEST 7 DRAWER MA CAMPAGNE,34.0,821.2999999999998,24,0.0012950571983595942
22231,JIGSAW TREE WITH BIRDHOUSE,867.0,821.1299999999998,106,0.005719835959421541
22210,WOOD STAMP SET BEST WISHES,912.0,820.9099999999999,142,0.007662421756960932
23338,EGG FRYING PAN RED ,405.0,820.3200000000002,91,0.004910425210446795
23479,WIRE EGG BASKET ,109.0,819.6500000000003,40,0.002158428663932657
23186,FRENCH STYLE STORAGE JAR CAFE ,1982.0,819.46,70,0.00377725016188215
21695,SMALL SILVER FLOWER CANDLE POT,277.0,817.1499999999999,35,0.001888625080941075
21694,SMALL REGAL  SILVER CANDLEPOT ,303.0,817.05,20,0.0010792143319663286
85035B,CHOCOLATE 3 WICK MORRIS BOX CANDLE,557.0,816.25,43,0.0023203108137276065
84968D,SET OF 16 VINTAGE RED CUTLERY,62.0,814.9200000000001,31,0.0016727822145478093
21467,CHERRY CROCHET FOOD COVER,215.0,813.6700000000001,78,0.004208935894668682
47580,TEA TIME DES TEA COSY,328.0,813.6100000000001,76,0.004101014461472048
79191C,RETRO PLASTIC ELEPHANT TRAY,1105.0,812.5299999999997,65,0.003507446578890568
22376,AIRLINE BAG VINTAGE JET SET WHITE,191.0,812.19,82,0.004424778761061947
84849D,HOT BATHS SOAP HOLDER,479.0,809.5099999999998,102,0.005503993093028276
22679,FRENCH BLUE METAL DOOR SIGN 4,646.0,809.32,91,0.004910425210446795
22211,WOOD STAMP SET FLOWERS,782.0,806.7300000000002,126,0.00679905029138787
85183A,CHARLIE & LOLA WASTEPAPER BIN BLUE,657.0,805.75,81,0.00437081804446363
22093,MOTORING TISSUE BOX,1823.0,804.8099999999993,153,0.008255989639542414
37340,MULTICOLOUR SPRING FLOWER MUG,2042.0,803.74,63,0.003399525145693935
22438,BALLOON ART MAKE YOUR OWN FLOWERS,887.0,801.4499999999999,68,0.003669328728685517
21642,ASSORTED TUTTI FRUTTI PEN,2451.0,800.9499999999998,90,0.004856464493848478
22209,WOOD STAMP SET HAPPY BIRTHDAY,820.0,798.6700000000001,121,0.006529246708396288
23524,HORSE & PONY WALL ART,256.0,797.3100000000001,17,0.0009173321821713792
23022,SMALL BONNE JAM JAR  T-LIGHT HOLDER,416.0,795.6800000000001,21,0.0011331750485646449
22421,LIPSTICK PEN FUSCHIA,1924.0,794.7800000000001,120,0.006475285991797971
20931,BLUE POT PLANT CANDLE ,263.0,794.45,37,0.0019965465141377078
22123,PING MICROWAVE APRON,442.0,793.6000000000001,72,0.0038851715950787825
84796B,BLUE SAVANNAH PICNIC HAMPER FOR 2,69.0,793.3499999999999,17,0.0009173321821713792
79160,HEART SHAPE WIRELESS DOORBELL,443.0,792.54,48,0.0025901143967191884
21191,LARGE WHITE HONEYCOMB PAPER BELL  ,394.0,788.04,44,0.0023742715303259228
22705,WRAP GREEN PEARS ,1875.0,787.5,74,0.0039930930282754155
22681,FRENCH BLUE METAL DOOR SIGN 6,627.0,785.57,81,0.00437081804446363
22190,LOCAL CAFE MUG,566.0,785.1300000000001,52,0.002805957263112454
22262,FELT EGG COSY CHICKEN,920.0,785.1199999999998,90,0.004856464493848478
20846,ZINC HEART LATTICE T-LIGHT HOLDER,646.0,784.22,62,0.0033455644290956185
23380,PACK OF 12 VINTAGE DOILY TISSUES,2087.0,783.69,92,0.004964385927045111
72818,CHRISTMAS DECOUPAGE CANDLE,1821.0,782.7699999999999,63,0.003399525145693935
21291,SMALL POLKADOT CHOCOLATE GIFT BAG ,920.0,782.0,40,0.002158428663932657
21262,WHITE GOOSE FEATHER CHRISTMAS TREE ,265.0,781.75,50,0.0026980358299158215
21648,ASSORTED TUTTI FRUTTI SMALL PURSE,646.0,780.1400000000001,31,0.0016727822145478093
23004,TRAVEL CARD WALLET PANTRY,1853.0,779.9,123,0.00663716814159292
15044C,PURPLE PAPER PARASOL,271.0,779.4499999999998,60,0.0032376429958989855
85159A,"BLACK TEA,COFFEE,SUGAR JARS",451.0,779.4499999999998,45,0.002428232246924239
23472, NINE DRAWER OFFICE TIDY,54.0,777.9,30,0.0016188214979494927
35648,VINTAGE BEAD PINK PURSE ,812.0,774.76,60,0.0032376429958989855
23220,REINDEER HEART DECORATION GOLD,929.0,774.4300000000001,77,0.004154975178070365
84596G,SMALL CHOCOLATES PINK BOWL,1660.0,774.1800000000004,158,0.008525793222533995
22682,FRENCH BLUE METAL DOOR SIGN 7,618.0,773.11,79,0.0042628966112669975
22074,6 RIBBONS SHIMMERING PINKS ,1000.0,772.94,75,0.004047053744873732
22132,RED LOVE HEART SHAPE CUP,935.0,772.9099999999999,83,0.004478739477660264
23409,PHOTO FRAME LINEN AND LACE LARGE,208.0,771.72,41,0.0022123893805309734
85059,FRENCH ENAMEL WATER BASIN,290.0,771.21,79,0.0042628966112669975
22270,HAPPY EASTER HANGING DECORATION,210.0,770.22,42,0.0022663500971292897
21927,BLUE/CREAM STRIPE CUSHION COVER ,622.0,769.9,98,0.0052881502266350095
22342,HOME GARLAND PAINTED ZINC ,833.0,769.6500000000001,52,0.002805957263112454
21112,"SWISS ROLL TOWEL, PINK  SPOTS",579.0,769.65,19,0.001025253615368012
22546,MINI JIGSAW PURDEY,2064.0,767.4100000000001,59,0.003183682279300669
22936,BAKING MOULD ROSE WHITE CHOCOLATE,258.0,766.88,33,0.001780703647744442
21199,PINK  HEART CONFETTI IN TUBE,864.0,766.5600000000001,48,0.0025901143967191884
22986,GINGHAM ROSE WRAP,1825.0,766.5,72,0.0038851715950787825
22817,CARD SUKI BIRTHDAY,1858.0,763.08,126,0.00679905029138787
84535B,FAIRY CAKES NOTEBOOK A6 SIZE,1272.0,762.9900000000002,108,0.005827757392618174
22537,MAGIC DRAWING SLATE DINOSAUR,1816.0,762.7199999999999,135,0.007284696740772718
23458,DOLLY CABINET 3 DRAWERS ,51.0,762.4499999999998,30,0.0016188214979494927
84660A,WHITE STITCHED WALL CLOCK,837.0,761.9000000000001,36,0.0019425857975393912
21631,HIPPY CHIC DECORATIVE PARASOL,155.0,761.8499999999999,16,0.0008633714655730628
22252,BIRDCAGE DECORATION TEALIGHT HOLDER,643.0,761.5699999999999,67,0.0036153680120872005
23550,WRAP ALPHABET POSTER  ,1850.0,761.0,63,0.003399525145693935
17084R,ASSORTED INCENSE PACK,4032.0,760.32,27,0.0014569393481545436
22819,"BIRTHDAY CARD, RETRO SPOT",1848.0,758.8799999999997,126,0.00679905029138787
22522,CHILDS GARDEN FORK BLUE ,921.0,757.8899999999999,120,0.006475285991797971
23423,PANTRY 3 HOOK ROLLING PIN HANGER,202.0,757.5,51,0.002751996546514138
20752,BLUE POLKADOT WASHING UP GLOVES,360.0,756.0000000000002,115,0.006205482408806389
22985,WRAP BILLBOARD FONTS DESIGN,1800.0,756.0,62,0.0033455644290956185
21287,SCENTED VELVET LOUNGE CANDLE ,1788.0,755.13,54,0.002913878696309087
23519,EMBROIDERED RIBBON REEL CLAIRE,219.0,755.01,19,0.001025253615368012
23487,SWEET HEART CAKE CARRIER,78.0,754.0000000000001,42,0.0022663500971292897
21504,SKULLS GREETING CARD,1860.0,753.1199999999999,96,0.005180228793438377
21408,SPOTTY PINK DUCK DOORSTOP,221.0,752.51,65,0.003507446578890568
22497,SET OF 2 TINS VINTAGE BATHROOM ,177.0,752.25,59,0.003183682279300669
23017,APOTHECARY MEASURING JAR,64.0,751.4000000000001,21,0.0011331750485646449
21743,STAR PORTABLE TABLE LIGHT ,274.0,750.6999999999999,31,0.0016727822145478093
22325,MOBILE VINTAGE HEARTS ,152.0,750.3,58,0.003129721562702353
85194L,HANGING SPRING FLOWER EGG LARGE,900.0,746.2800000000001,56,0.00302180012950572
23106,ZINC HEARTS PLANT POT HOLDER,275.0,746.15,49,0.0026440751133175048
22343,PARTY PIZZA DISH RED RETROSPOT,1702.0,744.3399999999999,63,0.003399525145693935
21125,SET 6 FOOTBALL CELEBRATION CANDLES,595.0,743.75,67,0.0036153680120872005
21359,RELAX LARGE WOOD LETTERS,126.0,743.6999999999999,26,0.001402978631556227
22118,JOY WOODEN BLOCK LETTERS,217.0,742.63,78,0.004208935894668682
22815,CARD PSYCHEDELIC APPLES,1798.0,742.2,113,0.006097560975609756
21947,SET OF 6 HEART CHOPSTICKS,594.0,741.48,82,0.004424778761061947
22519,CHILDS GARDEN BRUSH PINK,370.0,741.0000000000005,65,0.003507446578890568
21064,BOOM BOX SPEAKER BOYS,171.0,740.1499999999999,54,0.002913878696309087
84519A,TOMATO CHARLIE+LOLA COASTER SET,477.0,739.1899999999999,61,0.0032916037124973018
20914,SET/5 RED SPOTTY LID GLASS BOWLS,288.0,734.4,1,5.3960716598316424e-05
22985,"WRAP, BILLBOARD FONTS DESIGN",1950.0,731.0,34,0.0018346643643427584
20802,SMALL GLASS SUNDAE DISH CLEAR,648.0,730.4399999999998,44,0.0023742715303259228
85114C,RED ENCHANTED FOREST PLACEMAT,457.0,730.0500000000001,60,0.0032376429958989855
22277,COSMETIC BAG VINTAGE ROSE PAISLEY,355.0,728.6199999999999,63,0.003399525145693935
22480,RED TEA TOWEL CLASSIC DESIGN,612.0,728.52,67,0.0036153680120872005
21465,PINK FLOWER CROCHET FOOD COVER,193.0,727.46,63,0.003399525145693935
21949,SET OF 6 STRAWBERRY CHOPSTICKS,613.0,725.49,59,0.003183682279300669
72799E,IVORY PILLAR CANDLE SILVER FLOCK,393.0,725.19,48,0.0025901143967191884
21294,ETCHED GLASS COASTER,1536.0,722.8800000000001,58,0.003129721562702353
23335,EGG FRYING PAN IVORY ,358.0,722.5600000000002,81,0.00437081804446363
22524,CHILDRENS GARDEN GLOVES BLUE,592.0,721.0,65,0.003507446578890568
22683,FRENCH BLUE METAL DOOR SIGN 8,575.0,720.5699999999999,80,0.004316857327865314
84609,TALL ROCOCO CANDLE HOLDER,90.0,720.0,17,0.0009173321821713792
22523,CHILDS GARDEN FORK PINK,843.0,716.55,118,0.006367364558601338
22566,FELTCRAFT HAIRBAND PINK AND PURPLE,828.0,716.2799999999996,118,0.006367364558601338
22587,FELTCRAFT HAIRBAND RED AND BLUE,842.0,715.6999999999997,120,0.006475285991797971
22102,MIRROR MOSAIC T-LIGHT HOLDER ,1533.0,715.0500000000001,18,0.0009712928987696956
72803A,ROSE SCENT CANDLE JEWELLED DRAWER,528.0,714.0,40,0.002158428663932657
22182,CAKE STAND VICTORIAN FILIGREE SMALL,204.0,713.8000000000001,36,0.0019425857975393912
21983,PACK OF 12 BLUE PAISLEY TISSUES ,2223.0,712.73,124,0.006691128858191237
22400,MAGNETS PACK OF 4 HOME SWEET HOME,1386.0,711.8700000000001,143,0.007716382473559249
22565,FELTCRAFT HAIRBANDS PINK AND WHITE ,817.0,711.6099999999998,108,0.005827757392618174
84817,DANISH ROSE DECORATIVE PLATE,951.0,710.6400000000002,55,0.0029678394129074035
23006,TRAVEL CARD WALLET FLOWER MEADOW,1693.0,709.6200000000001,130,0.007014893157781136
37501,TEA TIME TEA SET IN GIFT BOX,102.0,708.9000000000002,29,0.0015648607813511764
20801,LARGE PINK GLASS SUNDAE DISH,848.0,708.1599999999997,54,0.002913878696309087
21288,STRIPEY CHOCOLATE NESTING BOXES,253.0,707.95,40,0.002158428663932657
85130B,BEADED CRYSTAL HEART GREEN LARGE,816.0,707.6999999999999,50,0.0026980358299158215
22309,TEA COSY RED  STRIPE,292.0,706.83,64,0.003453485862292251
84006,MAGIC TREE -PAPER FLOWERS,831.0,706.3499999999999,77,0.004154975178070365
22254,FELT TOADSTOOL LARGE,594.0,706.02,41,0.0022123893805309734
21905,MORE BUTTER METAL SIGN ,684.0,705.3100000000001,110,0.005935678825814807
23123,COCKTAIL SWORDS 50 PIECES,899.0,705.25,68,0.003669328728685517
22316,200 BENDY SKULL STRAWS,637.0,705.05,41,0.0022123893805309734
21090,SET/6 COLLAGE PAPER PLATES,1664.0,704.2600000000002,116,0.006259443125404706
22581,WOOD STOCKING CHRISTMAS SCANDISPOT,1088.0,704.0200000000001,98,0.0052881502266350095
22099,CARAVAN SQUARE TISSUE BOX,1399.0,703.5699999999997,122,0.0065832074249946035
23564,EGG CUP MILKMAID INGRID,587.0,703.51,42,0.0022663500971292897
85116,BLACK CANDELABRA T-LIGHT HOLDER,694.0,702.8000000000002,37,0.0019965465141377078
85212,MINI PAINTED GARDEN DECORATION ,2427.0,702.4699999999998,70,0.00377725016188215
22025,RING OF ROSES BIRTHDAY CARD,1764.0,701.9999999999998,87,0.004694582344053529
10002,INFLATABLE POLITICAL GLOBE ,823.0,699.5500000000002,49,0.0026440751133175048
21636,MADRAS NOTEBOOK MEDIUM,911.0,699.45,71,0.003831210878480466
20966,SANDWICH BATH SPONGE,589.0,698.25,41,0.0022123893805309734
79164,BLACK WINE GLASS,1666.0,697.6200000000001,19,0.001025253615368012
21824,PAINTED METAL STAR WITH HOLLY BELLS,1449.0,697.6100000000002,73,0.003939132311677099
15034,PAPER POCKET TRAVELING FAN ,6419.0,697.0600000000004,91,0.004910425210446795
21162,TOXIC AREA  DOOR HANGER ,1413.0,695.2299999999999,137,0.00739261817396935
23187,FRENCH STYLE STORAGE JAR BONBONS,2338.0,695.0600000000002,74,0.0039930930282754155
22103,MIRROR MOSAIC T-LIGHT HOLDER ROUND,1153.0,694.29,15,0.0008094107489747464
21773,DECORATIVE ROSE BATHROOM BOTTLE,920.0,693.52,59,0.003183682279300669
21204,DAISIES  HONEYCOMB GARLAND ,419.0,691.3499999999999,51,0.002751996546514138
23183,MOTHER'S KITCHEN SPOON REST ,178.0,690.71,58,0.003129721562702353
23222,CHRISTMAS TREE HANGING GOLD,776.0,690.6399999999999,64,0.003453485862292251
21530,DAIRY MAID TOASTRACK,756.0,690.1200000000001,83,0.004478739477660264
35471D,SET OF 3 BIRD LIGHT PINK FEATHER ,1654.0,689.9999999999998,137,0.00739261817396935
85185B,PINK HORSE SOCK PUPPET,240.0,688.8000000000001,45,0.002428232246924239
21823,PAINTED METAL HEART WITH HOLLY BELL,1195.0,687.59,69,0.0037232894452838335
20733,GOLD MINI TAPE MEASURE ,916.0,687.2,46,0.0024821929635225554
22097,SWALLOW SQUARE TISSUE BOX,1577.0,685.5499999999995,132,0.007122814590977768
21158,MOODY GIRL DOOR HANGER ,1422.0,684.9599999999998,146,0.007878264623354198
84660B,BLACK STITCHED WALL CLOCK,695.0,684.6500000000001,29,0.0015648607813511764
23114,VINTAGE LEAF CHOPPING BOARD  ,144.0,684.0000000000002,41,0.0022123893805309734
23115,RED APPLES CHOPPING BOARD   ,144.0,683.9999999999998,38,0.002050507230736024
21680,WOODLAND  STICKERS,804.0,683.3999999999999,53,0.0028599179797107704
85032A,ROMANTIC IMAGES GIFT WRAP SET,737.0,679.1500000000002,96,0.005180228793438377
84763,ZINC FINISH 15CM PLANTER POTS,573.0,679.01,49,0.0026440751133175048
23562,SET OF 6 RIBBONS PERFECTLY PRETTY  ,243.0,678.2699999999999,37,0.0019965465141377078
22685,FRENCH BLUE METAL DOOR SIGN 0,543.0,678.15,70,0.00377725016188215
21708,FOLDING UMBRELLA CREAM POLKADOT,138.0,677.5,32,0.0017267429311461256
85035A,GARDENIA 3 WICK MORRIS BOXED CANDLE,260.0,677.04,71,0.003831210878480466
22586,FELTCRAFT HAIRBAND PINK AND BLUE,796.0,676.5999999999997,117,0.0063134038420030215
47593B,SCOTTIE DOGS BABY BIB,1663.0,676.3899999999998,94,0.005072307360241744
20748,KENSINGTON COFFEE SET,53.0,675.75,30,0.0016188214979494927
21991,BOHEMIAN COLLAGE STATIONERY SET,471.0,675.53,102,0.005503993093028276
22341,LOVE GARLAND PAINTED ZINC ,405.0,672.6500000000001,41,0.0022123893805309734
21789,KIDS RAIN MAC PINK,796.0,672.5799999999999,67,0.0036153680120872005
85231B,CINAMMON SET OF 9 T-LIGHTS,798.0,672.06,108,0.005827757392618174
85049D,BRIGHT BLUES RIBBONS ,537.0,671.25,102,0.005503993093028276
23223,CHRISTMAS TREE HANGING SILVER ,745.0,670.1099999999997,67,0.0036153680120872005
85039B,S/4 IVORY MINI ROSE CANDLE IN BOWL,491.0,669.91,51,0.002751996546514138
23025,DRAWER KNOB VINTAGE GLASS BALL,317.0,669.6100000000001,46,0.0024821929635225554
21209,MULTICOLOUR HONEYCOMB FAN,1142.0,669.1200000000001,57,0.003075760846104036
21880,RED RETROSPOT TAPE,1458.0,668.9400000000003,99,0.005342110943233326
35646,VINTAGE BEAD PINK EVENING BAG,513.0,668.88,44,0.0023742715303259228
22336,DOVE DECORATION PAINTED ZINC ,2281.0,667.71,49,0.0026440751133175048
84279B,CHERRY BLOSSOM DECORATIVE FLASK,179.0,666.9300000000001,57,0.003075760846104036
21866,UNION JACK FLAG LUGGAGE TAG,534.0,666.7099999999999,106,0.005719835959421541
23568,EGG CUP HENRIETTA HEN CREAM ,580.0,664.52,28,0.00151090006475286
22518,CHILDS GARDEN BRUSH BLUE,333.0,663.3000000000005,57,0.003075760846104036
23024,LARGE BONNE JAM JAR  T-LIGHT HOLDER,254.0,662.0600000000002,10,0.0005396071659831643
23597,PAPER BUNTING PAISLEY PARK,246.0,661.7,28,0.00151090006475286
23547,WRAP FLOWER SHOP  ,1575.0,661.5,62,0.0033455644290956185
23140,TRIPLE WIRE HOOK IVORY HEART,160.0,658.54,35,0.001888625080941075
23042,PAPER LANTERN 7 POINT SNOW STAR,99.0,658.3500000000001,25,0.0013490179149579107
21804,WHITE CHRISTMAS GARLAND STARS TREES,178.0,656.7,40,0.002158428663932657
21066,VINTAGE RED MUG,687.0,656.37,41,0.0022123893805309734
85032B,BLOSSOM IMAGES GIFT WRAP SET,739.0,655.8000000000002,93,0.0050183466436434275
84536B,FAIRY CAKES NOTEBOOK A7 SIZE,1684.0,655.3399999999999,99,0.005342110943233326
21677,HEARTS  STICKERS,766.0,655.0,80,0.004316857327865314
22267,EASTER DECORATION EGG BUNNY ,828.0,654.7,75,0.004047053744873732
21351,CINAMMON & ORANGE WREATH,101.0,654.55,31,0.0016727822145478093
22451,SILK PURSE BABUSHKA RED,201.0,654.1500000000003,38,0.002050507230736024
21272,SALLE DE BAIN HOOK,498.0,653.8199999999999,60,0.0032376429958989855
23482,PEARLISED IVORY HEART LARGE ,415.0,651.1500000000001,36,0.0019425857975393912
22856,ASSORTED EASTER DECORATIONS  BELLS,564.0,650.28,22,0.0011871357651629614
21696,SMALL SILVER TRELLIS CANDLEPOT,220.0,649.0,29,0.0015648607813511764
22057,CERAMIC PLATE STRAWBERRY DESIGN,578.0,648.1800000000001,56,0.00302180012950572
20996,JAZZ HEARTS ADDRESS BOOK,3054.0,648.1199999999999,184,0.009928771854090222
21774,DECORATIVE CATS BATHROOM BOTTLE,835.0,647.03,52,0.002805957263112454
22217,T-LIGHT HOLDER HANGING LACE,764.0,646.26,64,0.003453485862292251
22276,WASH BAG VINTAGE ROSE PAISLEY,253.0,645.1500000000001,62,0.0033455644290956185
23408,PHOTO FRAME LINEN AND LACE SMALL,310.0,644.8000000000002,59,0.003183682279300669
23524,WALL ART HORSE & PONY ,209.0,644.6700000000001,34,0.0018346643643427584
23120,PACK OF 6 SMALL FRUIT STRAWS,1617.0,644.5799999999999,79,0.0042628966112669975
22251,BIRDHOUSE DECORATION MAGIC GARDEN,518.0,642.94,72,0.0038851715950787825
21398,RED POLKADOT COFFEE  MUG,1499.0,642.7500000000003,49,0.0026440751133175048
22281,EASTER TREE YELLOW BIRDS,108.0,642.5999999999997,43,0.0023203108137276065
22026,BANQUET BIRTHDAY  CARD  ,1560.0,642.24,100,0.005396071659831643
23325,RUSTIC STRAWBERRY JAM POT SMALL,408.0,642.0,27,0.0014569393481545436
85019B,BLOSSOM  IMAGES NOTEBOOK SET,498.0,640.5,25,0.0013490179149579107
84800L,LARGE WHITE/PINK ROSE ART FLOWER,360.0,639.3600000000001,22,0.0011871357651629614
22454,MEASURING TAPE BABUSHKA RED,228.0,639.0,37,0.0019965465141377078
22718,CARD CAT AND TREE ,1536.0,636.48,104,0.005611914526224908
23298,"BUNTING , SPOTTY ",146.0,634.7,7,0.000377725016188215
70007,HI TEC ALPINE HAND WARMER,728.0,632.76,53,0.0028599179797107704
21613,S/12 VANILLA  BOTANICAL T-LIGHTS,221.0,632.75,38,0.002050507230736024
17021,NAMASTE SWAGAT INCENSE,2391.0,632.34,47,0.002536153680120872
35923,CANDY HEART HANGING DECORATION,1265.0,631.71,41,0.0022123893805309734
22101,MIRROR MOSAIC VOTIVE HOLDER,837.0,631.6200000000001,24,0.0012950571983595942
85036A,GARDENIA 1 WICK MORRIS BOXED CANDLE,199.0,631.03,52,0.002805957263112454
72232,FENG SHUI PILLAR CANDLE,3317.0,630.2299999999999,65,0.003507446578890568
22535,MAGIC DRAWING SLATE BUNNIES ,1713.0,630.1800000000002,110,0.005935678825814807
21786,POLKADOT RAIN HAT ,1586.0,629.8900000000001,88,0.0047485430606518456
23551,PACK OF 12 PAISLEY PARK TISSUES ,1614.0,629.4600000000003,95,0.00512626807684006
23019,SMALL APOTHECARY MEASURING JAR ,81.0,629.0500000000001,28,0.00151090006475286
22814,CARD PARTY GAMES ,1569.0,628.7399999999999,95,0.00512626807684006
85173,SET/6 FROG PRINCE T-LIGHT CANDLES,434.0,628.4700000000001,49,0.0026440751133175048
20704,MR ROBOT SOFT TOY,211.0,626.4499999999998,39,0.002104467947334341
22321,BIRD DECORATION RED RETROSPOT,736.0,625.5999999999999,57,0.003075760846104036
84665,SQUARE CHERRY BLOSSOM CABINET,105.0,624.7500000000001,17,0.0009173321821713792
85114B,IVORY ENCHANTED FOREST PLACEMAT,393.0,624.4499999999998,51,0.002751996546514138
22999,TRAVEL CARD WALLET RETRO PETALS,1489.0,623.9399999999999,88,0.0047485430606518456
79163,BLACK CHAMPAGNE GLASS,1517.0,621.8700000000001,33,0.001780703647744442
22618,COOKING SET RETROSPOT,66.0,621.6600000000001,25,0.0013490179149579107
23224,CHERUB HEART DECORATION GOLD,719.0,620.4499999999999,59,0.003183682279300669
85135C,RED DRAGONFLY HELICOPTER,78.0,620.1,49,0.0026440751133175048
85071B,RED CHARLIE+LOLA PERSONAL DOORSIGN,1245.0,618.3500000000001,103,0.0055579538096265915
79066K,RETRO MOD TRAY,739.0,618.1299999999999,110,0.005935678825814807
22615,PACK OF 12 CIRCUS PARADE TISSUES ,2022.0,617.8399999999999,69,0.0037232894452838335
84581,DOG TOY WITH PINK CROCHET SKIRT,164.0,615.76,70,0.00377725016188215
22715,CARD WEDDING DAY,1506.0,615.24,98,0.0052881502266350095
22753,SMALL YELLOW BABUSHKA NOTEBOOK ,917.0,613.7799999999999,166,0.008957478955320527
23216,LAUREL HEART ANTIQUE GOLD,518.0,613.51,40,0.002158428663932657
22701,PINK DOG BOWL,436.0,613.24,52,0.002805957263112454
22393,PAPERWEIGHT VINTAGE COLLAGE,485.0,612.28,49,0.0026440751133175048
21424,WOODLAND STORAGE BOX LARGE ,227.0,612.05,22,0.0011871357651629614
23453,OVAL  MINI PORTRAIT FRAME,315.0,611.8500000000003,46,0.0024821929635225554
85141,JARDIN ETCHED GLASS FRUITBOWL,119.0,611.6499999999999,38,0.002050507230736024
22450,SILK PURSE BABUSHKA BLUE,183.0,610.6500000000001,52,0.002805957263112454
23492,VINTAGE JINGLE BELLS WREATH,74.0,610.5,26,0.001402978631556227
23070,EDWARDIAN HEART PHOTO FRAME,147.0,610.0500000000002,33,0.001780703647744442
21054,NURSE'S BAG SOFT TOY,68.0,608.5999999999998,27,0.0014569393481545436
21195,PINK  HONEYCOMB PAPER BALL ,417.0,607.8600000000001,24,0.0012950571983595942
22481,BLACK TEA TOWEL CLASSIC DESIGN,692.0,607.74,84,0.0045327001942585795
21769,VINTAGE POST OFFICE CABINET,11.0,607.6500000000001,2,0.00010792143319663285
23435,3 RAFFIA RIBBONS VINTAGE CHRISTMAS,676.0,606.2799999999995,44,0.0023742715303259228
22533,MAGIC DRAWING SLATE BAKE A CAKE ,1740.0,605.52,78,0.004208935894668682
21628,TRIANGULAR POUFFE VINTAGE ,43.0,605.4499999999999,16,0.0008633714655730628
21894,POTTING SHED SEED ENVELOPES,471.0,604.48,71,0.003831210878480466
21126,SET OF 6 GIRLS CELEBRATION CANDLES,487.0,604.19,67,0.0036153680120872005
22981,PANTRY APPLE CORER,435.0,601.9499999999998,72,0.0038851715950787825
21707,FOLDING UMBRELLA BLACKBLUE POLKADOT,120.0,601.22,47,0.002536153680120872
21163,DO NOT TOUCH MY STUFF DOOR HANGER ,1171.0,599.7900000000001,110,0.005935678825814807
85177,BASKET OF FLOWERS SEWING KIT,774.0,599.7599999999999,42,0.0022663500971292897
22062,CERAMIC BOWL WITH LOVE HEART DESIGN,554.0,599.74,52,0.002805957263112454
22520,CHILDS GARDEN TROWEL BLUE ,705.0,599.25,105,0.005665875242823225
85199L,LARGE HANGING IVORY & RED WOOD BIRD,925.0,598.3700000000001,65,0.003507446578890568
23282,FOLDING BUTTERFLY MIRROR IVORY ,735.0,597.7799999999997,100,0.005396071659831643
22228,BUNNY WOODEN PAINTED WITH BIRD ,851.0,597.3099999999998,93,0.0050183466436434275
23027,DRAWER KNOB VINTAGE GLASS HEXAGON,287.0,596.96,27,0.0014569393481545436
22389,PAPERWEIGHT SAVE THE PLANET,329.0,596.9100000000001,36,0.0019425857975393912
16225,RATTLE SNAKE EGGS,760.0,596.8399999999999,75,0.004047053744873732
23471,SIX DRAWER OFFICE TIDY,64.0,596.0,26,0.001402978631556227
84789,ENCHANTED BIRD PLANT CAGE,180.0,595.8000000000001,43,0.0023203108137276065
22806,SET OF 6 T-LIGHTS WEDDING CAKE ,243.0,595.6500000000001,28,0.00151090006475286
23124,18PC WOODEN CUTLERY SET DISPOSABLE,503.0,595.15,24,0.0012950571983595942
21643,ASSORTED TUTTI FRUTTI MIRROR,490.0,594.26,31,0.0016727822145478093
22893,MINI CAKE STAND T-LIGHT HOLDER,1464.0,591.84,65,0.003507446578890568
21292,SMALL STRIPES CHOCOLATE GIFT BAG ,865.0,591.25,26,0.001402978631556227
22862,LOVE HEART NAPKIN BOX ,139.0,590.75,45,0.002428232246924239
84660C,PINK STITCHED WALL CLOCK,639.0,590.5700000000002,27,0.0014569393481545436
23018,LARGE APOTHECARY MEASURING JAR ,50.0,587.2,20,0.0010792143319663286
84754,S/15 SILVER GLASS BAUBLES IN BAG,502.0,586.46,36,0.0019425857975393912
22133,PINK LOVE HEART SHAPE CUP,702.0,585.7799999999997,60,0.0032376429958989855
23520,EMBROIDERED RIBBON REEL RUBY ,165.0,585.63,30,0.0016188214979494927
84509B,SET OF 4 FAIRY CAKE PLACEMATS,156.0,585.0,48,0.0025901143967191884
22106,MIRROR MOSAIC HURRICANE LAMP ,286.0,584.9000000000001,12,0.0006475285991797971
85039A,SET/4 RED MINI ROSE CANDLE IN BOWL,443.0,583.2499999999999,40,0.002158428663932657
21883,STARS GIFT TAPE ,1368.0,581.0600000000003,93,0.0050183466436434275
22163,HEART STRING MEMO HOLDER HANGING,626.0,580.9399999999999,49,0.0026440751133175048
22021,BLUE FELT EASTER EGG BASKET,350.0,577.4999999999993,64,0.003453485862292251
22684,FRENCH BLUE METAL DOOR SIGN 9,462.0,576.9,60,0.0032376429958989855
22786,CUSHION COVER PINK UNION JACK,108.0,576.6399999999999,37,0.0019965465141377078
22448,PIN CUSHION BABUSHKA RED,187.0,576.31,34,0.0018346643643427584
85144,JARDIN ETCHED GLASS CHEESE DISH,219.0,575.4499999999997,40,0.002158428663932657
21143,ANTIQUE GLASS HEART DECORATION ,295.0,575.2499999999999,26,0.001402978631556227
85125,SMALL ROUND CUT GLASS CANDLESTICK,127.0,574.75,18,0.0009712928987696956
22279,POCKET BAG BLUE PAISLEY RED SPOT,477.0,574.6600000000001,46,0.0024821929635225554
40001,WHITE BAMBOO RIBS LAMPSHADE,755.0,573.7099999999999,35,0.001888625080941075
22319,HAIRCLIPS FORTIES FABRIC ASSORTED,1322.0,572.2600000000001,61,0.0032916037124973018
22403,MAGNETS PACK OF 4 VINTAGE LABELS ,1222.0,569.36,85,0.004586660910856896
22339,CHRISTMAS TREE PAINTED ZINC ,2283.0,569.2900000000001,51,0.002751996546514138
22035,VINTAGE CARAVAN GREETING CARD ,1394.0,569.02,87,0.004694582344053529
22396,MAGNETS PACK OF 4 RETRO PHOTO,1176.0,568.76,107,0.005773796676019858
21627,ELEPHANT CARNIVAL POUFFE,38.0,568.0999999999999,24,0.0012950571983595942
21171,BATHROOM METAL SIGN ,424.0,566.8,60,0.0032376429958989855
20893,HANGING BAUBLE T-LIGHT HOLDER SMALL,258.0,566.5500000000002,19,0.001025253615368012
22105,MIRROR MOSAIC GOBLET CANDLE HOLDER,506.0,566.5,10,0.0005396071659831643
21684,SMALL MEDINA STAMPED METAL BOWL ,752.0,565.2099999999999,36,0.0019425857975393912
85032C,CURIOUS IMAGES GIFT WRAP SET,595.0,565.1000000000001,84,0.0045327001942585795
22288,HANGING METAL RABBIT DECORATION,452.0,565.0,39,0.002104467947334341
22266,EASTER DECORATION HANGING BUNNY,1860.0,562.6999999999999,78,0.004208935894668682
22067,CHOC TRUFFLE GOLD TRINKET POT ,385.0,562.53,48,0.0025901143967191884
22096,PINK PAISLEY SQUARE TISSUE BOX ,1357.0,561.75,109,0.00588171810921649
23428,IVORY RETRO KITCHEN WALL CLOCK,70.0,559.5000000000001,26,0.001402978631556227
35651,VINTAGE BEAD PINK SCARF ,330.0,557.1,33,0.001780703647744442
84912B,GREEN ROSE WASHBAG,148.0,555.0,46,0.0024821929635225554
22999,TRAVEL CARD WALLET VINTAGE LEAF,1320.0,554.4000000000002,97,0.005234189510036694
21289,LARGE STRIPES CHOCOLATE GIFT BAG,443.0,553.75,19,0.001025253615368012
85036B,CHOCOLATE 1 WICK MORRIS BOX CANDLE,352.0,553.5799999999999,42,0.0022663500971292897
22525,CHILDRENS GARDEN GLOVES PINK,458.0,553.5,52,0.002805957263112454
22272,FELTCRAFT DOLL MARIA,194.0,553.0999999999999,46,0.0024821929635225554
22129,PARTY CONES CANDY TREE DECORATION,690.0,552.1800000000001,28,0.00151090006475286
23456,MEDIUM PARLOUR PICTURE FRAME ,136.0,550.0000000000002,34,0.0018346643643427584
22953,BIRTHDAY PARTY CORDON BARRIER TAPE,436.0,548.63,81,0.00437081804446363
37327,ASSTD MULTICOLOUR CIRCLES MUG,1374.0,547.98,45,0.002428232246924239
85019A,ROMANTIC IMAGES NOTEBOOK SET,409.0,547.25,28,0.00151090006475286
22756,LARGE YELLOW BABUSHKA NOTEBOOK ,554.0,546.88,93,0.0050183466436434275
23549,WRAP BIRD GARDEN ,1300.0,546.0,51,0.002751996546514138
84519B,CARROT CHARLIE+LOLA COASTER SET,425.0,545.99,91,0.004910425210446795
85103,SILVER T-LIGHT SETTING,91.0,545.45,6,0.00032376429958989856
35810A,ENAMEL PINK COFFEE CONTAINER,602.0,545.3800000000001,52,0.002805957263112454
84929,ASSTD FRUIT+FLOWERS FRIDGE MAGNETS,2244.0,545.1600000000001,62,0.0033455644290956185
23381,PACK OF 12 VINTAGE LEAF TISSUES ,1474.0,544.6200000000001,64,0.003453485862292251
22825,DECORATIVE PLANT POT WITH FRIEZE,70.0,544.5,25,0.0013490179149579107
85172,HYACINTH BULB T-LIGHT CANDLES,1296.0,544.32,40,0.002158428663932657
22258,FELT FARM ANIMAL RABBIT,722.0,543.94,36,0.0019425857975393912
23069,EDWARDIAN PHOTO FRAME,87.0,543.75,31,0.0016727822145478093
84352,SILVER CHRISTMAS TREE BAUBLE STAND ,33.0,543.3499999999999,22,0.0011871357651629614
20986,BLUE CALCULATOR RULER,459.0,543.01,58,0.003129721562702353
21159,MOODY BOY  DOOR HANGER ,1108.0,542.3599999999999,108,0.005827757392618174
85176,SEWING SUSAN 21 NEEDLE SET,626.0,542.2399999999998,75,0.004047053744873732
21948,SET OF 6 CAKE CHOPSTICKS,417.0,541.82,54,0.002913878696309087
18098C,PORCELAIN BUTTERFLY OIL BURNER,193.0,540.5499999999998,36,0.0019425857975393912
20702,PINK PADDED MOBILE,127.0,539.75,40,0.002158428663932657
22514,CHILDS GARDEN SPADE BLUE,260.0,537.0,75,0.004047053744873732
23454,THREE MINI HANGING FRAMES,129.0,535.3499999999999,44,0.0023742715303259228
22821,GIFT BAG PSYCHEDELIC APPLES,822.0,534.6600000000001,66,0.003561407295488884
20772,GARDEN PATH JOURNAL,218.0,534.46,46,0.0024821929635225554
20767,BLUE PAISLEY JOURNAL ,214.0,534.3199999999999,58,0.003129721562702353
21205,MULTICOLOUR 3D BALLS GARLAND,209.0,532.95,48,0.0025901143967191884
23324,RUSTIC STRAWBERRY JAM POT LARGE ,261.0,531.8400000000001,33,0.001780703647744442
22246,MAGIC GARDEN FELT GARLAND ,266.0,531.7799999999999,35,0.001888625080941075
21208,PASTEL COLOUR HONEYCOMB FAN,873.0,531.69,56,0.00302180012950572
21448,12 DAISY PEGS IN WOOD BOX,322.0,531.3000000000002,62,0.0033455644290956185
21106,CREAM SLICE FLANNEL CHOCOLATE SPOT ,193.0,530.9499999999999,34,0.0018346643643427584
23473,WOODLAND SMALL RED FELT HEART,665.0,530.8299999999998,43,0.0023203108137276065
22249,DECORATION WHITE CHICK MAGIC GARDEN,629.0,530.4900000000002,75,0.004047053744873732
22136,LOVE HEART SOCK HANGER,333.0,530.25,50,0.0026980358299158215
22709,WRAP WEDDING DAY,1325.0,528.5,39,0.002104467947334341
21633,SUNFLOWER DECORATIVE PARASOL,87.0,528.45,14,0.00075545003237643
22599,CHRISTMAS MUSICAL ZINC STAR,1489.0,528.2099999999999,70,0.00377725016188215
22275,WEEKEND BAG VINTAGE ROSE PAISLEY,69.0,527.85,1,5.3960716598316424e-05
21822,GLITTER CHRISTMAS TREE WITH BELLS,573.0,527.6500000000002,58,0.003129721562702353
21747,SMALL SKULL WINDMILL,437.0,527.53,42,0.0022663500971292897
85130D,BEADED CRYSTAL HEART PINK LARGE,552.0,526.38,51,0.002751996546514138
22707,WRAP MONSTER FUN ,1250.0,525.0,47,0.002536153680120872
22482,BLUE TEA TOWEL CLASSIC DESIGN,448.0,523.52,48,0.0025901143967191884
20785,FUSCHIA RETRO BAR STOOL,14.0,523.3000000000001,5,0.00026980358299158214
23272,TREE T-LIGHT HOLDER WILLIE WINKIE,352.0,522.74,35,0.001888625080941075
75131,METAL TUBE CHIME ON BAMBOO,488.0,522.5600000000001,13,0.0007014893157781135
23499,SET 12 VINTAGE DOILY CHALK ,1244.0,522.4799999999999,93,0.0050183466436434275
37475,SET/4 COLOURFUL MIXING BOWLS,56.0,522.16,29,0.0015648607813511764
21187,WHITE BELL HONEYCOMB PAPER GARLAND ,328.0,522.0,33,0.001780703647744442
21261,GREEN GOOSE FEATHER CHRISTMAS TREE ,167.0,520.6500000000001,27,0.0014569393481545436
22269,EGG CUP NATURAL CHICKEN,840.0,520.48,87,0.004694582344053529
84816,DANISH ROSE BEDSIDE CABINET,13.0,519.3499999999999,10,0.0005396071659831643
85049H,URBAN BLACK RIBBONS ,447.0,519.22,73,0.003939132311677099
23451,SQUARE MINI PORTRAIT FRAME,268.0,518.9999999999998,44,0.0023742715303259228
16235,RECYCLED PENCIL WITH RABBIT ERASER,2629.0,518.1899999999998,80,0.004316857327865314
20832,RED FLOCK LOVE HEART PHOTO FRAME,1010.0,517.6800000000001,55,0.0029678394129074035
22264,FELT FARM ANIMAL WHITE BUNNY ,1391.0,517.0699999999999,40,0.002158428663932657
22642,SET OF 4 NAPKIN CHARMS STARS   ,253.0,516.8000000000001,43,0.0023203108137276065
20932,PINK POT PLANT CANDLE,189.0,516.2500000000001,22,0.0011871357651629614
22543,MINI JIGSAW BAKE A CAKE ,1434.0,515.77,39,0.002104467947334341
85187,S/12 MINI RABBIT EASTER,324.0,515.3999999999997,58,0.003129721562702353
22233,JIGSAW RABBIT AND BIRDHOUSE,540.0,514.7,77,0.004154975178070365
22584,PACK OF 6 PANETTONE GIFT BOXES,226.0,513.9100000000001,14,0.00075545003237643
23016,GLASS TWIST BON BON JAR,69.0,512.85,19,0.001025253615368012
85071A,BLUE CHARLIE+LOLA PERSONAL DOORSIGN,976.0,512.8000000000001,90,0.004856464493848478
22495,SET OF 2 ROUND TINS CAMEMBERT ,241.0,512.2300000000001,65,0.003507446578890568
85107,CUT GLASS T-LIGHT HOLDER OCTAGON,241.0,511.35,25,0.0013490179149579107
21317,GLASS SPHERE CANDLE STAND MEDIUM,95.0,510.75000000000006,26,0.001402978631556227
21926,RED/CREAM STRIPE CUSHION COVER ,414.0,509.9,60,0.0032376429958989855
22521,CHILDS GARDEN TROWEL PINK,598.0,508.29999999999995,94,0.005072307360241744
22719,GUMBALL MONOCHROME COAT RACK,463.0,508.0700000000001,34,0.0018346643643427584
23060,HEART BEADED TRELLIS DECORATION,244.0,507.52000000000004,39,0.002104467947334341
21784,SHOE SHINE BOX ,51.0,507.4499999999998,38,0.002050507230736024
35001G,HAND OPEN SHAPE GOLD,156.0,506.58,24,0.0012950571983595942
22232,JIGSAW TOADSTOOLS 3 PIECE,623.0,506.42999999999995,61,0.0032916037124973018
35971,ROSE FOLKART HEART DECORATIONS,423.0,504.64,53,0.0028599179797107704
23219,LAUREL STAR ANTIQUE SILVER ,404.0,504.6,49,0.0026440751133175048
35599B,BLACK CHRISTMAS TREE 120CM,209.0,503.85,23,0.0012410964817612777
21925,UNION STRIPE CUSHION COVER ,403.0,503.75,65,0.003507446578890568
22317,FIVE CATS HANGING DECORATION,171.0,503.37,39,0.002104467947334341
85104,SILVER GLASS T-LIGHT SET,196.0,502.48,14,0.00075545003237643
23139,SINGLE WIRE HOOK PINK HEART,406.0,502.38,22,0.0011871357651629614
22068,BLACK PIRATE TREASURE CHEST,432.0,502.38,81,0.00437081804446363
22420,LIPSTICK PEN BABY PINK,1198.0,499.9100000000001,84,0.0045327001942585795
84031A,CHARLIE+LOLA RED HOT WATER BOTTLE ,173.0,498.5300000000001,49,0.0026440751133175048
22050,PINK PAISLEY ROSE GIFT WRAP,1225.0,498.5,40,0.002158428663932657
21383,PACK OF 12 STICKY BUNNIES,765.0,497.25000000000006,77,0.004154975178070365
85170D,SET/6 PINK BIRD T-LIGHT CANDLES,355.0,497.21,51,0.002751996546514138
85169A,IVORY LOVE BIRD CANDLE,502.0,496.72,48,0.0025901143967191884
79067,CORONA MEXICAN TRAY,143.0,496.25,18,0.0009712928987696956
23398,HANGING HEART BONHEUR,587.0,495.8299999999999,57,0.003075760846104036
23528,WALL ART SPACEBOY,156.0,495.48,21,0.0011331750485646449
21264,WHITE GOOSE FEATHER TREE 60CM ,254.0,495.2999999999999,42,0.0022663500971292897
22820,GIFT BAG BIRTHDAY,761.0,494.83000000000015,45,0.002428232246924239
22116,METAL SIGN HIS DINNER IS SERVED,505.0,493.3900000000001,90,0.004856464493848478
85017B,ENVELOPE 50 BLOSSOM IMAGES,947.0,491.55000000000007,74,0.0039930930282754155
21446,12 RED ROSE PEG PLACE SETTINGS,392.0,490.0,75,0.004047053744873732
22166,WALL MIRROR RECTANGLE DIAMANTE PINK,122.0,489.9000000000001,16,0.0008633714655730628
21638,ASSORTED TUTTI FRUTTI NOTEBOOK,233.0,489.3,31,0.0016727822145478093
21899,GARAGE KEY FOB,730.0,489.20000000000016,115,0.006205482408806389
22515,CHILDS GARDEN SPADE PINK,237.0,488.70000000000005,63,0.003399525145693935
20866,BLUE ROSE FABRIC MIRROR,408.0,487.34000000000003,37,0.0019965465141377078
22717,CARD DOG AND BALL ,1170.0,487.0799999999998,87,0.004694582344053529
21059,PARTY INVITES DINOSAURS,573.0,487.04999999999995,77,0.004154975178070365
21251,DINOSAUR HEIGHT CHART STICKER SET,165.0,486.75,35,0.001888625080941075
21277,FRENCH STYLE EMBOSSED HEART CABINET,23.0,485.9,20,0.0010792143319663286
23413,VINTAGE COFFEE GRINDER BOX,102.0,485.7000000000001,23,0.0012410964817612777
20764,ABSTRACT CIRCLES SKETCHBOOK ,126.0,483.63,60,0.0032376429958989855
23660,HENRIETTA HEN MUG ,293.0,483.4500000000001,31,0.0016727822145478093
84820,DANISH ROSE TRINKET TRAYS,259.0,483.04999999999995,31,0.0016727822145478093
22861,EASTER TIN CHICKS IN GARDEN,292.0,481.7999999999998,38,0.002050507230736024
22127,PARTY CONES CARNIVAL ASSORTED,402.0,479.7,20,0.0010792143319663286
23169,CLASSIC GLASS SWEET JAR,119.0,479.45000000000005,14,0.00075545003237643
21096,SET/6 FRUIT SALAD  PAPER PLATES,1143.0,479.2500000000001,70,0.00377725016188215
84625C,BLUE NEW BAROQUE CANDLESTICK CANDLE,439.0,478.15,28,0.00151090006475286
22181,SNOWSTORM PHOTO FRAME FRIDGE MAGNET,577.0,477.96999999999997,46,0.0024821929635225554
22359,GLASS JAR KINGS CHOICE,161.0,477.78999999999996,62,0.0033455644290956185
85025C,PINK HEART SHAPE PHOTO FRAME,307.0,476.35,28,0.00151090006475286
22023,EMPIRE BIRTHDAY CARD,1131.0,476.24999999999994,84,0.0045327001942585795
23021,GLASS BONNE JAM JAR,117.0,475.95,25,0.0013490179149579107
79030G,TUMBLER NEW ENGLAND,1220.0,475.80000000000007,41,0.0022123893805309734
21587,COSY HOUR GIANT TUBE MATCHES,195.0,475.65000000000003,26,0.001402978631556227
22496,SET OF 2 ROUND TINS DUTCH CHEESE,242.0,474.1400000000001,69,0.0037232894452838335
22559,SEASIDE FLYING DISC,387.0,472.77,39,0.002104467947334341
23180,MUM'S KITCHEN CLOCK,104.0,471.9,36,0.0019425857975393912
85231G,ORANGE SCENTED SET/9 T-LIGHTS,573.0,471.44999999999993,66,0.003561407295488884
21618,4 WILDFLOWER BOTANICAL CANDLES,301.0,471.25,51,0.002751996546514138
85025B,EAU DE NILE HEART SHAPE PHOTO FRAME,303.0,471.15,21,0.0011331750485646449
23527,WALL ART ANIMALS AND NATURE ,148.0,471.0,26,0.001402978631556227
84625A,PINK NEW BAROQUECANDLESTICK CANDLE,455.0,470.7500000000001,31,0.0016727822145478093
21468,BUTTERFLY CROCHET FOOD COVER,123.0,468.67,50,0.0026980358299158215
23377,PACK OF 12 DOLLY GIRL TISSUES,1200.0,468.00000000000006,80,0.004316857327865314
85032D,YULETIDE IMAGES GIFT WRAP SET,630.0,467.50000000000006,58,0.003129721562702353
85049F,BABY BOOM RIBBONS ,374.0,467.5,85,0.004586660910856896
23136,IVORY WIRE SWEETHEART LETTER TRAY,127.0,467.05,44,0.0023742715303259228
22183,CAKE STAND VICTORIAN FILIGREE MED,74.0,466.95000000000005,17,0.0009173321821713792
23218,LAUREL STAR ANTIQUE GOLD,372.0,465.81,33,0.001780703647744442
35599D,PINK AND WHITE CHRISTMAS TREE 120CM,186.0,465.38,19,0.001025253615368012
21084,SET/6 COLLAGE PAPER CUPS,2199.0,463.8500000000001,103,0.0055579538096265915
21476,STEEL SWEETHEART ROUND TABLE CREAM,31.0,463.44999999999993,18,0.0009712928987696956
21634,ASSORTED MINI MADRAS NOTEBOOK,948.0,462.60000000000014,23,0.0012410964817612777
21803,CHRISTMAS TREE STAR DECORATION,1101.0,462.42,49,0.0026440751133175048
85131A,BEADED PEARL HEART WHITE ON STICK,469.0,462.17,25,0.0013490179149579107
21630,FLOOR CUSHION ELEPHANT CARNIVAL,54.0,461.3,22,0.0011871357651629614
21215,IVORY PAPER CUP CAKE CASES ,866.0,460.7000000000001,63,0.003399525145693935
22255,FELT TOADSTOOL  SMALL,542.0,460.6999999999999,44,0.0023742715303259228
23691,WRAP KEEP CALM BIRTHDAY,1125.0,460.5,36,0.0019425857975393912
23455,SMALL PARLOUR PICTURE FRAME,164.0,459.5599999999998,32,0.0017267429311461256
85016,SET OF 6 VINTAGE NOTELETS KIT,522.0,459.0000000000001,25,0.0013490179149579107
23561,SET OF 6 RIBBONS PARTY,167.0,458.63,13,0.0007014893157781135
21865,PINK UNION JACK  PASSPORT COVER ,220.0,457.0799999999999,68,0.003669328728685517
22324,BLUE POLKADOT KIDS BAG,228.0,456.36,29,0.0015648607813511764
22511,RETROSPOT BABUSHKA DOORSTOP,245.0,455.87,48,0.0025901143967191884
21014,SWISS CHALET TREE DECORATION ,1233.0,455.57000000000005,66,0.003561407295488884
23548,WRAP MAGIC FOREST ,1075.0,451.5,43,0.0023203108137276065
22194,BLACK DINER WALL CLOCK,53.0,450.5,33,0.001780703647744442
22595,CHRISTMAS GINGHAM HEART,552.0,450.4799999999999,30,0.0016188214979494927
21507,ELEPHANT BIRTHDAY CARD ,1080.0,449.8800000000001,72,0.0038851715950787825
22286,"DECORATION , WOBBLY RABBIT , METAL ",272.0,448.8,34,0.0018346643643427584
35004G,SET OF 3 GOLD FLYING DUCKS,126.0,448.30000000000007,20,0.0010792143319663286
85194S,HANGING SPRING FLOWER EGG SMALL,1163.0,447.75,55,0.0029678394129074035
71279,PINK GLASS CANDLEHOLDER,155.0,447.65000000000003,27,0.0014569393481545436
23560,SET OF 6 RIBBONS COUNTRY STYLE,163.0,447.07,20,0.0010792143319663286
21472,LADYBIRD + BEE RAFFIA FOOD COVER,119.0,446.25,33,0.001780703647744442
21397,BLUE POLKADOT EGG CUP ,1016.0,445.26000000000016,44,0.0023742715303259228
23074,EMBOSSED HEART TRINKET BOX,221.0,444.0199999999999,35,0.001888625080941075
17096,ASSORTED LAQUERED INCENSE HOLDERS,2516.0,443.76,13,0.0007014893157781135
23125,6PC WOOD PLATE SET DISPOSABLE,405.0,443.25,16,0.0008633714655730628
21675,BUTTERFLIES STICKERS,519.0,442.70999999999987,51,0.002751996546514138
22261,FELT EGG COSY WHITE RABBIT ,514.0,442.35999999999984,70,0.00377725016188215
85184C,SET 4 VALENTINE DECOUPAGE HEART BOX,151.0,441.53,44,0.0023742715303259228
84596L,BISCUITS SMALL BOWL LIGHT BLUE,1038.0,440.94000000000005,79,0.0042628966112669975
21650,ASSORTED TUTTI FRUTTI BRACELET,2197.0,440.8900000000001,61,0.0032916037124973018
84707A,SILVER JEWELLED MIRROR TRINKET TRAY,66.0,440.74,25,0.0013490179149579107
23045,PAPER LANTERN 5 POINT STAR MOON ,106.0,439.90000000000003,18,0.0009712928987696956
21473,SWEETHEART CREAM STEEL TABLE RECT,22.0,438.9,18,0.0009712928987696956
21640,ASSORTED TUTTI FRUTTI  FOB NOTEBOOK,529.0,437.16999999999996,46,0.0024821929635225554
72819,CUPID DESIGN SCENTED CANDLES,208.0,436.40000000000003,30,0.0016188214979494927
23425,STORAGE TIN HOME SWEET HOME,237.0,435.42999999999995,35,0.001888625080941075
23565,EGG CUP MILKMAID HELGA ,348.0,435.0,31,0.0016727822145478093
35598B,BLACK CHRISTMAS TREE 60CM,554.0,433.70000000000005,22,0.0011871357651629614
35598D,PINK/WHITE CHRISTMAS TREE 60CM,660.0,433.22,24,0.0012950571983595942
23509,MINI PLAYING CARDS FUN FAIR ,1040.0,433.19999999999976,54,0.002913878696309087
22446,PIN CUSHION BABUSHKA PINK,161.0,432.98999999999995,38,0.002050507230736024
23043,PAPER LANTERN 9 POINT HOLLY STAR L,69.0,431.25,16,0.0008633714655730628
21709,FOLDING UMBRELLA CHOCOLATE POLKADOT,87.0,430.06000000000006,31,0.0016727822145478093
22647,CERAMIC LOVE HEART MONEY BANK,721.0,429.8499999999999,36,0.0019425857975393912
20705,MRS ROBOT SOFT TOY,143.0,428.85,28,0.00151090006475286
23379,PACK OF 12 RED APPLE TISSUES,1175.0,428.0100000000001,50,0.0026980358299158215
21654,RIDGED GLASS FINGER BOWL,934.0,427.86,47,0.002536153680120872
22903,CALENDAR FAMILY FAVOURITES,153.0,427.43,32,0.0017267429311461256
84674,FLYING PIG WATERING CAN,186.0,426.29999999999995,40,0.002158428663932657
23522,DOG AND BALL WALL ART,252.0,425.8799999999999,4,0.0002158428663932657
22340,NOEL GARLAND PAINTED ZINC ,980.0,425.1600000000002,61,0.0032916037124973018
21062,PARTY INVITES SPACEMAN,500.0,425.0,61,0.0032916037124973018
85130C,BEADED CRYSTAL HEART BLUE  LARGE,478.0,424.0600000000001,43,0.0023203108137276065
21972,SET OF 36 DINOSAUR PAPER DOILIES,292.0,423.4,39,0.002104467947334341
17012B,ORIGAMI JASMINE INCENSE/CANDLE SET,455.0,422.54999999999995,36,0.0019425857975393912
77101A,UNION FLAG WINDSOCK,385.0,421.97,20,0.0010792143319663286
90154,LAZER CUT NECKLACE W PASTEL BEADS,57.0,421.75,5,0.00026980358299158214
23058,CHRISTMAS HANGING SNOWFLAKE,486.0,421.0200000000001,44,0.0023742715303259228
21417,COCKLE SHELL DISH,289.0,420.88,32,0.0017267429311461256
23117,POPPY FIELDS CHOPPING BOARD,85.0,420.74999999999994,39,0.002104467947334341
84976,RECTANGULAR SHAPED MIRROR,502.0,420.68000000000006,29,0.0015648607813511764
21711,FOLDING UMBRELLA WHITE/RED POLKADOT,86.0,420.1,23,0.0012410964817612777
21802,CHRISTMAS TREE HEART DECORATION,997.0,418.74,46,0.0024821929635225554
21662,VINTAGE GLASS COFFEE CADDY,74.0,416.29999999999995,16,0.0008633714655730628
85111,SILVER GLITTER FLOWER VOTIVE HOLDER,1395.0,416.07000000000005,51,0.002751996546514138
23336,EGG FRYING PAN PINK ,199.0,415.97000000000014,63,0.003399525145693935
22785,SQUARECUSHION COVER PINK UNION FLAG,62.0,415.3,25,0.0013490179149579107
20766,GARDEN PATH SKETCHBOOK,111.0,414.58,47,0.002536153680120872
35241,ENAMEL BLUE RIM BISCUIT BIN,89.0,413.95000000000005,30,0.0016188214979494927
82616B,FRAPPUCINO SCARF KNITTING KIT,307.0,413.83000000000004,47,0.002536153680120872
90209C,PINK ENAMEL+GLASS HAIR COMB,231.0,413.7,12,0.0006475285991797971
23459,DOLLY CABINET 2 DRAWERS ,33.0,412.5,19,0.001025253615368012
21710,FOLDING UMBRELLA PINKWHITE POLKADOT,84.0,412.4100000000001,31,0.0016727822145478093
21063,PARTY INVITES JAZZ HEARTS,483.0,412.1099999999999,81,0.00437081804446363
20839,FRENCH PAISLEY CUSHION COVER ,452.0,411.8399999999999,49,0.0026440751133175048
21739,COSY SLIPPER SHOES SMALL GREEN,141.0,411.54,48,0.0025901143967191884
23023,RIDGED BONNE JAM JAR T-LIGHT HOLDER,260.0,411.43999999999994,23,0.0012410964817612777
21426,WOODLAND STORAGE BOX SMALL,213.0,411.30000000000007,17,0.0009173321821713792
22051,BLUE SCANDINAVIAN PAISLEY WRAP,975.0,409.5,39,0.002104467947334341
21358,TOAST ITS - HAPPY BIRTHDAY,327.0,408.75,59,0.003183682279300669
20658,RED RETROSPOT LUGGAGE TAG,327.0,408.75,59,0.003183682279300669
20761,BLUE PAISLEY SKETCHBOOK,107.0,408.67,52,0.002805957263112454
21219,SET/4 BADGES BALLOON GIRL,323.0,408.59000000000003,42,0.0022663500971292897
23422,PANTRY HOOK BALLOON WHISK ,196.0,407.68000000000006,31,0.0016727822145478093
84916,HAND TOWEL PALE BLUE W FLOWERS,212.0,407.39999999999986,18,0.0009712928987696956
84821,DANISH ROSE DELUXE COASTER,935.0,407.15,40,0.002158428663932657
22268,EASTER DECORATION SITTING BUNNY,501.0,407.13000000000005,54,0.002913878696309087
46775D,SUNSET COLOUR CHUNKY KNITTED THROW,24.0,406.79999999999995,13,0.0007014893157781135
22247,BUNNY DECORATION MAGIC GARDEN,483.0,406.39000000000016,56,0.00302180012950572
20681,PINK POLKADOT CHILDRENS UMBRELLA,125.0,406.25,33,0.001780703647744442
22390,PAPERWEIGHT CHILDHOOD MEMORIES,259.0,405.62,30,0.0016188214979494927
23415,HOME SWEET HOME HOOK,326.0,405.6,45,0.002428232246924239
21817,GLITTER CHRISTMAS TREE,902.0,405.13999999999993,54,0.002913878696309087
22513,DOORSTOP FOOTBALL DESIGN,134.0,404.98,51,0.002751996546514138
90200D,PINK SWEETHEART BRACELET,98.0,404.5,24,0.0012950571983595942
21576,LETS GO SHOPPING COTTON TOTE BAG,177.0,403.67,46,0.0024821929635225554
21202,DOLLY HONEYCOMB GARLAND,448.0,403.20000000000005,20,0.0010792143319663286
84086C,PINK/PURPLE RETRO RADIO,136.0,401.20000000000005,19,0.001025253615368012
22510,GINGHAM BABUSHKA DOORSTOP,209.0,400.87,41,0.0022123893805309734
84917,WHITE HAND TOWEL WITH BUTTERFLY,170.0,400.5,14,0.00075545003237643
21374,MIRRORED WALL ART SKULLS,294.0,400.0,40,0.002158428663932657
20840,FRENCH FLORAL CUSHION COVER ,464.0,399.27999999999986,43,0.0023203108137276065
85136A,YELLOW SHARK HELICOPTER,50.0,397.49999999999994,37,0.0019965465141377078
22422,TOOTHPASTE TUBE PEN,970.0,396.6000000000001,73,0.003939132311677099
85127,SMALL SQUARE CUT GLASS CANDLESTICK,80.0,396.00000000000006,19,0.001025253615368012
21629,SQUARE FLOOR CUSHION VINTAGE RED,51.0,395.45000000000005,25,0.0013490179149579107
22638,SET OF 4 NAPKIN CHARMS CROWNS ,255.0,394.4200000000001,38,0.002050507230736024
84806B,WHITE CANDYSTUFT ARTIFICIAL FLOWER,296.0,394.15999999999997,19,0.001025253615368012
22048,BIRTHDAY BANQUET GIFT WRAP,975.0,393.5,32,0.0017267429311461256
84849B,FAIRY SOAP SOAP HOLDER,232.0,392.08,57,0.003075760846104036
22545,MINI JIGSAW BUNNIES,1088.0,390.69,47,0.002536153680120872
21828,EIGHT PIECE SNAKE  SET,311.0,388.75,68,0.003669328728685517
84520B,PACK 20 ENGLISH ROSE PAPER NAPKINS,481.0,388.68999999999977,54,0.002913878696309087
84360,TABLE LAMP WHITE SHADE WOOD BASE,74.0,388.29999999999995,17,0.0009173321821713792
84974,S/2 ZINC HEART DESIGN PLANTERS,39.0,388.04999999999995,28,0.00151090006475286
23537,WALL ART I LOVE LONDON ,86.0,387.2999999999999,19,0.001025253615368012
23103,BELL HEART DECORATION,252.0,387.0,9,0.0004856464493848478
84826,ASSTD DESIGN 3D PAPER STICKERS,1159.0,386.83,30,0.0016188214979494927
21741,COSY SLIPPER SHOES LARGE GREEN,131.0,386.45000000000005,28,0.00151090006475286
84912A,PINK ROSE WASHBAG,103.0,386.25,38,0.002050507230736024
82616C,MIDNIGHT GLAMOUR SCARF KNITTING KIT,277.0,385.52,52,0.002805957263112454
85088,CANDY SPOT HAND BAG,188.0,385.27,20,0.0010792143319663286
22337,ANGEL DECORATION PAINTED ZINC ,635.0,383.95000000000005,26,0.001402978631556227
20803,SMALL PINK GLASS SUNDAE DISH,911.0,383.90999999999985,31,0.0016727822145478093
18007,ESSENTIAL BALM 3.5g TIN IN ENVELOPE,5856.0,383.76,17,0.0009173321821713792
47421,ASSORTED COLOUR LIZARD SUCTION HOOK,970.0,382.92,54,0.002913878696309087
47585A,PINK FAIRY CAKE CUSHION COVER,102.0,382.5,27,0.0014569393481545436
20762,GREEN FERN SKETCHBOOK ,101.0,382.46000000000004,51,0.002751996546514138
22785,SQUARECUSHION COVER PINK UNION JACK,150.0,382.14,29,0.0015648607813511764
85180B,PINK HEARTS LIGHT CHAIN ,196.0,381.0,21,0.0011331750485646449
21373,MIRRORED WALL ART SNOWFLAKES,507.0,380.25,45,0.002428232246924239
16045,POPART WOODEN PENCILS ASST,8900.0,380.0,68,0.003669328728685517
21015,DARK BIRD HOUSE TREE DECORATION,1249.0,377.32999999999987,66,0.003561407295488884
85078,SCANDINAVIAN 3 HEARTS NAPKIN RING,1746.0,376.5000000000001,65,0.003507446578890568
84687,BEACH HUT SHELF W 3 DRAWERS,70.0,376.5,20,0.0010792143319663286
22250,DECORATION  BUTTERFLY  MAGIC GARDEN,447.0,375.79000000000013,57,0.003075760846104036
23457,LARGE PARLOUR PICTURE FRAME,77.0,375.75,27,0.0014569393481545436
21415,CLAM SHELL SMALL ,202.0,375.73,30,0.0016188214979494927
22286,DECORATION WOBBLY RABBIT METAL ,753.0,375.57,45,0.002428232246924239
22287,"DECORATION , WOBBLY CHICKEN, METAL ",227.0,374.55000000000007,28,0.00151090006475286
35809A,ENAMEL PINK TEA CONTAINER,388.0,374.11,40,0.002158428663932657
23128,DOLLCRAFT BOY JEAN-PAUL ,82.0,373.9,12,0.0006475285991797971
85135B,BLUE DRAGONFLY HELICOPTER,47.0,373.65000000000003,34,0.0018346643643427584
20716,PARTY FOOD SHOPPER BAG,314.0,373.5,34,0.0018346643643427584
22344,PARTY PIZZA DISH PINK POLKADOT,1046.0,372.74000000000007,46,0.0024821929635225554
21581,SKULLS  DESIGN  COTTON TOTE BAG,165.0,371.25,40,0.002158428663932657
23039,T-LIGHT HOLDER SILVER HEART HANDLE,192.0,370.7999999999999,22,0.0011871357651629614
21318,GLASS CHALICE BLUE SMALL ,678.0,368.99999999999994,40,0.002158428663932657
21562,HAWAIIAN GRASS SKIRT ,319.0,368.35,25,0.0013490179149579107
21641,ASSORTED TUTTI FRUTTI KEYRING BALL,1102.0,367.97999999999996,23,0.0012410964817612777
84600,NEW BAROQUE JEWELLERY BOX ,48.0,367.59999999999997,20,0.0010792143319663286
21635,MADRAS NOTEBOOK LARGE ,270.0,367.5,15,0.0008094107489747464
20765,CHRYSANTHEMUM SKETCHBOOK ,94.0,367.34,51,0.002751996546514138
16011,ANIMAL STICKERS,1749.0,367.29,46,0.0024821929635225554
22517,CHILDS GARDEN RAKE PINK,179.0,366.89999999999986,54,0.002913878696309087
21808,"CHRISTMAS GARLAND STARS,TREES",99.0,366.25,21,0.0011331750485646449
85170C,SET/6 EAU DE NIL BIRD T-LIGHTS,252.0,366.22999999999996,29,0.0015648607813511764
22201,FRYING PAN BLUE POLKADOT,108.0,366.0,40,0.002158428663932657
21846,PINK DIAMANTE PEN IN GIFT BOX,72.0,365.62,24,0.0012950571983595942
47574A,ENGLISH ROSE SCENTED HANGING FLOWER,422.0,365.5,50,0.0026980358299158215
72799F,IVORY PILLAR CANDLE GOLD FLOCK,127.0,365.05000000000007,21,0.0011331750485646449
72598,SET/12 TAPER CANDLES,459.0,364.95,41,0.0022123893805309734
21194,PINK  HONEYCOMB PAPER FAN,436.0,364.6,41,0.0022123893805309734
35637A,IVORY STRING CURTAIN WITH POLE ,166.0,363.70000000000005,24,0.0012950571983595942
17012D,ORIGAMI ROSE INCENSE/CANDLE SET ,385.0,362.95000000000005,44,0.0023742715303259228
21356,TOAST ITS - FAIRY FLOWER,303.0,361.9,53,0.0028599179797107704
16008,SMALL FOLDING SCISSOR(POINTED EDGE),2892.0,360.7099999999999,70,0.00377725016188215
22532,MAGIC DRAWING SLATE LEAP FROG ,1063.0,360.06000000000006,66,0.003561407295488884
21365,MIRRORED WALL ART STARS,348.0,360.0,42,0.0022663500971292897
84632,DECORATIVE HANGING SHELVING UNIT,6.0,359.70000000000005,5,0.00026980358299158214
23429,RED RETRO KITCHEN WALL CLOCK,44.0,358.6,20,0.0010792143319663286
21285,RETROSPOT CANDLE  MEDIUM,350.0,357.62,33,0.001780703647744442
22308,TEA COSY BLUE STRIPE,145.0,356.89,36,0.0019425857975393912
22230,JIGSAW TREE WITH WATERING CAN,925.0,356.17,63,0.003399525145693935
21348,PINK SPOTS CHOCOLATE NESTING BOXES ,139.0,355.65,5,0.00026980358299158214
85169C,EAU DE NIL LOVE BIRD CANDLE,336.0,353.72,21,0.0011331750485646449
22260,FELT EGG COSY BLUE RABBIT ,410.0,351.61999999999995,47,0.002536153680120872
23337,EGG FRYING PAN MINT ,169.0,351.52000000000004,60,0.0032376429958989855
21061,PARTY INVITES FOOTBALL,412.0,350.2,52,0.002805957263112454
85163A,WHITE BAROQUE WALL CLOCK ,45.0,349.95000000000005,18,0.0009712928987696956
85232A,SET/3 POLKADOT STACKING TINS,74.0,349.5,25,0.0013490179149579107
22405,MONEY BOX POCKET MONEY DESIGN,345.0,348.69,54,0.002913878696309087
20998,ROSE DU SUD OVEN GLOVE,119.0,348.25000000000006,28,0.00151090006475286
22516,CHILDS GARDEN RAKE BLUE,170.0,347.9999999999999,41,0.0022123893805309734
23057,GEMSTONE CHANDELIER T-LIGHT HOLDER,78.0,347.70000000000005,7,0.000377725016188215
23576,SNACK TRAY RED VINTAGE DOILY,185.0,346.35000000000014,29,0.0015648607813511764
23150,IVORY SWEETHEART SOAP DISH,139.0,346.11,40,0.002158428663932657
21088,SET/6 FRUIT SALAD PAPER CUPS,1576.0,345.42,74,0.0039930930282754155
21421,PORCELAIN ROSE LARGE ,298.0,345.14,13,0.0007014893157781135
21689,SILVER VANILLA  FLOWER CANDLE POT,92.0,345.0,23,0.0012410964817612777
21664,RIDGED GLASS STORAGE JAR CREAM LID,96.0,342.72,17,0.0009173321821713792
21579,LOLITA  DESIGN  COTTON TOTE BAG,152.0,342.0,32,0.0017267429311461256
17012C,ORIGAMI LAVENDER INCENSE/CANDL SET ,362.0,341.79999999999995,43,0.0023203108137276065
22640,SET OF 4 NAPKIN CHARMS 3 KEYS ,185.0,341.67,41,0.0022123893805309734
84766,SILVER ROCOCO CANDLE STICK,146.0,340.7,14,0.00075545003237643
22813,PACK 3 BOXES BIRD PANETTONE ,177.0,340.33,14,0.00075545003237643
23044,PAPER LANTERN 9 POINT HOLLY STAR S,82.0,340.3,19,0.001025253615368012
84031B,CHARLIE LOLA BLUE HOT WATER BOTTLE ,93.0,338.09000000000003,37,0.0019965465141377078
84569D,PACK 6 HEART/ICE-CREAM PATCHES,268.0,337.42,34,0.0018346643643427584
22406,MONEY BOX KINGS CHOICE DESIGN,319.0,336.89,64,0.003453485862292251
23127,DOLLCRAFT GIRL NICOLE,68.0,336.6000000000001,12,0.0006475285991797971
23661,MILK MAIDS MUG ,204.0,336.59999999999997,23,0.0012410964817612777
90149,SILVER FLOWR PINK SHELL NECKLACE,52.0,335.28000000000003,3,0.00016188214979494928
22229,BUNNY WOODEN PAINTED WITH FLOWER ,495.0,334.26999999999987,62,0.0033455644290956185
84931B,BLUE SCOTTIE DOG W FLOWER PATTERN,131.0,334.04999999999995,25,0.0013490179149579107
85163B,BLACK BAROQUE WALL CLOCK ,44.0,333.6,14,0.00075545003237643
21129,SILVER FISHING GNOME ,45.0,332.3,20,0.0010792143319663286
22265,EASTER DECORATION NATURAL CHICK,510.0,331.5000000000001,48,0.0025901143967191884
22322,BIRD DECORATION GREEN POLKADOT,390.0,331.49999999999983,37,0.0019965465141377078
23484,HEART TRELLIS TRIPLE T-LIGHT HOLDER,118.0,331.41999999999996,20,0.0010792143319663286
22643,SET OF 4 NAPKIN CHARMS LEAVES   ,183.0,331.28999999999996,30,0.0016188214979494927
23420,PANTRY HOOK TEA STRAINER ,159.0,330.72,28,0.00151090006475286
21867,PINK UNION JACK  LUGGAGE TAG,261.0,330.02,75,0.004047053744873732
84616,SILVER ROCCOCO CHANDELIER,11.0,329.44999999999993,6,0.00032376429958989856
17012F,ORIGAMI SANDLEWOOD INCENSE/CAND SET,365.0,329.05,42,0.0022663500971292897
22529,MAGIC DRAWING SLATE GO TO THE FAIR ,814.0,328.9200000000001,61,0.0032916037124973018
23236,DOILEY BISCUIT TIN,120.0,327.5999999999999,13,0.0007014893157781135
16259,PIECE OF CAMO STATIONERY SET,3380.0,326.55999999999995,31,0.0016727822145478093
85230B,CINNAMON SCENTED VOTIVE CANDLE,1264.0,326.23999999999995,38,0.002050507230736024
84913B,MINT GREEN ROSE TOWEL,70.0,325.5,20,0.0010792143319663286
23521,WALL ART CAT AND BIRD ,118.0,324.97999999999996,18,0.0009712928987696956
84663A,GRASS HOPPER WOODEN WALL CLOCK ,260.0,324.03999999999996,25,0.0013490179149579107
23521,CAT AND BIRD WALL ART,270.0,323.64,4,0.0002158428663932657
84926E,FLOWERS TILE COASTER,966.0,322.88,37,0.0019965465141377078
21197,MULTICOLOUR  CONFETTI IN TUBE,243.0,322.71,13,0.0007014893157781135
22256,FELT FARM ANIMAL CHICKEN,257.0,321.25,33,0.001780703647744442
22248,DECORATION  PINK CHICK MAGIC GARDEN,382.0,320.53999999999996,44,0.0023742715303259228
23205,CHARLOTTE BAG ALPHABET  DESIGN,400.0,320.5,22,0.0011871357651629614
21884,CAKES AND BOWS GIFT  TAPE,1017.0,318.81000000000006,44,0.0023742715303259228
84951B,SET OF 4 BLACK LOVEBIRD COASTERS,334.0,318.44000000000005,31,0.0016727822145478093
21243,PINK POLKADOT PLATE ,202.0,318.34,18,0.0009712928987696956
23523,WALL ART TREASURE AHOY ,87.0,317.97,22,0.0011871357651629614
22345,PARTY PIZZA DISH BLUE POLKADOT,969.0,317.90999999999997,41,0.0022123893805309734
20768,GREEN FERN JOURNAL ,130.0,317.7099999999999,36,0.0019425857975393912
23116,VEGETABLE GARDEN CHOPPING BOARD,70.0,317.69999999999993,17,0.0009173321821713792
21724,PANDA AND BUNNIES STICKER SHEET,372.0,316.2,57,0.003075760846104036
23421,PANTRY HOOK SPATULA,152.0,316.1600000000001,26,0.001402978631556227
21881,CUTE CATS TAPE,975.0,315.55,45,0.002428232246924239
23037,CANDLE HOLDER SILVER MADELINE,193.0,315.28999999999996,18,0.0009712928987696956
84659A,WHITE TRAVEL ALARM CLOCK,134.0,314.30999999999995,22,0.0011871357651629614
84951A,SET OF 4 PISTACHIO LOVEBIRD COASTER,362.0,314.27000000000004,33,0.001780703647744442
21263,GREEN GOOSE FEATHER TREE 60CM,161.0,313.95000000000005,36,0.0019425857975393912
21775,DECORATIVE FLORE BATHROOM BOTTLE,283.0,313.90999999999997,41,0.0022123893805309734
85071C,"CHARLIE+LOLA""EXTREMELY BUSY"" SIGN",607.0,313.78000000000003,72,0.0038851715950787825
23130,MISELTOE HEART WREATH ,80.0,312.8,5,0.00026980358299158214
22162,HEART GARLAND RUSTIC PADDED,106.0,312.70000000000005,27,0.0014569393481545436
23339,EGG FRYING PAN BLUE ,150.0,312.0,58,0.003129721562702353
21723,ALPHABET HEARTS STICKER SHEET,367.0,311.95,38,0.002050507230736024
21284,RETROSPOT CANDLE  SMALL,384.0,311.84,25,0.0013490179149579107
22092,BLUE PAISLEY TISSUE BOX,666.0,311.56000000000006,88,0.0047485430606518456
90200E,GREEN SWEETHEART BRACELET,76.0,311.0,18,0.0009712928987696956
16219,HOUSE SHAPE PENCIL SHARPENER,2915.0,309.9,47,0.002536153680120872
21320,GLASS CHALICE GREEN  LARGE ,186.0,309.66,11,0.0005935678825814807
22346,PARTY PIZZA DISH GREEN POLKADOT,882.0,309.11999999999995,32,0.0017267429311461256
84658,WHITE STITCHED CUSHION COVER,44.0,308.48,16,0.0008633714655730628
23478,WOODLAND LARGE PINK FELT HEART,278.0,307.18,10,0.0005396071659831643
21841,BABY MOUSE RED GINGHAM DRESS,72.0,306.0,20,0.0010792143319663286
23575,SNACK TRAY PAISLEY PARK,164.0,305.40000000000003,22,0.0011871357651629614
22040,BOTANICAL ROSE GIFT WRAP,725.0,304.5,28,0.00151090006475286
23131,MISELTOE HEART WREATH WHITE,78.0,304.5,4,0.0002158428663932657
22965,3 TRADITIONAL COOKIE CUTTERS  SET,162.0,304.20000000000005,4,0.0002158428663932657
22100,SKULLS SQUARE TISSUE BOX,727.0,304.1700000000001,38,0.002050507230736024
21060,PARTY INVITES BALLOON GIRL,356.0,302.59999999999997,53,0.0028599179797107704
22204,MILK PAN BLUE POLKADOT,96.0,302.5,30,0.0016188214979494927
21879,HEARTS GIFT TAPE,1025.0,301.9300000000001,57,0.003075760846104036
23396,LA JARDIN BOTANIQUE CUSHION COVER,80.0,300.0,23,0.0012410964817612777
21220,SET/4 BADGES DOGS,229.0,299.56,41,0.0022123893805309734
21761,WOOD AND GLASS MEDICINE CABINET,10.0,299.5,10,0.0005396071659831643
23440,PAINT YOUR OWN EGGS IN CRATE,164.0,299.36,5,0.00026980358299158214
23466,TUSCAN VILLA DOVECOTE BIRD FEEDER,37.0,299.25,17,0.0009173321821713792
85213,MINI  ZINC GARDEN DECORATIONS ,809.0,297.88999999999993,24,0.0012950571983595942
85208,SET/12 FUNKY FELT FLOWER PEG IN BAG,160.0,296.63999999999993,24,0.0012950571983595942
85205B,PINK FELT EASTER RABBIT GARLAND,116.0,295.8,24,0.0012950571983595942
23126,DOLLCRAFT GIRL AMELIE KIT,66.0,294.7,8,0.0004316857327865314
20934,SET/3 POT PLANT CANDLES,54.0,294.3,20,0.0010792143319663286
35095A,BLUE VICTORIAN FABRIC OVAL BOX,811.0,293.82,34,0.0018346643643427584
17129F,BLUE GLASS GEMS IN BAG,427.0,291.25,19,0.001025253615368012
21131,GOLD STANDING GNOME,93.0,290.25,17,0.0009173321821713792
22598,CHRISTMAS MUSICAL ZINC TREE,811.0,290.16999999999996,51,0.002751996546514138
23410,CURIO CABINET LINEN AND LACE ,36.0,290.1,18,0.0009712928987696956
20725,LUNCH BAG RED SPOTTY,200.0,290.0,1,5.3960716598316424e-05
16015,MEDIUM CHINESE STYLE SCISSOR,662.0,289.98,24,0.0012950571983595942
85024B,EAU DE NILE JEWELLED PHOTOFRAME,193.0,289.65,12,0.0006475285991797971
22486,PLASMATRONIC LAMP,52.0,288.94000000000005,10,0.0005396071659831643
21503,TOYBOX  WRAP ,726.0,288.91999999999996,23,0.0012410964817612777
84358,FLOOR LAMP SHADE WOOD BASE,32.0,287.74,12,0.0006475285991797971
23047,PAPER LANTERN 5 POINT SEQUIN STAR,50.0,287.5,21,0.0011331750485646449
23695,DOILY THANK YOU CARD,703.0,286.62,44,0.0023742715303259228
23430,BLUE RETRO KITCHEN WALL CLOCK,35.0,285.25,17,0.0009173321821713792
90160C,TURQ+RED BOUDICCA LARGE BRACELET,41.0,284.95000000000005,16,0.0008633714655730628
90200B,BLACK SWEETHEART BRACELET,67.0,284.75,24,0.0012950571983595942
21128,GOLD FISHING GNOME,47.0,284.16,16,0.0008633714655730628
35912B,WHITE/PINK CHICK DECORATION,249.0,283.89,18,0.0009712928987696956
37413,ICON MUG REVOLUTIONARY,701.0,283.7100000000001,79,0.0042628966112669975
22043,CHRISTMAS CARD SCREEN PRINT ,1188.0,283.32000000000005,43,0.0023203108137276065
20838,FRENCH LATTICE CUSHION COVER ,330.0,282.93999999999994,33,0.001780703647744442
84915,HAND TOWEL PINK FLOWER AND DAISY,199.0,281.95,11,0.0005935678825814807
84924A,WAKE UP COCKEREL CALENDAR SIGN ,72.0,281.13,24,0.0012950571983595942
22547,MINI JIGSAW DINOSAUR ,738.0,279.51,50,0.0026980358299158215
21286,RETROSPOT CANDLE  LARGE,255.0,279.37,18,0.0009712928987696956
71101E,STANDING FAIRY POLE SUPPORT ,346.0,278.5,22,0.0011871357651629614
85136C,RED SHARK HELICOPTER,35.0,278.25,25,0.0013490179149579107
35095B,RED VICTORIAN FABRIC OVAL BOX,772.0,277.44,41,0.0022123893805309734
16169M,WRAP DAISY CARPET ,660.0,277.2,25,0.0013490179149579107
72122,COFFEE SCENT PILLAR CANDLE,291.0,276.44999999999993,44,0.0023742715303259228
23579,SNACK TRAY I LOVE LONDON,149.0,276.15,24,0.0012950571983595942
21371,MIRRORED WALL ART POPPIES,275.0,274.65,32,0.0017267429311461256
20936,FORKED CACTUS CANDLE,92.0,272.98,26,0.001402978631556227
20831,GOLD PHOTO FRAME,169.0,272.34000000000003,24,0.0012950571983595942
21189,WHITE HONEYCOMB PAPER GARLAND ,165.0,272.25,29,0.0015648607813511764
21850,BLUE  DIAMANTE PEN IN GIFT BOX,60.0,271.8,21,0.0011331750485646449
21248,DOOR HANGER  MUM + DADS ROOM,187.0,271.15,52,0.002805957263112454
82613D,METAL SIGN CUPCAKE SINGLE HOOK,469.0,270.85,50,0.0026980358299158215
22049,WRAP CHRISTMAS SCREEN PRINT,1000.0,270.5,31,0.0016727822145478093
35001W,HAND OPEN SHAPE DECO.WHITE,92.0,270.02000000000004,5,0.00026980358299158214
22409,MONEY BOX BISCUITS DESIGN,216.0,270.0,45,0.002428232246924239
21811,CHRISTMAS HANGING HEART WITH BELL,216.0,270.0,17,0.0009173321821713792
84509C,SET OF 4 POLKADOT PLACEMATS ,77.0,269.55,23,0.0012410964817612777
21454,PAINTED PINK RABBIT ,317.0,269.45000000000005,43,0.0023203108137276065
21644,ASSORTED TUTTI FRUTTI HEART BOX,215.0,268.75,32,0.0017267429311461256
23203,JUMBO BAG VINTAGE DOILEY ,143.0,268.44,6,0.00032376429958989856
17107D,"FLOWER FAIRY,5 SUMMER B'DRAW LINERS",105.0,267.75,25,0.0013490179149579107
82613B,"METAL SIGN,CUPCAKE SINGLE HOOK",400.0,267.6,45,0.002428232246924239
21445,12 PINK ROSE PEG PLACE SETTINGS,214.0,267.5,21,0.0011331750485646449
85230E,STRAWBRY SCENTED VOTIVE CANDLE,1101.0,267.44999999999993,24,0.0012950571983595942
21785,RAIN PONCHO ,410.0,267.1,4,0.0002158428663932657
84926D,LA PALMIERA TILE COASTER,705.0,266.64,31,0.0016727822145478093
16236,KITTY PENCIL ERASERS,1296.0,266.55999999999995,73,0.003939132311677099
84920,PINK FLOWER FABRIC PONY,71.0,266.25,26,0.001402978631556227
23481,PEARLISED IVORY HEART SMALL ,217.0,266.21000000000004,27,0.0014569393481545436
23489,"GARLAND, VINTAGE BELLS",92.0,265.88,10,0.0005396071659831643
72800B, 4 PURPLE FLOCK DINNER CANDLES,138.0,265.65999999999997,36,0.0019425857975393912
16238,PARTY TIME PENCIL ERASERS,1259.0,265.09000000000003,78,0.004208935894668682
21167,WHITE SAGE INCENSE,1260.0,264.6,25,0.0013490179149579107
85019C,CURIOUS  IMAGES NOTEBOOK SET,181.0,262.25,10,0.0005396071659831643
21221,SET/4 BADGES CUTE CREATURES,201.0,262.14,24,0.0012950571983595942
84598,BOYS ALPHABET IRON ON PATCHES,1248.0,262.08,5,0.00026980358299158214
72586,SET OF 6 HALLOWEEN GHOST T-LIGHTS,624.0,262.08,37,0.0019965465141377078
84849A,HELLO SAILOR BLUE SOAP HOLDER,155.0,261.95000000000005,31,0.0016727822145478093
23194,GYMKHANNA TREASURE BOOK BOX,120.0,261.84,14,0.00075545003237643
79337,BLUE FLOCK GLASS CANDLEHOLDER,644.0,259.96000000000004,10,0.0005396071659831643
21403,BLUE EGG  SPOON,1718.0,258.7199999999999,71,0.003831210878480466
23032,DOORKNOB CRACKED GLAZE IVORY,174.0,258.29999999999995,5,0.00026980358299158214
17013D,ORIGAMI ROSE INCENSE IN TUBE,532.0,257.88,11,0.0005935678825814807
22268,DECORATION SITTING BUNNY,1335.0,257.61000000000007,41,0.0022123893805309734
22765,NEWSPAPER STAND,25.0,257.37,3,0.00016188214979494928
85230G,ORANGE VOTIVE CANDLE,1032.0,257.03999999999996,25,0.0013490179149579107
21250,SET OF SKULL WALL STICKERS,92.0,257.0,17,0.0009173321821713792
84708B,PINK JEWELLED PHOTO FRAME ,53.0,256.75,14,0.00075545003237643
85188A,GREEN METAL SWINGING BUNNY,302.0,256.7,34,0.0018346643643427584
20770,ABSTRACT CIRCLE JOURNAL ,107.0,256.65000000000003,28,0.00151090006475286
71270,PHOTO CLIP LINE,204.0,256.21000000000004,31,0.0016727822145478093
16012,FOOD/DRINK SPONGE STICKERS,1220.0,256.2,35,0.001888625080941075
22287,DECORATION WOBBLY CHICKEN,521.0,256.11,29,0.0015648607813511764
21719,LOVELY BONBON STICKER SHEET,301.0,255.84999999999997,34,0.0018346643643427584
90062,CARNIVAL BRACELET,20.0,255.0,6,0.00032376429958989856
23137,ZINC WIRE SWEETHEART LETTER TRAY,80.0,253.24,20,0.0010792143319663286
16218,CARTOON  PENCIL SHARPENERS,3760.0,253.19999999999993,50,0.0026980358299158215
21386,IVORY HANGING DECORATION  EGG,689.0,253.00999999999996,46,0.0024821929635225554
20854,BLUE PATCH PURSE PINK HEART,164.0,252.79999999999995,17,0.0009173321821713792
84596E,SMALL LICORICE DES PINK BOWL,391.0,252.63000000000008,35,0.001888625080941075
22134,MINI LADLE LOVE HEART RED ,630.0,252.24,54,0.002913878696309087
84341B,SMALL PINK MAGIC CHRISTMAS TREE,618.0,252.23,33,0.001780703647744442
21222,SET/4 BADGES BEETLES,194.0,252.17999999999998,35,0.001888625080941075
84876B,GREEN HEART COMPACT MIRROR,201.0,251.25,20,0.0010792143319663286
21849,SILVER DIAMANTE PEN IN GIFT BOX,50.0,250.84000000000006,22,0.0011871357651629614
20684,STRAWBERRY DREAM CHILDS UMBRELLA,77.0,250.25,32,0.0017267429311461256
84858C,PINK RIVIERA HANDBAG,185.0,250.05,5,0.00026980358299158214
47563A,RETRO LONGBOARD IRONING BOARD COVER,198.0,250.0,45,0.002428232246924239
21265,PINK GOOSE FEATHER TREE 60CM,128.0,249.60000000000002,16,0.0008633714655730628
21666,RIDGED GLASS T-LIGHT HOLDER,384.0,249.59999999999997,33,0.001780703647744442
22703,PINK CAT BOWL,168.0,249.41999999999996,40,0.002158428663932657
85204,HANGING WOOD AND FELT FLOWER,1871.0,248.88,42,0.0022663500971292897
84859A,SILVER DISCO HANDBAG,123.0,248.21,30,0.0016188214979494927
23015,CORDIAL GLASS JUG,30.0,247.5,13,0.0007014893157781135
23476,WOODLAND LARGE RED FELT HEART,198.0,247.5,18,0.0009712928987696956
84952B,BLACK LOVE BIRD T-LIGHT HOLDER,145.0,247.46,13,0.0007014893157781135
20755,BLUE PAISLEY POCKET BOOK,291.0,247.34999999999997,50,0.0026980358299158215
23168,CLASSIC SUGAR DISPENSER,216.0,247.32,12,0.0006475285991797971
21067,VINTAGE RED TEATIME MUG,201.0,246.88,41,0.0022123893805309734
22214,CANDLE PLATE LACE WHITE,114.0,246.69999999999996,21,0.0011331750485646449
22108,PING! MICROWAVE PLATE,101.0,246.53,28,0.00151090006475286
23474,WOODLAND SMALL BLUE FELT HEART,297.0,246.51,27,0.0014569393481545436
78124,MAGAZINE RACK GEBRA ASSORTED ,190.0,246.5,17,0.0009173321821713792
35964,FOLKART CLIP ON STARS,621.0,245.60999999999996,37,0.0019965465141377078
21190,PINK HEARTS PAPER GARLAND,168.0,245.20000000000002,7,0.000377725016188215
79190B,RETRO PLASTIC POLKA TRAY,655.0,245.10000000000005,35,0.001888625080941075
17012A,ORIGAMI VANILLA INCENSE/CANDLE SET ,270.0,244.9,24,0.0012950571983595942
35954,SMALL FOLKART STAR CHRISTMAS DEC,1076.0,244.23000000000005,32,0.0017267429311461256
20669,RED HEART LUGGAGE TAG,195.0,243.75,42,0.0022663500971292897
23149,ANTIQUE IVORY WIRE BOWL SMALL,97.0,241.53,19,0.001025253615368012
22259,FELT FARM ANIMAL HEN,384.0,240.96,16,0.0008633714655730628
85129D,BEADED CRYSTAL HEART PINK SMALL,165.0,240.13,34,0.0018346643643427584
23495,SET OF 3 PANTRY WOODEN SPOONS,192.0,240.0,24,0.0012950571983595942
84569A,PACK 3 IRON ON DOG PATCHES,191.0,239.95999999999998,26,0.001402978631556227
22052,VINTAGE CARAVAN GIFT WRAP,571.0,239.82,23,0.0012410964817612777
23324,RUSTIC STRAWBERRY JAMPOT LARGE ,120.0,238.56000000000006,6,0.00032376429958989856
23028,DOORKNOB CRACKED GLAZE BLUE,162.0,238.5,3,0.00016188214979494928
21269,ANTIQUE CREAM CUTLERY SHELF ,28.0,238.0,18,0.0009712928987696956
85203,HANGING WOOD AND FELT BUTTERFLY ,569.0,237.54,49,0.0026440751133175048
22069,BROWN  PIRATE TREASURE CHEST ,218.0,237.48,37,0.0019965465141377078
21632,VINTAGE PINK DECORATIVE PARASOL,60.0,237.00000000000003,5,0.00026980358299158214
85169D,PINK LOVE BIRD CANDLE,232.0,236.48000000000002,22,0.0011871357651629614
72131,COLUMBIAN CANDLE RECTANGLE,136.0,236.39999999999998,18,0.0009712928987696956
47351B,BLUE  VOILE LAMPSHADE,86.0,234.50000000000003,9,0.0004856464493848478
82613C,"METAL SIGN,CUPCAKE SINGLE HOOK",360.0,234.20000000000005,37,0.0019965465141377078
23567,EGG CUP HENRIETTA HEN PINK,187.0,233.75,18,0.0009712928987696956
20615,BLUE POLKADOT PASSPORT COVER,231.0,233.34,35,0.001888625080941075
22129,PARTY CONES CANDY DECORATION,296.0,233.28,8,0.0004316857327865314
21725,SWEETIES  STICKERS,274.0,232.89999999999998,32,0.0017267429311461256
85023B,EAU DE NILE JEWELLED PHOTOFRAME,104.0,232.8,12,0.0006475285991797971
90058B,CRYSTAL STUD EARRINGS ASSORTED COL ,612.0,232.56,15,0.0008094107489747464
23475,WOODLAND SMALL PINK FELT HEART,280.0,232.39999999999998,26,0.001402978631556227
22512,DOORSTOP RACING CAR DESIGN,117.0,232.25,32,0.0017267429311461256
84559A,3D SHEET OF DOG STICKERS,272.0,231.98000000000002,42,0.0022663500971292897
23447,PINK BUNNY EASTER EGG BASKET,158.0,231.89999999999998,4,0.0002158428663932657
20867,PINK ROSE FABRIC MIRROR,187.0,231.47,25,0.0013490179149579107
20856,DENIM PATCH PURSE PINK BUTTERFLY,140.0,231.0,27,0.0014569393481545436
21973,SET OF 36 MUSHROOM PAPER DOILIES,159.0,230.55,30,0.0016188214979494927
47021G,SET/6 BEAD COASTERS GAUZE BAG GOLD,518.0,230.39999999999998,15,0.0008094107489747464
21455,PAINTED YELLOW WOODEN DAISY,271.0,230.35,32,0.0017267429311461256
20897,VINTAGE NOTEBOOK PARIS DAYS,85.0,230.35,8,0.0004316857327865314
23446,BLUE BUNNY EASTER EGG BASKET,157.0,230.24999999999997,3,0.00016188214979494928
72800C,4 PINK DINNER CANDLE SILVER FLOCK,124.0,229.95999999999998,30,0.0016188214979494927
21442,GREEN BIRDHOUSE DECORATION,386.0,229.46000000000004,36,0.0019425857975393912
21051,RIBBONS PURSE ,108.0,228.83,24,0.0012950571983595942
85200,BUNNY EGG BOX,183.0,228.75,26,0.001402978631556227
23036,T-LIGHT HOLDER SILVER PETIT FOUR ,182.0,227.5,15,0.0008094107489747464
85093,CANDY SPOT EGG WARMER HARE,451.0,227.49,20,0.0010792143319663286
16216,LETTER SHAPE PENCIL SHARPENER,3316.0,227.14,41,0.0022123893805309734
84678,CLASSICAL ROSE SMALL VASE,138.0,227.10000000000005,10,0.0005396071659831643
23522,WALL ART DOG AND BALL ,89.0,226.29000000000002,17,0.0009173321821713792
22641,SET OF 4 NAPKIN CHARMS INSTRUMENT,112.0,225.91999999999996,24,0.0012950571983595942
23003,TRAVEL CARD WALLET VINTAGE ROSE ,541.0,225.78000000000006,52,0.002805957263112454
84661B,BLACK SQUARE TABLE CLOCK,95.0,225.48999999999998,12,0.0006475285991797971
84952C,MIRROR LOVE BIRD T-LIGHT HOLDER,140.0,225.0,9,0.0004856464493848478
22632,HAND WARMER RED POLKA DOT,120.0,224.99999999999994,18,0.0009712928987696956
22447,PIN CUSHION BABUSHKA BLUE,75.0,223.95000000000002,16,0.0008633714655730628
22280,POCKET BAG PINK PAISELY BROWN SPOT,176.0,223.63,30,0.0016188214979494927
21441,BLUE BIRDHOUSE DECORATION,376.0,223.3,38,0.002050507230736024
90161B,ANT COPPER TURQ BOUDICCA BRACELET,45.0,222.75000000000003,12,0.0006475285991797971
90161C,ANT COPPER LIME BOUDICCA BRACELET,45.0,222.75,15,0.0008094107489747464
85040B,SET/4 BLUE FLOWER CANDLES IN BOWL,135.0,222.74999999999994,34,0.0018346643643427584
21818,GLITTER CHRISTMAS HEART ,262.0,222.69999999999996,18,0.0009712928987696956
21647,ASSORTED TUTTI FRUTTI LARGE PURSE,106.0,222.60000000000002,24,0.0012950571983595942
90160D,PINK BOUDICCA LARGE BRACELET,32.0,222.4,9,0.0004856464493848478
84218,BOX/12 CHICK & EGG IN BASKET,122.0,222.29999999999976,40,0.002158428663932657
85161,ACRYLIC GEOMETRIC LAMP,12.0,221.4,9,0.0004856464493848478
84422,PINK/BLUE DISC/MIRROR STRING,551.0,220.41,8,0.0004316857327865314
72800D,4 BLUE DINNER CANDLES SILVER FLOCK,85.0,216.75,29,0.0015648607813511764
23360,SET 8 CANDLES VINTAGE DOILEY,122.0,216.3,7,0.000377725016188215
37482P,CUBIC MUG PINK POLKADOT,477.0,216.27000000000004,34,0.0018346643643427584
20782,CAMOUFLAGE EAR MUFF HEADPHONES,39.0,215.86999999999998,17,0.0009173321821713792
90160A,PURPLE BOUDICCA LARGE BRACELET,31.0,215.45,11,0.0005935678825814807
23141,TRIPLE WIRE HOOK PINK HEART,68.0,215.0,18,0.0009712928987696956
23580,SNACK TRAY HAPPY FOREST  ,110.0,214.49999999999991,21,0.0011331750485646449
85124C,GREEN JUICY FRUIT PHOTO FRAME,84.0,214.2,31,0.0016727822145478093
21293,MIRRORED DOVE WALL DECORATION,101.0,214.13,18,0.0009712928987696956
20794,BLUE  TILE HOOK,85.0,213.14999999999998,15,0.0008094107489747464
22410,MONEY BOX HOUSEKEEPING DESIGN,223.0,212.88,46,0.0024821929635225554
17084N,FAIRY DREAMS INCENSE ,1025.0,212.75,32,0.0017267429311461256
21547,CERAMIC BIRDHOUSE CRESTED TIT SMALL,72.0,212.39999999999995,16,0.0008633714655730628
84051,ASS COLOUR GLOWING TIARAS,279.0,211.95,24,0.0012950571983595942
84584,PINK GINGHAM CAT WITH SCARF,83.0,211.64999999999998,18,0.0009712928987696956
47310M,SMALL POP BOX FUNKY MONKEY,172.0,210.48,34,0.0018346643643427584
75178,ASSTD COL BUTTERFLY/CRYSTAL W/CHIME,455.0,210.18999999999997,9,0.0004856464493848478
22896,PEG BAG APPLE DESIGN,100.0,210.0,1,5.3960716598316424e-05
84563B,BLUE & WHITE BREAKFAST TRAY,69.0,209.55,21,0.0011331750485646449
22164,STRING OF STARS CARD HOLDER,71.0,209.45000000000002,12,0.0006475285991797971
84931A,PINK SCOTTIE DOG W FLOWER PATTERN,82.0,209.09999999999997,22,0.0011871357651629614
85124B,BLUE JUICY FRUIT PHOTO FRAME,82.0,209.09999999999997,29,0.0015648607813511764
90147,CHUNKY SILVER NECKLACE PASTEL FLOWE,21.0,208.95000000000002,12,0.0006475285991797971
23413,DECORATIVE VINTAGE COFFEE  BOX,44.0,208.2,16,0.0008633714655730628
72127,COLUMBIAN CANDLE ROUND ,168.0,208.1,29,0.0015648607813511764
84592,CROCHET ROSE PURSE WITH SUEDE BACK,70.0,206.50000000000006,17,0.0009173321821713792
20619,TROPICAL PASSPORT COVER ,142.0,206.23000000000002,22,0.0011871357651629614
85071D,CHARLIE+LOLA MY ROOM DOOR SIGN,362.0,205.98000000000005,64,0.003453485862292251
84596J,MIXED NUTS LIGHT GREEN BOWL,469.0,205.28000000000003,27,0.0014569393481545436
47422,ASSORTED MONKEY SUCTION CUP HOOK,519.0,205.02000000000004,42,0.0022663500971292897
79051A,SMOKEY GREY COLOUR D.O.F. GLASS,587.0,204.78999999999996,26,0.001402978631556227
21324,HANGING MEDINA LANTERN SMALL,69.0,203.55000000000004,20,0.0010792143319663286
85230A,OPIUM SCENTED VOTIVE CANDLE,840.0,203.27999999999997,18,0.0009712928987696956
21580,RABBIT  DESIGN  COTTON TOTE BAG,90.0,202.5,24,0.0012950571983595942
21758,VINTAGE SHELLS PRINT,32.0,202.40000000000003,14,0.00075545003237643
84919,BLUE CUSHION COVER WITH FLOWER,29.0,201.55000000000004,9,0.0004856464493848478
21456,2 PICTURE BOOK EGGS EASTER CHICKS,161.0,201.25,19,0.001025253615368012
21147,JINGLE BELLS TREE DECORATION,89.0,200.93999999999997,21,0.0011331750485646449
85186A,EASTER BUNNY GARLAND OF FLOWERS,477.0,200.34000000000003,37,0.0019965465141377078
22954,HEN PARTY CORDON BARRIER TAPE,160.0,200.0,28,0.00151090006475286
22038,BOTANICAL LAVENDER GIFT WRAP ,475.0,199.5,19,0.001025253615368012
71053,WHITE MOROCCAN METAL LANTERN,47.0,199.17000000000002,12,0.0006475285991797971
84857C,PINK MONTE CARLO HANDBAG,95.0,198.35000000000002,8,0.0004316857327865314
84926A,WAKE UP COCKEREL TILE COASTER,597.0,198.08999999999997,31,0.0016727822145478093
84563A,PINK & WHITE BREAKFAST TRAY,59.0,198.05,14,0.00075545003237643
21458,2 PICTURE BOOK EGGS EASTER BUNNY,158.0,197.5,19,0.001025253615368012
22044,CHRISTMAS CARD STACK OF PRESENTS,816.0,196.44000000000005,36,0.0019425857975393912
21726,MULTI HEARTS  STICKERS,231.0,196.35000000000002,36,0.0019425857975393912
85170B,SET/6 BLACK BIRD T-LIGHT CANDLES,179.0,195.89999999999998,23,0.0012410964817612777
20707,CRAZY DAISY HEART DECORATION,155.0,195.52,31,0.0016727822145478093
21657,MILK BOTTLE WITH GLASS STOPPER ,28.0,194.6,15,0.0008094107489747464
47367B,PAIR PADDED HANGERS PINK CHECK,57.0,194.55,11,0.0005935678825814807
22257,FELT FARM ANIMAL SHEEP,283.0,194.39,16,0.0008633714655730628
21360,JOY LARGE WOOD LETTERS,37.0,194.15,14,0.00075545003237643
35911A,MULTICOLOUR RABBIT EGG WARMER,205.0,194.14999999999998,25,0.0013490179149579107
20780,BLACK EAR MUFF HEADPHONES,36.0,192.86000000000004,17,0.0009173321821713792
21801,CHRISTMAS TREE DECORATION WITH BELL,457.0,191.94,22,0.0011871357651629614
21651,HANGING GLASS ETCHED TEALIGHT,125.0,191.84999999999997,10,0.0005396071659831643
85169B,BLACK LOVE BIRD CANDLE,201.0,191.49,25,0.0013490179149579107
21000,ROSE DU SUD COSMETICS BAG,45.0,191.25,16,0.0008633714655730628
21676,FLOWERS  STICKERS,211.0,191.05,32,0.0017267429311461256
20652,BLUE POLKADOT LUGGAGE TAG ,147.0,191.01,33,0.001780703647744442
22137,BATHROOM SET LOVE HEART DESIGN,68.0,191.00000000000003,11,0.0005935678825814807
22394,PAPERWEIGHT KINGS CHOICE ,160.0,190.8,16,0.0008633714655730628
21945,STRAWBERRIES  DESIGN FLANNEL ,225.0,190.79,29,0.0015648607813511764
20902,VINTAGE KEEPSAKE BOX PARIS DAYS,33.0,190.34999999999997,6,0.00032376429958989856
21882,SKULLS TAPE,598.0,189.98000000000002,38,0.002050507230736024
20763,DAISY SKETCHBOOK ,71.0,189.96,25,0.0013490179149579107
21815,STAR  T-LIGHT HOLDER ,131.0,189.95,18,0.0009712928987696956
21253,SET OF PICTURE FRAME  STICKERS,65.0,189.59000000000003,16,0.0008633714655730628
23229,DONKEY TAIL GAME ,54.0,189.54000000000002,4,0.0002158428663932657
90209B,GREEN ENAMEL+GLASS HAIR COMB,104.0,189.0,11,0.0005935678825814807
90201B,BLACK ENAMEL FLOWER RING,64.0,188.8,10,0.0005396071659831643
21161,KEEP OUT BOYS DOOR HANGER ,130.0,188.50000000000006,34,0.0018346643643427584
84804B,BLUE DELPHINIUM ARTIFICIAL FLOWER,99.0,188.37000000000003,6,0.00032376429958989856
85179A,GREEN BITTY LIGHT CHAIN,119.0,188.31,17,0.0009173321821713792
21425,SKULLS STORAGE BOX LARGE,67.0,188.05,16,0.0008633714655730628
90184B,AMETHYST CHUNKY BEAD BRACELET W STR,21.0,187.95,11,0.0005935678825814807
21520,BOOZE & WOMEN GREETING CARD ,457.0,187.62000000000003,33,0.001780703647744442
84876D,BLUE HEART COMPACT MIRROR,124.0,187.5,12,0.0006475285991797971
16048,TEATIME ROUND PENCIL SHARPENER ,1436.0,186.72000000000003,47,0.002536153680120872
85045,GREEN CHRISTMAS TREE STRING 20LIGHT,41.0,186.15,10,0.0005396071659831643
22391,PAPERWEIGHT HOME SWEET HOME,146.0,186.06,18,0.0009712928987696956
84535A,ENGLISH ROSE NOTEBOOK A6 SIZE,398.0,185.1,20,0.0010792143319663286
23436,GIFT BAG LARGE VINTAGE CHRISTMAS,148.0,185.0,9,0.0004856464493848478
20819,SILVER TEDDY BEAR,48.0,183.71,16,0.0008633714655730628
84559B,3D SHEET OF CAT STICKERS,216.0,183.59999999999997,43,0.0023203108137276065
22216,T-LIGHT HOLDER WHITE LACE,327.0,182.31,20,0.0010792143319663286
35965,FOLKART HEART NAPKIN RINGS,181.0,181.87,28,0.00151090006475286
20771,CHRYSANTHEMUM  JOURNAL,70.0,180.90999999999997,27,0.0014569393481545436
22541,MINI JIGSAW LEAP FROG,465.0,180.62000000000003,21,0.0011331750485646449
84804A,CREAM DELPHINIUM ARTIFICIAL FLOWER,70.0,180.58,8,0.0004316857327865314
22157,ANGEL DECORATION WITH LACE PADDED,212.0,180.2,11,0.0005935678825814807
23697,A PRETTY THANK YOU CARD,438.0,179.64000000000004,26,0.001402978631556227
78033,FLAG OF ST GEORGE CHAIR,37.0,179.35,7,0.000377725016188215
84707B,PINK JEWELLED MIRROR TRINKET TRAY,29.0,178.56,13,0.0007014893157781135
84796A,PINK HAWAIIAN PICNIC HAMPER FOR 2,14.0,178.5,10,0.0005396071659831643
21270,ANTIQUE CREAM CUTLERY CUPBOARD,14.0,178.5,13,0.0007014893157781135
23126,DOLLCRAFT GIRL AMELIE,36.0,178.20000000000002,8,0.0004316857327865314
84926F,PSYCHEDELIC TILE COASTER,423.0,178.0,23,0.0012410964817612777
21944,KITTENS DESIGN FLANNEL,232.0,177.88,33,0.001780703647744442
47594B,SCOTTIES DESIGN WASHBAG,91.0,177.45,30,0.0016188214979494927
84859C,PINK DISCO HANDBAG,83.0,176.39,21,0.0011331750485646449
84313B,BLUE TV TRAY TABLE ,76.0,175.8,13,0.0007014893157781135
21378,SMALL TALL CAMPHOR WOOD TOADSTOOL,129.0,175.04999999999998,22,0.0011871357651629614
84691,PACK 20 DOLLY PEGS,242.0,174.5,4,0.0002158428663932657
84800M,MEDIUM WHITE/PINK ROSE ART FLOWER,127.0,174.31,11,0.0005935678825814807
90200A,PURPLE SWEETHEART BRACELET,41.0,174.25,16,0.0008633714655730628
21807,WHITE CHRISTMAS STAR DECORATION,414.0,173.88000000000002,25,0.0013490179149579107
21026,SPACE OWL,140.0,173.62,22,0.0011871357651629614
85186C,BUNNY EGG GARLAND,413.0,173.46000000000004,33,0.001780703647744442
21911,GARDEN METAL SIGN ,105.0,173.25000000000003,20,0.0010792143319663286
44235,ASS COL CIRCLE MOBILE ,474.0,173.16,6,0.00032376429958989856
20769,DAISY JOURNAL ,66.0,173.12,26,0.001402978631556227
84637,KITCHEN FLOWER POTS WALL PLAQUE,29.0,172.55,13,0.0007014893157781135
20847,ZINC HEART LATTICE CHARGER LARGE,46.0,172.5,14,0.00075545003237643
82011C,BATHROOM SCALES FOOTPRINTS IN SAND,51.0,172.05,20,0.0010792143319663286
84913A,SOFT PINK ROSE TOWEL ,37.0,172.04999999999998,10,0.0005396071659831643
84963A,PINK PAINTED KASHMIRI CHAIR,4.0,171.8,1,5.3960716598316424e-05
85214,TUB 24 PINK FLOWER PEGS,103.0,169.94999999999996,43,0.0023203108137276065
21763,VINTAGE WOODEN BAR STOOL,6.0,169.75,4,0.0002158428663932657
21656,RIDGED GLASS POSY VASE ,117.0,169.64999999999995,17,0.0009173321821713792
21275,ZINC TOP  2 DOOR WOODEN SHELF ,10.0,169.49999999999997,9,0.0004856464493848478
84875B,GREEN SQUARE COMPACT MIRROR,125.0,168.75,15,0.0008094107489747464
21364,PEACE SMALL WOOD LETTERS,25.0,168.75,21,0.0011331750485646449
90114,SUMMER DAISIES BAG CHARM,66.0,168.29999999999998,11,0.0005935678825814807
62086A,PINK RETRO BIG FLOWER BAG,86.0,167.7,13,0.0007014893157781135
84927F,PSYCHEDELIC TILE HOOK,295.0,166.35000000000002,40,0.002158428663932657
21306,SET/4 DAISY MIRROR MAGNETS,486.0,166.27999999999997,36,0.0019425857975393912
21279,VINTAGE KITCHEN PRINT FRUITS,65.0,165.75,12,0.0006475285991797971
21280,VINTAGE KITCHEN PRINT VEGETABLES,65.0,165.75,12,0.0006475285991797971
20622,VIPPASSPORT COVER ,127.0,164.57999999999998,21,0.0011331750485646449
47469,ASSORTED SHAPES PHOTO CLIP SILVER ,355.0,164.51,11,0.0005935678825814807
46118,FUNKY MONKEY CUSHION COVER,193.0,164.04999999999998,18,0.0009712928987696956
90209A,PURPLE ENAMEL+GLASS HAIR COMB,84.0,163.8,4,0.0002158428663932657
85020,ROUND PINK HEART MIRROR,78.0,163.8,16,0.0008633714655730628
85145,JARDIN ETCHED GLASS LARGE BELL JAR,37.0,163.75,13,0.0007014893157781135
72801C,4 ROSE PINK DINNER CANDLES,138.0,163.38,14,0.00075545003237643
47481,50CM METAL STRING WITH  7 CLIPS,221.0,163.36999999999998,19,0.001025253615368012
47578A,ENGLISH ROSE SMALL SCENTED FLOWER,192.0,163.20000000000002,27,0.0014569393481545436
21333,CLASSIC WHITE FRAME,55.0,162.25000000000003,15,0.0008094107489747464
35914,PINK CHICK EGG WARMER + EGG CUP,135.0,162.25,18,0.0009712928987696956
21427,SKULLS STORAGE BOX SMALL,77.0,161.70000000000002,25,0.0013490179149579107
21750,LARGE SKULL WINDMILL,77.0,161.70000000000002,16,0.0008633714655730628
84507C,BLUE CIRCLES DESIGN MONKEY DOLL,63.0,160.64999999999998,25,0.0013490179149579107
85027L,FRENCH CHATEAU LARGE PLATTER ,70.0,160.5,18,0.0009712928987696956
37476,CONDIMENT TRAY 4 BOWLS AND 4 SPOONS,17.0,160.39,9,0.0004856464493848478
23305,SET 4 PICNIC CUTLERY BLUEBERRY,82.0,159.89999999999998,9,0.0004856464493848478
21367,MIRRORED WALL ART GENTS,163.0,159.51,35,0.001888625080941075
20868,SILVER FABRIC MIRROR,381.0,159.26000000000002,31,0.0016727822145478093
90082B,DIAMANTE BOW BROOCH RED COLOUR,25.0,158.75,10,0.0005396071659831643
72225C,LAVENDER SCENT CAKE CANDLE,600.0,158.64,16,0.0008633714655730628
22031,BOTANICAL LAVENDER BIRTHDAY CARD,363.0,158.61,32,0.0017267429311461256
21311,SET/4 BIRD MIRROR MAGNETS ,452.0,158.22999999999996,44,0.0023742715303259228
23545,WRAP RED DOILEY,375.0,157.5,15,0.0008094107489747464
20830,SILVER PHOTO FRAME,75.0,157.5,20,0.0010792143319663286
16156L,WRAP CAROUSEL,375.0,157.5,14,0.00075545003237643
84877B,GREEN ROUND COMPACT MIRROR,126.0,157.5,9,0.0004856464493848478
23143,ZINC WIRE KITCHEN ORGANISER,25.0,156.8,12,0.0006475285991797971
79030D,TUMBLER BAROQUE,402.0,156.78,25,0.0013490179149579107
20777,CHRYSANTHEMUM NOTEBOOK,95.0,156.75,36,0.0019425857975393912
23468,TUSCAN VILLA BIRD TABLE ,19.0,156.75,11,0.0005935678825814807
16258A,SWIRLY CIRCULAR RUBBERS IN BAG,445.0,156.53,38,0.002050507230736024
71403,"PINK/WHITE ""KEEP CLEAN"" BULLET BIN",53.0,156.35000000000005,13,0.0007014893157781135
22889,NUMBER TILE VINTAGE FONT No ,143.0,156.18,7,0.000377725016188215
21379,CAMPHOR WOOD PORTOBELLO MUSHROOM,141.0,155.61,23,0.0012410964817612777
84799,SPRIG LAVENDER ARTIFICIAL FLOWER,220.0,155.48000000000002,9,0.0004856464493848478
21402,RED  EGG  SPOON,1290.0,155.4,61,0.0032916037124973018
85123A,CREAM HANGING HEART T-LIGHT HOLDER,57.0,155.34999999999997,7,0.000377725016188215
23416,CHAMBRE HOOK,123.0,155.07,18,0.0009712928987696956
35810B,ENAMEL BLUE RIM COFFEE CONTAINER,147.0,155.02999999999997,21,0.0011331750485646449
40003,WHITE BAMBOO RIBS LAMPSHADE,147.0,154.95,11,0.0005935678825814807
21316,SMALL CHUNKY GLASS ROMAN  BOWL,148.0,153.64000000000004,9,0.0004856464493848478
90161D,ANT COPPER PINK BOUDICCA BRACELET,31.0,153.45000000000002,9,0.0004856464493848478
90201C,RED ENAMEL FLOWER RING,52.0,153.40000000000003,12,0.0006475285991797971
18094C,WHITE AND BLUE CERAMIC OIL BURNER,134.0,153.10000000000002,15,0.0008094107489747464
84827,ASS DES PHONE SPONGE CRAFT STICKER,509.0,153.09,14,0.00075545003237643
22353,LUNCH BOX WITH CUTLERY FAIRY CAKES ,60.0,152.99999999999997,24,0.0012950571983595942
22289,HANGING METAL CHICKEN DECORATION,122.0,152.5,19,0.001025253615368012
21145,ANTIQUE GLASS PLACE SETTING,122.0,152.5,8,0.0004316857327865314
23484,HEART TRELLISTRIPLE T-LIGHT HOLDER,56.0,152.24,5,0.00026980358299158214
20781,GOLD EAR MUFF HEADPHONES,29.0,152.13,20,0.0010792143319663286
85211,S/4 GROOVY CAT MAGNETS,142.0,151.92000000000002,17,0.0009173321821713792
22032,BOTANICAL LILY GREETING CARD,361.0,151.62,31,0.0016727822145478093
22042,CHRISTMAS CARD SINGING ANGEL,360.0,151.2,25,0.0013490179149579107
22538,MINI JIGSAW GO TO THE FAIR,386.0,151.08,26,0.001402978631556227
22415,WHITE TISSUE REAM,19.0,151.05,13,0.0007014893157781135
35967,FOLK ART METAL STAR T-LIGHT HOLDER,381.0,150.54000000000002,29,0.0015648607813511764
17107D,FLOWER FAIRY 5 DRAWER LINERS,59.0,150.45,20,0.0010792143319663286
35915B,BLUE KNITTED HEN ,91.0,150.15,14,0.00075545003237643
84629,WHITE 3 FRAME BIRDS AND TREE ,20.0,150.0,10,0.0005396071659831643
84963B,BLUE PAINTED KASHMIRI CHAIR,3.0,149.85000000000002,1,5.3960716598316424e-05
85168B,BLACK BAROQUE CARRIAGE CLOCK,17.0,149.67,7,0.000377725016188215
21376,LARGE  TALL CAMPHOR WOOD TOADSTOOL ,29.0,149.65,13,0.0007014893157781135
23254,KIDS CUTLERY DOLLY GIRL ,36.0,149.4,8,0.0004316857327865314
23256,KIDS CUTLERY SPACEBOY ,36.0,149.4,8,0.0004316857327865314
23196,RETRO LEAVES MAGNETIC NOTEPAD,103.0,149.35000000000002,17,0.0009173321821713792
84711B,PINK OVAL SHAPE TRINKET BOX,15.0,149.25,8,0.0004316857327865314
47471,RAINBOW PEGS PHOTO CLIP STRING,262.0,148.88,24,0.0012950571983595942
84828,JUNGLE POPSICLES ICE LOLLY HOLDERS,119.0,148.75,15,0.0008094107489747464
21721,CANDY SHOP  STICKER SHEET,175.0,148.75,20,0.0010792143319663286
21028,NINJA RABBIT BLACK,116.0,148.29000000000002,21,0.0011331750485646449
84712B,PINK JEWELLED PHOTO FRAME,19.0,147.87,11,0.0005935678825814807
85146,JARDIN ETCHED GLASS SMALL BELL JAR,43.0,147.85000000000002,8,0.0004316857327865314
84683,CLASSICAL ROSE CANDLESTAND,187.0,147.35000000000002,7,0.000377725016188215
21196,ROUND WHITE CONFETTI IN TUBE,89.0,146.84999999999997,9,0.0004856464493848478
46000R,POLYESTER FILLER PAD 45x30cm,101.0,146.45,37,0.0019965465141377078
21459,YELLOW EASTER EGG HUNT START POST,75.0,146.25000000000003,18,0.0009712928987696956
22202,MILK PAN PINK POLKADOT,39.0,146.25,17,0.0009173321821713792
84952A,CLEAR LOVE BIRD T-LIGHT HOLDER,38.0,146.21,6,0.00032376429958989856
35957,SMALLFOLKART BAUBLE CHRISTMAS DEC,558.0,146.04000000000002,7,0.000377725016188215
90160B,RED BOUDICCA LARGE BRACELET,21.0,145.95000000000002,8,0.0004316857327865314
90119,METALIC LEAVES BAG CHARMS,59.0,145.76999999999998,15,0.0008094107489747464
72128,COLUMBIAN CANDLE ROUND,189.0,145.53000000000003,33,0.001780703647744442
47343A,FUSCHIA FLOWER PURSE WITH BEADS,159.0,145.17,14,0.00075545003237643
90198A,VINTAGE ROSE BEAD BRACELET RASPBERR,34.0,144.5,10,0.0005396071659831643
84688,BEACH HUT DESIGN BLACKBOARD,34.0,144.5,8,0.0004316857327865314
21457,2 PICTURE BOOK EGGS EASTER DUCKS,115.0,143.75,16,0.0008633714655730628
23292,SPACE BOY CHILDRENS CUP,130.0,143.3,5,0.00026980358299158214
21332,MOROCCAN BEATEN METAL MIRROR,14.0,143.3,8,0.0004316857327865314
21001,ROSE DU SUD WASHBAG ,24.0,142.8,12,0.0006475285991797971
84508B,STRIPES DESIGN TEDDY,56.0,142.8,30,0.0016188214979494927
79190A,RETRO PLASTIC 70'S TRAY,340.0,142.8,34,0.0018346643643427584
21132,SILVER STANDING GNOME   ,35.0,142.75,16,0.0008633714655730628
21369,MIRRORED WALL ART SPLODGES,98.0,142.5,13,0.0007014893157781135
20837,FRENCH FLORAL CUSHION COVER ,141.0,142.47,15,0.0008094107489747464
23694,PAISLEY PARK CARD,348.0,141.84000000000003,24,0.0012950571983595942
21117,BLOND DOLL DOORSTOP,109.0,141.75,14,0.00075545003237643
21614,SET OF 12 ROSE BOTANICAL T-LIGHTS,48.0,141.60000000000002,7,0.000377725016188215
21030,SPACE CADET RED,111.0,141.17000000000002,21,0.0011331750485646449
22033,BOTANICAL ROSE GREETING CARD,336.0,141.12000000000003,21,0.0011331750485646449
84247G,"DECOUPAGE,GREETING CARD,",336.0,141.12000000000003,23,0.0012410964817612777
20836,FRENCH PAISLEY CUSHION COVER,170.0,141.1,17,0.0009173321821713792
16054,POPART RECT PENCIL SHARPENER ASST,1166.0,140.51999999999998,33,0.001780703647744442
22408,MONEY BOX CONFECTIONERY DESIGN,136.0,140.25,22,0.0011871357651629614
21331,MOROCCAN BEATEN METAL DISH LARGE,11.0,140.25,7,0.000377725016188215
21555,CERAMIC STRAWBERRY TRINKET TRAY,55.0,140.24999999999997,12,0.0006475285991797971
23091,METAL HERB GERDEN CONTAINER,24.0,139.68,5,0.00026980358299158214
20659,ECONOMY LUGGAGE TAG,94.0,139.56,29,0.0015648607813511764
82011B,BATHROOM SCALES RUBBER DUCKS,41.0,139.35,19,0.001025253615368012
21344,MOROCCAN BEATEN METAL DISH,14.0,139.29999999999998,5,0.00026980358299158214
84711A,SILVER OVAL SHAPE TRINKET BOX,14.0,139.29999999999998,7,0.000377725016188215
75011,BLUE DAISY MOBILE,172.0,138.76,12,0.0006475285991797971
84192,ASSORTED COLOUR METAL CAT ,111.0,138.75,25,0.0013490179149579107
21851,LILAC DIAMANTE PEN IN GIFT BOX,26.0,138.72,15,0.0008094107489747464
84247E,PACK OF 12 CHRISTMAS FUN CARDS,47.0,138.65000000000003,13,0.0007014893157781135
35653,VINTAGE BEAD NOTEBOOK,47.0,138.65000000000003,17,0.0009173321821713792
90201A,PURPLE ENAMEL FLOWER RING,47.0,138.65,11,0.0005935678825814807
35922,EASTER BUNNY WREATH,28.0,138.6,10,0.0005396071659831643
23304,SET 4 PICNIC CUTLERY CHERRY ,71.0,138.45,9,0.0004856464493848478
16168M,FUNKY MONKEY GIFT BAG MEDIUM,329.0,138.18,20,0.0010792143319663286
17038,PORCELAIN BUDAH INCENSE HOLDER,1501.0,138.10000000000002,19,0.001025253615368012
20618,QUEEN OF THE SKIES PASSPORT COVER ,68.0,137.88,28,0.00151090006475286
23417,BATHROOM HOOK,140.0,137.76000000000002,21,0.0011331750485646449
20617,FIRST CLASS PASSPORT COVER ,66.0,137.74,26,0.001402978631556227
22769,CHALKBOARD KITCHEN ORGANISER,6.0,137.7,3,0.00016188214979494928
21736,GOLD SCROLL GLASS T-LIGHT HOLDER,80.0,137.22000000000003,5,0.00026980358299158214
21637,ASSORTED SANSKRIT MINI NOTEBOOK,109.0,136.25,6,0.00032376429958989856
90185D,CRYSTAL DIAMANTE EXPANDABLE RING,32.0,136.0,8,0.0004316857327865314
85118,HEART T-LIGHT HOLDER,142.0,135.74,6,0.00032376429958989856
84429A,MEDIUM PINK BUDDHA HEAD ,46.0,135.70000000000002,14,0.00075545003237643
90201D,GREEN ENAMEL FLOWER RING,46.0,135.70000000000002,9,0.0004856464493848478
90143,SILVER BRACELET W PASTEL FLOWER,18.0,135.0,7,0.000377725016188215
84744,S/6 SEW ON CROCHET FLOWERS,108.0,135.0,18,0.0009712928987696956
20694,FLORAL PINK MONSTER,36.0,135.0,10,0.0005396071659831643
21942,SKULLS DESIGN FLANNEL,161.0,134.54999999999998,23,0.0012410964817612777
22869,NUMBER TILE COTTAGE GARDEN 1,69.0,134.54999999999998,19,0.001025253615368012
20758,ABSTRACT CIRCLES POCKET BOOK,158.0,134.3,41,0.0022123893805309734
46000U,POLYESTER FILLER PAD 30CMx30CM,107.0,133.75,26,0.001402978631556227
90082A,DIAMANTE BOW BROOCH GREEN COLOUR,21.0,133.35,10,0.0005396071659831643
84661A,WHITE SQUARE TABLE CLOCK,94.0,132.99,11,0.0005935678825814807
20757,RED DAISY POCKET BOOK ,155.0,132.53,30,0.0016188214979494927
62096A,PINK/YELLOW FLOWERS HANDBAG,106.0,132.5,8,0.0004316857327865314
21401,BLUE PUDDING SPOON,1010.0,132.3,58,0.003129721562702353
84638,SMALL KITCHEN FLOWER POTS PLAQUE,19.0,132.05,12,0.0006475285991797971
23066,SMALL JEWELLERY STAND,16.0,132.0,6,0.00032376429958989856
23081,GREEN METAL BOX TOP SECRET,16.0,132.0,4,0.0002158428663932657
23465,TUSCAN VILLA BIRD FEEDER,16.0,132.0,8,0.0004316857327865314
79030G,"TUMBLER, NEW ENGLAND",138.0,131.94,11,0.0005935678825814807
90030B,RED KUKUI COCONUT SEED NECKLACE,112.0,131.8,15,0.0008094107489747464
90120C,GREEN MURANO TWIST BRACELET,31.0,131.75,7,0.000377725016188215
79191B,RETRO PLASTIC POLKA TRAY,154.0,130.9,26,0.001402978631556227
22395,PAPERWEIGHT VINTAGE PAISLEY,134.0,130.26,15,0.0008094107489747464
84508C,BLUE CIRCLES DESIGN TEDDY,51.0,130.05,20,0.0010792143319663286
85039C,S/4 BLACK MINI ROSE CANDLE IN BOWL,222.0,129.94,12,0.0006475285991797971
21319,GLASS CHALICE GREEN  SMALL ,147.0,129.51,12,0.0006475285991797971
22870,NUMBER TILE COTTAGE GARDEN 2,66.0,128.7,15,0.0008094107489747464
20826,SILVER APERITIF GLASS,276.0,128.40000000000003,8,0.0004316857327865314
21368,MIRRORED WALL ART LADIES,160.0,128.4,30,0.0016188214979494927
85095,THREE CANVAS LUGGAGE TAGS,66.0,128.26,10,0.0005396071659831643
84993A,75 GREEN PETIT FOUR CASES,305.0,128.1,33,0.001780703647744442
90198B,VINTAGE ROSE BEAD BRACELET BLACK,30.0,127.5,11,0.0005935678825814807
84882,GREEN WIRE STANDING CANDLE HOLDER,34.0,127.5,15,0.0008094107489747464
22124,SET OF 2 TEA TOWELS PING MICROWAVE,78.0,127.42000000000002,23,0.0012410964817612777
21025,SPACE FROG,100.0,127.25,16,0.0008633714655730628
84631,FRUIT TREE AND BIRDS WALL PLAQUE,16.0,127.20000000000002,9,0.0004856464493848478
85130A,BEADED PEARL HEART WHITE LARGE,77.0,127.04999999999998,10,0.0005396071659831643
20903,VINTAGE KEEPSAKE BOX TRAVELOGUE,20.0,127.0,10,0.0005396071659831643
21738,COSY SLIPPER SHOES SMALL  RED ,43.0,126.85000000000002,18,0.0009712928987696956
72130,COLUMBIAN CANDLE ROUND,215.0,126.78999999999999,24,0.0012950571983595942
23303,SET 4 PICNIC CUTLERY FONDANT,65.0,126.75,6,0.00032376429958989856
23020,GLASS SONGBIRD STORAGE JAR,11.0,126.7,3,0.00016188214979494928
20654,FIRST CLASS LUGGAGE TAG ,105.0,126.69,23,0.0012410964817612777
85067,CREAM SWEETHEART WALL CABINET,7.0,126.65,5,0.00026980358299158214
20823,GOLD WINE GOBLET,160.0,126.4,7,0.000377725016188215
90210D,PURPLE ACRYLIC FACETED BANGLE,104.0,125.0,5,0.00026980358299158214
23065,LARGE JEWELLERY STAND,10.0,125.0,4,0.0002158428663932657
90145,SILVER HOOP EARRINGS WITH FLOWER,21.0,124.95000000000002,11,0.0005935678825814807
22263,FELT EGG COSY LADYBIRD ,255.0,124.83,18,0.0009712928987696956
85202,HANGING WOOD AND FELT HEART,296.0,124.32000000000002,39,0.002104467947334341
85129B,BEADED CRYSTAL HEART GREEN SMALL,101.0,124.10999999999999,16,0.0008633714655730628
85185B,PINK HORSE SOCK PUPPET KIT,42.0,123.90000000000005,14,0.00075545003237643
72799C,PINK PILLAR CANDLE SILVER FLOCK,80.0,123.68,18,0.0009712928987696956
21377,SMALL CAMPHOR WOOD FIELD  MUSHROOM,93.0,123.20999999999998,19,0.001025253615368012
23454,SET OF 3 MINI HANGING PORTRAITS,32.0,123.2,2,0.00010792143319663285
90058A,CRYSTAL STUD EARRINGS CLEAR DISPLAY,324.0,123.12,7,0.000377725016188215
23457,LARGE PARLOUR FRAME,27.0,122.85,2,0.00010792143319663285
20616,CHERRY BLOSSOM PASSPORT COVER,134.0,122.78,25,0.0013490179149579107
85055,FRENCH ENAMEL UTENSIL HOLDER,37.0,122.75,10,0.0005396071659831643
85094,CANDY SPOT EGG WARMER RABBIT,501.0,122.75,30,0.0016188214979494927
84510C,SET OF 4 POLKADOT COASTERS,96.0,122.42,32,0.0017267429311461256
20735,BLACK MINI TAPE MEASURE ,158.0,121.29999999999995,30,0.0016188214979494927
84877D,BLUE ROUND COMPACT MIRROR,87.0,121.25,11,0.0005935678825814807
20845,ZINC HEART LATTICE 2 WALL PLANTER,19.0,120.64999999999998,11,0.0005935678825814807
85131B,BEADED CRYSTAL HEART GREEN ON STICK,142.0,120.37999999999998,13,0.0007014893157781135
22104,MIRROR MOSAIC CANDLE PLATE,151.0,120.07,12,0.0006475285991797971
84800S,SMALL WHITE/PINK ROSE ART FLOWER,107.0,120.07,9,0.0004856464493848478
23438,GIFT BAG LARGE SPOT ,96.0,120.0,6,0.00032376429958989856
35972,DAISY FOLKART HEART DECORATION,96.0,120.0,16,0.0008633714655730628
20696,FLORAL SOFT CAR TOY,32.0,120.0,10,0.0005396071659831643
44234,ASSORTED CIRCULAR MOBILE,640.0,119.99999999999999,19,0.001025253615368012
21027,NINJA RABBIT PINK,99.0,119.95,17,0.0009173321821713792
23463,VINTAGE ZINC WATERING CAN,12.0,119.4,7,0.000377725016188215
85087,CANDY SPOT CUSHION COVER,40.0,119.36000000000001,7,0.000377725016188215
85135A,YELLOW DRAGONFLY HELICOPTER,15.0,119.25,6,0.00032376429958989856
84709B,PINK OVAL JEWELLED MIRROR,20.0,119.00000000000001,11,0.0005935678825814807
23359,SET OF 12 T-LIGHTS VINTAGE DOILEY,61.0,118.95,6,0.00032376429958989856
23280,FOLDING MIRROR HOT PINK ,156.0,118.91999999999999,5,0.00026980358299158214
84741C,CITRUS GARLAND FELT FLOWERS ,60.0,117.00000000000001,14,0.00075545003237643
23244,STORAGE TIN VINTAGE LEAF,60.0,117.00000000000001,7,0.000377725016188215
21698,MOCK LOBSTER FRIDGE MAGNET,266.0,116.62,22,0.0011871357651629614
72780,BLACK SILOUETTE CANDLE PLATE,137.0,116.45,20,0.0010792143319663286
51020A,SUMMER FUN DESIGN SHOWER CAP,325.0,116.32999999999998,18,0.0009712928987696956
47310M,"SMALL POP BOX,FUNKY MONKEY",93.0,116.25,13,0.0007014893157781135
90210C,RED   ACRYLIC FACETED BANGLE,94.0,115.9,5,0.00026980358299158214
23209,LUNCH BAG VINTAGE DOILEY ,70.0,115.5,4,0.0002158428663932657
21418,STARFISH SOAP DISH,59.0,115.24999999999999,12,0.0006475285991797971
21826,EIGHT PIECE DINOSAUR SET,92.0,115.0,18,0.0009712928987696956
23185,FRENCH STYLE STORAGE JAR JAM,317.0,114.84999999999997,30,0.0016188214979494927
10080,GROOVY CACTUS INFLATABLE,291.0,114.41,21,0.0011331750485646449
84673B,BLUE FLY SWAT,135.0,114.20999999999998,42,0.0022663500971292897
23535,WALL ART BICYCLE SAFTEY ,21.0,114.15,3,0.00016188214979494928
90191,SILVER LARIAT 40CM,22.0,113.9,7,0.000377725016188215
90192,JADE DROP EARRINGS W FILIGREE,23.0,113.85000000000001,8,0.0004316857327865314
47518F,ICON PLACEMAT POP ART ELVIS,827.0,113.64,28,0.00151090006475286
85131D,BEADED CRYSTAL HEART PINK ON STICK,115.0,113.08999999999999,12,0.0006475285991797971
84576,BLUE CAT BISCUIT BARREL PINK HEART,57.0,111.14999999999999,9,0.0004856464493848478
22882,NUMBER TILE VINTAGE FONT 3,83.0,110.29000000000002,20,0.0010792143319663286
23496,PANTRY KITCHEN THERMOMETER ,88.0,110.0,22,0.0011871357651629614
84925F,PSYCHEDELIC WALL THERMOMETER,79.0,109.92999999999999,14,0.00075545003237643
84595E,LARGE TORTILLA DESIGN RED BOWL,64.0,109.79999999999998,9,0.0004856464493848478
21400,RED PUDDING SPOON,837.0,109.74000000000001,48,0.0025901143967191884
84865,NEW BAROQUE BLACK PHOTO ALBUM,24.0,109.65,11,0.0005935678825814807
84846A,SCENTED CANDLE IN DIGITALIS TIN,52.0,109.20000000000002,10,0.0005396071659831643
35638B,PINK/BLUE STRING CURTAIN ,56.0,109.2,4,0.0002158428663932657
22878,NUMBER TILE COTTAGE GARDEN No,52.0,109.19999999999999,11,0.0005935678825814807
23578,SNACK TRAY RED GINGHAM,56.0,109.19999999999999,11,0.0005935678825814807
22877,NUMBER TILE COTTAGE GARDEN 9,56.0,109.19999999999999,13,0.0007014893157781135
20655,QUEEN OF SKIES LUGGAGE TAG,89.0,109.11,34,0.0018346643643427584
23041,PAPER LANTERN 6 POINT SNOW STAR,26.0,107.9,6,0.00032376429958989856
17090A,LAVENDER INCENSE 40 CONES IN TIN,109.0,107.44999999999999,10,0.0005396071659831643
84228,HEN HOUSE W CHICK STANDING,270.0,107.40000000000002,16,0.0008633714655730628
21375,LARGE CAMPHOR WOOD FIELD MUSHROOM ,22.0,107.30000000000001,10,0.0005396071659831643
22872,NUMBER TILE COTTAGE GARDEN 4,55.0,107.24999999999999,13,0.0007014893157781135
21518,BANK ACCOUNT  GREETING  CARD ,265.0,106.98000000000002,17,0.0009173321821713792
23455,SMALL PARLOUR FRAME,42.0,106.98000000000002,2,0.00010792143319663285
22135,MINI LADLE LOVE HEART PINK,242.0,106.56000000000002,45,0.002428232246924239
23477,WOODLAND LARGE BLUE FELT HEART,85.0,106.25,8,0.0004316857327865314
85215,ASSORTED CHEESE FRIDGE MAGNETS,163.0,105.95,8,0.0004316857327865314
22874,NUMBER TILE COTTAGE GARDEN 6,54.0,105.3,11,0.0005935678825814807
16052,TEATIME PUSH DOWN RUBBER,467.0,105.28999999999999,6,0.00032376429958989856
22039,BOTANICAL LILY GIFT WRAP,250.0,105.0,7,0.000377725016188215
23574,PACKING CHARGE,14.0,105.0,14,0.00075545003237643
21904,HOUSE WRECKING METAL SIGN ,50.0,104.99999999999999,23,0.0012410964817612777
84461,12 PINK HEN+CHICKS IN BASKET,41.0,104.54999999999998,14,0.00075545003237643
23151,ZINC SWEETHEART SOAP DISH,59.0,104.41,19,0.001025253615368012
20775,DAISY NOTEBOOK ,63.0,103.94999999999997,20,0.0010792143319663286
22868,NUMBER TILE COTTAGE GARDEN 0 ,53.0,103.35,10,0.0005396071659831643
21814,HEART T-LIGHT HOLDER ,71.0,102.95,12,0.0006475285991797971
22885,NUMBER TILE VINTAGE FONT 6 ,79.0,102.49000000000001,12,0.0006475285991797971
22881,NUMBER TILE VINTAGE FONT 2,79.0,102.49000000000001,13,0.0007014893157781135
90196A,PURPLE GEMSTONE NECKLACE 45CM,8.0,102.0,5,0.00026980358299158214
21366,MIRRORED WALL ART PHOTO FRAMES,24.0,102.0,10,0.0005396071659831643
90199C,5 STRAND GLASS NECKLACE CRYSTAL,16.0,101.6,7,0.000377725016188215
22871,NUMBER TILE COTTAGE GARDEN 3 ,52.0,101.4,10,0.0005396071659831643
22876,NUMBER TILE COTTAGE GARDEN 8,52.0,101.4,11,0.0005935678825814807
47594A,CAROUSEL DESIGN WASHBAG,52.0,101.39999999999999,26,0.001402978631556227
84457,SET/3 RABBITS FLOWER SKIPPPING ROPE,119.0,101.15,21,0.0011331750485646449
35819B,"ACRYLIC HANGING JEWEL,BLUE",266.0,101.08000000000001,22,0.0011871357651629614
84509E,SET OF 4 CAROUSEL PLACEMATS ,70.0,101.06,8,0.0004316857327865314
21157,RED RETROSPOT WASHBAG,48.0,100.8,14,0.00075545003237643
16033,MINI HIGHLIGHTER PENS,840.0,100.79999999999998,4,0.0002158428663932657
20796,SMALL BLUE PROVENCAL CERAMIC BALL,61.0,100.65,8,0.0004316857327865314
22883,NUMBER TILE VINTAGE FONT 4,78.0,100.53999999999999,11,0.0005935678825814807
85129C,BEADED CRYSTAL HEART BLUE SMALL,77.0,99.88,12,0.0006475285991797971
22875,NUMBER TILE COTTAGE GARDEN 7,51.0,99.45,14,0.00075545003237643
35818P,"ACRYLIC JEWEL ICICLE, PINK",261.0,99.18,17,0.0009173321821713792
23466,TUSCAN VILLA DOVECOTE,12.0,99.0,4,0.0002158428663932657
23465,TUSCAN VILLA FEEDING STATION,12.0,99.0,7,0.000377725016188215
23191,BUNDLE OF 3 RETRO EXERCISE BOOKS,60.0,98.99999999999999,5,0.00026980358299158214
17091A,LAVENDER INCENSE IN TIN,171.0,98.91000000000003,25,0.0013490179149579107
90184C,BLACK CHUNKY BEAD BRACELET W STRAP,11.0,98.44999999999999,7,0.000377725016188215
84723,CHERRY BLOSSOM CANVAS ART PICTURE,41.0,97.95000000000002,6,0.00032376429958989856
84247E,PACK/12 XMAS FUN CARD,33.0,97.35000000000002,10,0.0005396071659831643
84806A,PINK CANDYSTUFT ARTIFICIAL FLOWER,137.0,96.88999999999999,11,0.0005935678825814807
84801A,PINK HYDRANGEA ART FLOWER,46.0,96.6,5,0.00026980358299158214
22812,PACK 3 BOXES CHRISTMAS PANETTONE,39.0,95.66999999999999,12,0.0006475285991797971
79190D,RETRO PLASTIC DAISY TRAY,227.0,95.34,25,0.0013490179149579107
90195A,PURPLE GEMSTONE BRACELET,16.0,95.2,7,0.000377725016188215
84666,SQUARE CHERRY BLOSSOM CABINET,24.0,94.80000000000001,4,0.0002158428663932657
22884,NUMBER TILE VINTAGE FONT 5,75.0,94.69,16,0.0008633714655730628
84898F,YELLOW FLOWERS FELT HANDBAG KIT,45.0,94.5,18,0.0009712928987696956
46776F,WOVEN ROSE GARDEN CUSHION COVER ,19.0,94.05,8,0.0004316857327865314
90125A,PINK BERTIE GLASS BEAD BAG CHARM,109.0,93.89999999999999,6,0.00032376429958989856
23402,HOME SWEEET HOME 3 PEG HANGER ,25.0,93.75,4,0.0002158428663932657
84569B,PACK 3 FIRE ENGINE/CAR PATCHES,75.0,93.75,11,0.0005935678825814807
90063A,WHITE VINT ART DECO CRYSTAL NECKLAC,11.0,93.5,7,0.000377725016188215
22602,CHRISTMAS RETROSPOT HEART WOOD,110.0,93.5,10,0.0005396071659831643
90185A,AMBER DIAMANTE EXPANDABLE RING,22.0,93.5,5,0.00026980358299158214
85167B,BLACK GRAND BAROQUE PHOTO FRAME,48.0,93.0,7,0.000377725016188215
22886,NUMBER TILE VINTAGE FONT 7,74.0,92.74,13,0.0007014893157781135
20731,POSY CANDY BAG,74.0,92.5,8,0.0004316857327865314
20795,LARGE BLUE PROVENCAL CERAMIC BALL,44.0,92.4,8,0.0004316857327865314
20773,BLUE PAISLEY NOTEBOOK,56.0,92.39999999999998,23,0.0012410964817612777
82615,PINK MARSHMALLOW SCARF KNITTING KIT,36.0,91.8,1,5.3960716598316424e-05
22873,NUMBER TILE COTTAGE GARDEN 5,47.0,91.65,13,0.0007014893157781135
23075,DOUBLE CERAMIC PARLOUR HOOK,22.0,91.30000000000001,5,0.00026980358299158214
90032,IVORY SHELL HEART NECKLACE,19.0,90.67,6,0.00032376429958989856
85230F,JASMINE VOTIVE CANDLE,338.0,90.33999999999999,12,0.0006475285991797971
47503H,ASS FLORAL PRINT SPIRIT LEVEL ,95.0,90.13,32,0.0017267429311461256
84748,FOLK FELT HANGING MULTICOL GARLAND,24.0,90.0,8,0.0004316857327865314
37343,POLKADOT MUG PINK ,62.0,89.7,8,0.0004316857327865314
85179C,PINK BITTY LIGHT CHAIN,69.0,89.65,7,0.000377725016188215
90010E,AMBER GLASS/SILVER BRACELET,10.0,89.5,7,0.000377725016188215
35400,WOODEN BOX ADVENT CALENDAR ,10.0,89.5,5,0.00026980358299158214
21281,VINTAGE KITCHEN PRINT SEAFOOD,35.0,89.25,6,0.00032376429958989856
90148,LONG SILVER NECKLACE PASTEL FLOWER,7.0,89.25,5,0.00026980358299158214
90185C,BLACK DIAMANTE EXPANDABLE RING,21.0,89.25,5,0.00026980358299158214
90019A,SILVER M.O.P ORBIT BRACELET,18.0,89.1,9,0.0004856464493848478
21678,PAISLEY PATTERN  STICKERS,104.0,88.4,16,0.0008633714655730628
84984A,GREEN PEONY CUSHION COVER,19.0,88.35000000000001,6,0.00032376429958989856
21370,MIRRORED WALL ART FOXY,15.0,88.2,8,0.0004316857327865314
90036D,"FLOWER GLASS GARLAND NECKL.36""BLACK",11.0,87.45,4,0.0002158428663932657
90180A,BLACK+WHITE NECKLACE W TASSEL,13.0,87.35,5,0.00026980358299158214
21038,SET/4 MODERN VINTAGE COTTON NAPKINS,77.0,86.75000000000001,23,0.0012410964817612777
20774,GREEN FERN NOTEBOOK,52.0,85.79999999999998,22,0.0011871357651629614
75172,PAINTED SEA SHELL METAL WINDCHIME,93.0,85.31,8,0.0004316857327865314
90200C,BLUE SWEETHEART BRACELET,20.0,85.0,6,0.00032376429958989856
90120B,BLUE MURANO TWIST BRACELET,20.0,85.0,5,0.00026980358299158214
22880,NUMBER TILE VINTAGE FONT 1,70.0,84.94,11,0.0005935678825814807
84527,FLAMES SUNGLASSES PINK LENSES,47.0,84.45,6,0.00032376429958989856
35933,PINK STOCKING CHRISTMAS DECORATION,222.0,84.36000000000001,16,0.0008633714655730628
90122C,TURQUOISE CRYSTAL+GLASS BRACELET,17.0,84.15,5,0.00026980358299158214
23456,MEDIUM PARLOUR FRAME ,22.0,84.1,2,0.00010792143319663285
16169K,WRAP FOLK ART,200.0,84.0,8,0.0004316857327865314
21420,OYSTER TRINKET BOX,47.0,83.87,13,0.0007014893157781135
35920,FOUR RABBIT EASTER DECORATIONS,67.0,83.75,11,0.0005935678825814807
21032,SPACE CADET WHITE,64.0,83.63,15,0.0008094107489747464
90123A,PINK HEART OF GLASS BRACELET,14.0,83.30000000000001,8,0.0004316857327865314
23442,12 HANGING EGGS HAND PAINTED,40.0,83.2,7,0.000377725016188215
21003,ROSE DU SUD CUSHION COVER,13.0,82.55,6,0.00032376429958989856
21690,SILVER  CANDLEPOT JARDIN ,22.0,82.5,7,0.000377725016188215
82613A,"METAL SIGN,CUPCAKE SINGLE HOOK",66.0,82.5,14,0.00075545003237643
35638A,PINK AND BLACK STRING CURTAIN,38.0,82.1,5,0.00026980358299158214
16049,TEATIME GEL PENS ASST,504.0,82.08,5,0.00026980358299158214
84531B,BLUE KNITTED EGG COSY,149.0,81.51000000000002,25,0.0013490179149579107
21349,IVY HEART WREATH,12.0,81.0,7,0.000377725016188215
35915C,PEACH KNITTED HEN ,49.0,80.85,8,0.0004316857327865314
90016A,SILVER/M.O.P PENDANT ORBIT NECKLACE,14.0,80.75,4,0.0002158428663932657
21095,SET/6 POSIES PAPER PLATES,95.0,80.74999999999999,9,0.0004856464493848478
90175C,BLUE GLASS CHUNKY CHARM BRACELET,9.0,80.55,6,0.00032376429958989856
90175A,WHITE GLASS CHUNKY CHARM BRACELET,9.0,80.55,8,0.0004316857327865314
23370,SET 36 COLOUR PENCILS DOILEY,64.0,80.0,3,0.00016188214979494928
84809A,WHITE CHRYSANTHEMUMS ART FLOWER,38.0,79.80000000000001,5,0.00026980358299158214
90162B,ANT SILVER LIME GREEN BOUDICCA RING,27.0,79.65,10,0.0005396071659831643
90014A,SILVER/MOP ORBIT NECKLACE,8.0,79.60000000000001,7,0.000377725016188215
90014B,GOLD M PEARL  ORBIT NECKLACE,8.0,79.6,6,0.00032376429958989856
20821,GOLDIE LOOKING MIRROR,16.0,79.20000000000002,5,0.00026980358299158214
23464,VINTAGE ZINC WATERING CAN SMALL,16.0,79.2,6,0.00032376429958989856
84984B,RED PEONY CUSHION COVER ,17.0,79.05000000000001,5,0.00026980358299158214
21278,VINTAGE KITCHEN PRINT PUDDINGS,31.0,79.05,7,0.000377725016188215
84507B,STRIPES DESIGN MONKEY DOLL,31.0,79.05,14,0.00075545003237643
84685,BEACH HUT KEY CABINET,21.0,78.75,9,0.0004856464493848478
85131C,BEADED CRYSTAL HEART BLUE ON STICK,73.0,78.71,11,0.0005935678825814807
23497,CLASSIC CROME BICYCLE BELL ,60.0,77.4,2,0.00010792143319663285
90123C,GREEN HEART OF GLASS BRACELET,13.0,77.35000000000001,5,0.00026980358299158214
22887,NUMBER TILE VINTAGE FONT 8,66.0,77.14,11,0.0005935678825814807
90016B,GOLD/M.O.P PENDANT ORBIT NECKLACE,9.0,76.5,8,0.0004316857327865314
20657,TROPICAL LUGGAGE TAG,61.0,76.39,22,0.0011871357651629614
20941,FROG CANDLE,61.0,76.25,17,0.0009173321821713792
90170,DAISY HAIR BAND,46.0,75.89999999999998,6,0.00032376429958989856
21372,MIRRORED WALL ART TABLE LAMP,67.0,75.73,25,0.0013490179149579107
23467,VINTAGE ZINC PLANTER  ,23.0,75.67,5,0.00026980358299158214
79403,FROSTED WHITE BASE ,89.0,75.64999999999999,11,0.0005935678825814807
20798,CLEAR MILKSHAKE GLASS,36.0,75.60000000000001,5,0.00026980358299158214
23061,VINTAGE ENGRAVED HEART,60.0,75.0,4,0.0002158428663932657
84870B,BLUE GEISHA GIRL ,20.0,75.0,10,0.0005396071659831643
84870C,GREEN GEISHA GIRL ,20.0,75.0,10,0.0005396071659831643
85096,HILDA CANDY SPOT RABBIT,20.0,75.0,11,0.0005935678825814807
84847,FLORAL BATHROOM SET,20.0,75.0,11,0.0005935678825814807
22764,"RUSTIC WOODEN CABINET, GLASS DOORS",3.0,74.85,2,0.00010792143319663285
23044,PAPER LANTERN 9 POINT HOLLY STAR 23,18.0,74.70000000000002,5,0.00026980358299158214
23068,ALUMINIUM HEART,30.0,74.7,6,0.00032376429958989856
90081A,LILY BROOCH AMETHYST COLOUR,15.0,74.25,8,0.0004316857327865314
46776B,WOVEN BERRIES CUSHION COVER ,15.0,74.25,7,0.000377725016188215
20997,ROSE DU SUD CUSHION COVER ,15.0,74.25,5,0.00026980358299158214
90030C,BROWN KUKUI COCONUT SEED NECKLACE,74.0,74.0,8,0.0004316857327865314
20699,MOUSEY LONG LEGS SOFT TOY,29.0,73.94999999999999,11,0.0005935678825814807
20898,VINTAGE NOTEBOOK TRAVELOGUE,25.0,73.75000000000001,4,0.0002158428663932657
20894,HANGING BAUBLE T-LIGHT HOLDER LARGE,25.0,73.75,9,0.0004856464493848478
20622,VIP PASSPORT COVER ,35.0,73.5,11,0.0005935678825814807
17084P,DRAGONS BLOOD INCENSE,349.0,73.28999999999999,13,0.0007014893157781135
72801D,4 SKY BLUE DINNER CANDLES,58.0,72.5,12,0.0006475285991797971
22416,SET OF 36 SPACEBOY PAPER DOILIES,50.0,72.5,7,0.000377725016188215
46000P,POLYESTER FILLER PAD 65CMx65CM,17.0,72.25,5,0.00026980358299158214
90018A,SILVER M.O.P ORBIT DROP EARRINGS,17.0,72.25,9,0.0004856464493848478
90030A,SPOTTED WHITE NATURAL SEED NECKLACE,72.0,72.0,7,0.000377725016188215
84927E,FLOWERS TILE HOOK,57.0,71.82000000000001,11,0.0005935678825814807
84531A,PINK KNITTED EGG COSY,140.0,71.76,25,0.0013490179149579107
90178A,AMBER CHUNKY GLASS+BEAD NECKLACE,6.0,71.7,6,0.00032376429958989856
90184A,AMBER CHUNKY BEAD BRACELET W STRAP,8.0,71.60000000000001,4,0.0002158428663932657
90098,NECKLACE+BRACELET PINK BUTTERFLY,28.0,71.39999999999999,9,0.0004856464493848478
22888,NUMBER TILE VINTAGE FONT 9 ,63.0,71.28999999999999,8,0.0004316857327865314
20933,YELLOW POT PLANT CANDLE,23.0,71.05000000000001,9,0.0004856464493848478
21100,CHARLIE AND LOLA CHARLOTTE BAG,43.0,70.95,8,0.0004316857327865314
47589,CONGRATULATIONS BUNTING,13.0,70.85000000000001,3,0.00016188214979494928
51020B,STRIPY DESIGN SHOWER CAP,197.0,70.56999999999998,15,0.0008094107489747464
90164A,PINK ROSEBUD PEARL BRACELET,19.0,70.35,6,0.00032376429958989856
84661C,PINK SQUARE TABLE CLOCK,62.0,70.1,5,0.00026980358299158214
16161G,WRAP BAD HAIR DAY,700.0,70.0,22,0.0011871357651629614
84881,BLUE WIRE SPIRAL CANDLE HOLDER,11.0,69.85,5,0.00026980358299158214
90124C,GREEN MURANO TWIST NECKLACE,7.0,69.64999999999999,4,0.0002158428663932657
81952V,ROUND PURPLE CLOCK WITH SUCKER,365.0,69.35,24,0.0012950571983595942
22879,NUMBER TILE VINTAGE FONT 0,62.0,69.33999999999999,8,0.0004316857327865314
46776E,WOVEN CANDY CUSHION COVER ,14.0,69.30000000000001,5,0.00026980358299158214
46776A,WOVEN BUBBLE GUM CUSHION COVER,14.0,69.30000000000001,6,0.00032376429958989856
90158,ST TROPEZ NECKLACE,14.0,69.30000000000001,6,0.00032376429958989856
23040,PAPER LANTERN 9 POINT SNOW STAR,12.0,69.0,4,0.0002158428663932657
84249A,"GREETING CARD,SQUARE, DOUGHNUTS",160.0,68.84,13,0.0007014893157781135
84231,EASTER BUNNY WITH BASKET ON BACK,105.0,68.24999999999999,18,0.0009712928987696956
85198,ASSORTED FARMYARD ANIMALS IN BUCKET,86.0,68.06,6,0.00032376429958989856
90063B,BLACK VINT ART DEC CRYSTAL NECKLACE,8.0,68.0,5,0.00026980358299158214
90151,SILVER/NATURAL SHELL NECKLACE,8.0,68.0,4,0.0002158428663932657
22184,CAKE STAND VICTORIAN FILIGREE LARGE,8.0,68.0,4,0.0002158428663932657
17014A,ORIGAMI VANILLA INCENSE CONES,154.0,67.83,7,0.000377725016188215
85049B,LUSH GREENS RIBBONS,54.0,67.5,13,0.0007014893157781135
35921,EASTER BUNNY HANGING GARLAND,54.0,67.5,11,0.0005935678825814807
90003D,CRYSTAL PAIR HEART HAIR SLIDES,18.0,67.5,7,0.000377725016188215
72811,SMALL ZINC/GLASS CANDLEHOLDER,49.0,67.25,6,0.00032376429958989856
85197,SET OF 12 MINI BUNNIES IN A BUCKET,32.0,67.20000000000002,18,0.0009712928987696956
90108,BLUE BLOSSOM HAIR CLIP,64.0,67.2,6,0.00032376429958989856
35819P,"ACRYLIC HANGING JEWEL,PINK",95.0,66.55000000000001,7,0.000377725016188215
84686,BEACH HUT MIRROR,49.0,66.39,8,0.0004316857327865314
90164B,WHITE  ROSEBUD PEARL BRACELET,28.0,65.7,7,0.000377725016188215
84906,PINK B'FLY C/COVER W BOBBLES,11.0,65.45,6,0.00032376429958989856
90000A,RASPBERRY ANT COPPER FLOWER NECKLAC,11.0,65.45,6,0.00032376429958989856
90125D,PURPLE BERTIE GLASS BEAD BAG CHARM,74.0,65.39999999999999,5,0.00026980358299158214
84247K,"FOLK ART GREETING CARD,pack/12",22.0,64.9,9,0.0004856464493848478
84247N,PACK/12 BLUE FOLKART CARDS,22.0,64.9,18,0.0009712928987696956
23235,BISCUIT TIN VINTAGE LEAF,24.0,64.56,3,0.00016188214979494928
90073,VINTAGE ENAMEL & CRYSTAL EARRINGS,13.0,64.35000000000001,4,0.0002158428663932657
22285,"DECORATION HEN ON NEST, HANGING",39.0,64.35,3,0.00016188214979494928
23253,16 PC CUTLERY SET PANTRY DESIGN,4.0,63.8,1,5.3960716598316424e-05
85188B,PINK METAL SWINGING BUNNY,75.0,63.75,8,0.0004316857327865314
21692,SILVER LATTICE VANILLA CANDLE POT,17.0,63.75,7,0.000377725016188215
84875D,BLUE SQUARE COMPACT MIRROR,51.0,63.75,8,0.0004316857327865314
85026B,EAU DE NILE JEWELLED T-LIGHT HOLDER,75.0,63.75,9,0.0004856464493848478
90146,FINE SILVER NECKLACE W PASTEL FLOWE,13.0,63.75,3,0.00016188214979494928
90125C,TURQUOISE BERTIE GLASS BEAD CHARM,73.0,63.3,3,0.00016188214979494928
35815P,"ACRYLIC JEWEL SNOWFLAKE, PINK",162.0,63.28,5,0.00026980358299158214
22145,CHRISTMAS CRAFT HEART STOCKING ,30.0,63.0,1,5.3960716598316424e-05
84452,METAL RABBIT LADDER EASTER ,74.0,62.900000000000006,16,0.0008633714655730628
47591B,SCOTTIES CHILDRENS APRON,38.0,62.69999999999999,10,0.0005396071659831643
90010A,MIDNIGHT BLUE GLASS/SILVER BRACELET,7.0,62.65,5,0.00026980358299158214
90010B,BLACK/WHITE GLASS/SILVER BRACELET,7.0,62.65,3,0.00016188214979494928
35637C,PINK STRING CURTAIN WITH POLE,28.0,62.6,7,0.000377725016188215
40046A,RED DAISY PAPER LAMPSHADE,50.0,62.5,6,0.00032376429958989856
22407,MONEY BOX FIRST ADE DESIGN,50.0,62.5,13,0.0007014893157781135
84760S,SMALL HANGING GLASS+ZINC LANTERN,43.0,62.34999999999999,8,0.0004316857327865314
17011F,ORIGAMI SANDLEWOOD INCENSE+FLOWER,80.0,62.150000000000006,6,0.00032376429958989856
21087,SET/6 POSIES PAPER CUPS,126.0,62.120000000000005,10,0.0005396071659831643
90129B,TURQUOISE GLASS TASSLE BAG CHARM ,21.0,61.95000000000001,6,0.00032376429958989856
20848,ZINC HEART LATTICE CHARGER SMALL,21.0,61.95,8,0.0004316857327865314
71496A,A4 WALL TIDY BLUE OFFICE,114.0,61.86,5,0.00026980358299158214
16151A,FLOWERS HANDBAG blue and orange,49.0,61.25,3,0.00016188214979494928
23541,"WALL ART ,PUDDINGS ",8.0,61.2,2,0.00010792143319663285
22949,SET OF 36 DOLLY GIRL PAPER DOILIES,42.0,60.900000000000006,12,0.0006475285991797971
21655,HANGING RIDGE GLASS T-LIGHT HOLDER,36.0,60.84,2,0.00010792143319663285
84859B,BLUE DISCO HANDBAG,30.0,60.67999999999999,10,0.0005396071659831643
84984D,ORIENTAL RED CUSHION COVER ,13.0,60.45,4,0.0002158428663932657
37479B,CUBIC MUG FLOCK BLUE ON BROWN,127.0,60.33,17,0.0009173321821713792
37467,PIG MUG IN TWO COLOUR DESIGNS,128.0,60.04,11,0.0005935678825814807
90013A,MIDNIGHT BLUE VINTAGE EARRINGS,16.0,60.0,3,0.00016188214979494928
46126A,ELVIS WALLHANGING / CURTAIN,48.0,60.0,6,0.00032376429958989856
90173,PAIR BUTTERFLY HAIR CLIPS,16.0,60.0,3,0.00016188214979494928
82011A,"BATHROOM SCALES, TROPICAL BEACH",16.0,60.0,10,0.0005396071659831643
22849,"BREAD BIN, DINER STYLE, MINT",4.0,59.8,1,5.3960716598316424e-05
22847,"BREAD BIN, DINER STYLE, IVORY",4.0,59.8,1,5.3960716598316424e-05
90124A,PINK MURANO TWIST NECKLACE,6.0,59.699999999999996,4,0.0002158428663932657
84910A,PINK PAISLEY CUSHION COVER ,10.0,59.5,6,0.00032376429958989856
84985A,SET OF 72 GREEN PAPER DOILIES,41.0,59.45,18,0.0009712928987696956
46776D,WOVEN SUNSET CUSHION COVER ,12.0,59.400000000000006,3,0.00016188214979494928
84905,PINK BUTTERFLY CUSHION COVER ,12.0,59.400000000000006,2,0.00010792143319663285
90206C,CRYSTAL DIAMANTE STAR BROOCH,12.0,59.400000000000006,7,0.000377725016188215
23537,I LOVE LONDON WALL ART,12.0,59.400000000000006,2,0.00010792143319663285
21910,WAY OUT METAL SIGN ,36.0,59.39999999999999,8,0.0004316857327865314
23325,RUSTIC STRAWBERRY JAMPOT SMALL,36.0,59.39999999999999,3,0.00016188214979494928
79071B,ENGLISH ROSE METAL WASTE BIN,20.0,59.00000000000001,11,0.0005935678825814807
90183A,AMBER DROP EARRINGS W LONG BEADS,20.0,59.00000000000001,5,0.00026980358299158214
90166,PINK & WHITE ROSEBUD RING,14.0,58.9,8,0.0004316857327865314
21946,PARTY TIME DESIGN FLANNEL,72.0,58.89999999999999,11,0.0005935678825814807
79030D,"TUMBLER, BAROQUE",54.0,58.85999999999999,5,0.00026980358299158214
20760,GARDEN PATH POCKET BOOK,69.0,58.650000000000006,21,0.0011331750485646449
90210B,CLEAR ACRYLIC FACETED BANGLE,40.0,58.6,6,0.00032376429958989856
71495B,CD WALL TIDY RED FLOWERS,160.0,58.56,5,0.00026980358299158214
23306,SET OF 36 PANTRY PAPER DOILIES,39.0,58.02,14,0.00075545003237643
71406C,BLACK ORANGE SQUEEZER,138.0,57.96,21,0.0011331750485646449
84597C,RETRO PINK BALL ASHTRAY ,46.0,57.5,13,0.0007014893157781135
84466,TOP SECRET PEN SET,46.0,57.5,10,0.0005396071659831643
85006,SET 4 NURSERY DES ROUND BOXES,55.0,57.25,9,0.0004856464493848478
90204,PAIR OF ENAMEL BUTTERFLY HAIRCLIP,17.0,56.95,8,0.0004316857327865314
79051A,SMOKEY GREY COLOUR GLASS,196.0,56.83999999999999,11,0.0005935678825814807
44236,PINK/PURPLE CIRCLE CURTAIN,52.0,56.519999999999996,6,0.00032376429958989856
47341B,BLUE TABLE RUN FLOWER,45.0,56.25,11,0.0005935678825814807
84874B,BLUE TRAVEL FIRST AID KIT,34.0,56.1,7,0.000377725016188215
85008,SET OF 3 CONEY ISLAND OVAL BOXES,12.0,55.95000000000001,7,0.000377725016188215
90214A,"LETTER ""A"" BLING KEY RING",63.0,55.71,14,0.00075545003237643
84679,CLASSICAL ROSE TABLE LAMP,6.0,55.7,2,0.00010792143319663285
90036E,"FLOWER GLASS GARLD NECKL36""AMETHYST",7.0,55.650000000000006,5,0.00026980358299158214
21777,RECIPE BOX WITH METAL HEART,7.0,55.650000000000006,3,0.00016188214979494928
21002,ROSE DU SUD DRAWSTRING BAG,13.0,55.25,5,0.00026980358299158214
21722,SWEET PUDDING STICKER SHEET,65.0,55.25,15,0.0008094107489747464
90185B,AMETHYST DIAMANTE EXPANDABLE RING,13.0,55.25,3,0.00016188214979494928
84750B,BLACK SMALL GLASS CAKE STAND,61.0,54.99000000000001,12,0.0006475285991797971
20835,FRENCH LATTICE CUSHION COVER ,66.0,54.78,7,0.000377725016188215
72132,COLUMBIAN CUBE CANDLE,28.0,54.599999999999994,12,0.0006475285991797971
90081C,LILY BROOCH OLIVE COLOUR,11.0,54.45,6,0.00032376429958989856
46776C,WOVEN FROST CUSHION COVER,11.0,54.45,6,0.00032376429958989856
20759,CHRYSANTHEMUM POCKET BOOK ,64.0,54.400000000000006,20,0.0010792143319663286
16046,TEATIME PEN CASE & PENS,64.0,54.4,13,0.0007014893157781135
37333,"RETRO ""TEA FOR ONE"" ",14.0,54.30000000000001,11,0.0005935678825814807
20869,GOLD FABRIC MIRROR,139.0,54.21,17,0.0009173321821713792
79323B,BLACK CHERRY LIGHTS,8.0,54.0,1,5.3960716598316424e-05
20793,BLUE TILED TRAY,8.0,54.0,4,0.0002158428663932657
23389,SPACEBOY MINI RUCKSACK,13.0,53.95,4,0.0002158428663932657
84927A,WAKE UP COCKEREL TILE HOOK,46.0,53.85000000000001,14,0.00075545003237643
72801G,4 BURGUNDY WINE DINNER CANDLES,43.0,53.75,11,0.0005935678825814807
20851,ZINC HEART LATTICE TRAY OVAL ,9.0,53.550000000000004,7,0.000377725016188215
20756,GREEN FERN POCKET BOOK,63.0,53.550000000000004,22,0.0011871357651629614
82095,HEART BUTTONS JEWELLERY BOX,7.0,53.55,4,0.0002158428663932657
47586A,PINK FAIRY CAKE CUSHION COVER,21.0,53.55,8,0.0004316857327865314
20857,BLUE ROSE PATCH PURSE PINK BUTTERFL,32.0,52.8,8,0.0004316857327865314
35968,FOLK ART METAL HEART T-LIGHT HOLDER,145.0,52.760000000000005,18,0.0009712928987696956
84805B,BLUE CLIMBING HYDRANGA ART FLOWER,38.0,52.5,3,0.00016188214979494928
90176D,DIAMANTE NECKLACE PURPLE,7.0,52.5,4,0.0002158428663932657
90039D,FIRE POLISHED GLASS BRACELET GREEN,14.0,52.5,2,0.00010792143319663285
37479P,CUBIC MUG FLOCK PINK ON BROWN,118.0,52.5,20,0.0010792143319663286
84842,HELLO SAILOR BATHROOM SET,14.0,52.5,9,0.0004856464493848478
84805A,CREAM CLIMBING HYDRANGA ART FLOWER,30.0,52.5,3,0.00016188214979494928
23035,DOORKNOB CERAMIC IVORY,36.0,52.199999999999996,1,5.3960716598316424e-05
23196,RETO LEAVES MAGNETIC SHOPPING LIST,36.0,52.199999999999996,3,0.00016188214979494928
35649,VINTAGE BEAD COSMETIC BAG ,16.0,51.82000000000001,6,0.00032376429958989856
85028S,FRENCH CHATEAU SMALL FRUITBOWL,24.0,51.59999999999999,8,0.0004316857327865314
84597B,RETRO BROWN BALL ASHTRAY ,41.0,51.25,5,0.00026980358299158214
90194,SILVER LARIAT BLACK STONE EARRINGS,12.0,51.0,6,0.00032376429958989856
90196B,BLACK GEMSTONE NECKLACE 45CM,4.0,51.0,4,0.0002158428663932657
90099,NECKLACE+BRACELET SET BLUE HIBISCUS,20.0,50.99999999999999,13,0.0007014893157781135
84872A,TEATIME FUNKY FLOWER BACKPACK FOR 2,3.0,50.849999999999994,3,0.00016188214979494928
20910,VINTAGE PHOTO ALBUM PARIS DAYS,8.0,50.8,3,0.00016188214979494928
90199A,5 STRAND GLASS NECKLACE BLACK,8.0,50.8,3,0.00016188214979494928
21460,GREEN EASTER EGG HUNT START POST,26.0,50.7,9,0.0004856464493848478
17007B,S/3 POT POURI CUSHIONS BLUE COLOURS,24.0,50.400000000000006,2,0.00010792143319663285
47348A,FUSCHIA VOILE POINTY SHOE DEC,97.0,50.31,15,0.0008094107489747464
44242B,PINK FEATHERS CURTAIN,52.0,50.28,3,0.00016188214979494928
35265,COLOURFUL FLOWER FRUIT BOWL,16.0,50.25000000000001,11,0.0005935678825814807
90129C,GREEN GLASS TASSLE BAG CHARM,17.0,50.150000000000006,6,0.00032376429958989856
90177D,DROP DIAMANTE EARRINGS PURPLE,17.0,50.15,6,0.00032376429958989856
72812,LARGE ZINC GLASS CANDLEHOLDER,18.0,49.980000000000004,4,0.0002158428663932657
21031,SPACE CADET BLACK,39.0,49.96,10,0.0005396071659831643
90086,CRYSTAL FROG PHONE CHARM,85.0,49.92999999999999,11,0.0005935678825814807
23197,VEGETABLE MAGNETIC  SHOPPING LIST,36.0,49.8,3,0.00016188214979494928
23413,DECROTIVEVINTAGE COFFEE GRINDER BOX,10.0,49.50000000000001,4,0.0002158428663932657
23015,CORDIAL JUG,6.0,49.5,2,0.00010792143319663285
84497,BUTTONS AND STRIPES NOTEBOOK ,13.0,48.75,7,0.000377725016188215
72133,COLUMBIAN CANDLE RECTANGLE,39.0,48.75,13,0.0007014893157781135
21720,CAKE SHOP  STICKER SHEET,57.0,48.449999999999996,8,0.0004316857327865314
21943,CAKES AND RABBITS DESIGN FLANNEL ,57.0,48.449999999999996,10,0.0005396071659831643
84402B,PURPLE DRESS JEWELLERY STAND,61.0,48.19,3,0.00016188214979494928
90031,BILI NUT AND WOOD NECKLACE,48.0,48.0,5,0.00026980358299158214
21816,CHRISTMAS TREE T-LIGHT HOLDER,33.0,47.849999999999994,7,0.000377725016188215
90036A,FLOWER GARLAND NECKLACE RED,6.0,47.7,4,0.0002158428663932657
90036C,"FLOWER GLASS GARLAND NECKL.36""BLUE",6.0,47.7,2,0.00010792143319663285
23539,"WALL ART , LOVES' SECRET ",8.0,47.6,2,0.00010792143319663285
90070,RUBY GLASS CLUSTER BRACELET,8.0,47.6,3,0.00016188214979494928
90123B,TURQUOISE HEART OF GLASS BRACELET,8.0,47.6,4,0.0002158428663932657
21109,"LARGE CAKE TOWEL, CHOCOLATE SPOTS",7.0,47.25,4,0.0002158428663932657
17084J,LOVE POTION MASALA INCENSE,225.0,47.25,8,0.0004316857327865314
84706F,RED PEONY TABLE CLOCK,16.0,47.2,10,0.0005396071659831643
84715,SET OF 6 ICE CREAM SKITTLES,16.0,47.2,3,0.00016188214979494928
90129F,RED GLASS TASSLE BAG CHARM,16.0,47.2,5,0.00026980358299158214
84086B,YELLOW/BLUE RETRO RADIO,16.0,47.2,7,0.000377725016188215
72134,COLUMBIAN  CUBE CANDLE ,98.0,47.18,8,0.0004316857327865314
84750A,PINK SMALL GLASS CAKE STAND,24.0,46.8,1,5.3960716598316424e-05
84857B,BLUE MONTE CARLO HANDBAG,24.0,46.8,1,5.3960716598316424e-05
84549,CROCHET WHITE RABBIT KEYRING ,31.0,46.349999999999994,3,0.00016188214979494928
23107,WHITE WIRE PLANT POT HOLDER,16.0,46.24,2,0.00010792143319663285
84801B,WHITE HYDRANGEA ART FLOWER,22.0,46.2,3,0.00016188214979494928
85160B,BLACK BIRD GARDEN DESIGN MUG,105.0,46.11,15,0.0008094107489747464
23047,PAPER LANTERN 5 POINT STUDDED STAR,8.0,46.0,4,0.0002158428663932657
85031A,ROMANTIC IMAGES SCRAP BOOK SET,16.0,45.900000000000006,7,0.000377725016188215
35916C,PINK FELT HANGING HEART W FLOWER,54.0,45.9,5,0.00026980358299158214
21089,SET/6 GREEN SPRING PAPER CUPS,231.0,45.73000000000001,24,0.0012950571983595942
84247L,FAWN AND MUSHROOM GREETING CARD,108.0,45.36,8,0.0004316857327865314
21413,PERIWINKLE T-LIGHT HOLDER,36.0,45.0,10,0.0005396071659831643
90003C,MIDNIGHT BLUE PAIR HEART HAIR SLIDE,12.0,45.0,5,0.00026980358299158214
35833P,4 PINK FLOCK CHRISTMAS BALLS,36.0,45.0,11,0.0005935678825814807
90155,RESIN NECKLACE W PASTEL BEADS,6.0,45.0,4,0.0002158428663932657
90133,TEAL/FUSCHIA COL BEAD NECKLACE,9.0,44.550000000000004,3,0.00016188214979494928
90161A,ANT COPPER RED BOUDICCA BRACELET,9.0,44.550000000000004,6,0.00032376429958989856
90142D,MOP PENDANT SHELL NECKLACE,9.0,44.550000000000004,3,0.00016188214979494928
21847,GREEN  DIAMANTE PEN IN GIFT BOX,9.0,44.55,5,0.00026980358299158214
90082D,DIAMANTE BOW BROOCH BLACK COLOUR,7.0,44.45,4,0.0002158428663932657
85185D,FROG SOCK PUPPET,15.0,44.250000000000014,8,0.0004316857327865314
20653,CHERRY BLOSSOM LUGGAGE TAG,33.0,43.67,6,0.00032376429958989856
47344B,BLUE FLOWER DES PURSE,44.0,43.65999999999999,6,0.00032376429958989856
79063C,"RETRO PILL BOX KEY CHAIN,THE KING",235.0,43.650000000000006,14,0.00075545003237643
20697,LITTLE GREEN MONSTER SOFT TOY,17.0,43.35,9,0.0004856464493848478
46138B,BLUE CHENILLE SHAGGY CUSHION COVER ,43.0,43.150000000000006,12,0.0006475285991797971
90035A,"PEARL & SHELL 42""NECKL. GREEN",4.0,43.0,2,0.00010792143319663285
79144B,PAINTED LIGHTBULB STAR+ MOON,107.0,42.54,15,0.0008094107489747464
22987,WRAP SUMMER ROSE DESIGN,100.0,42.0,4,0.0002158428663932657
17084A,TRANQUILITY MASALA INCENSE,200.0,42.0,7,0.000377725016188215
23231,WRAP  VINTAGE DOILEY ,100.0,42.0,2,0.00010792143319663285
16156L,"WRAP, CAROUSEL",100.0,42.0,4,0.0002158428663932657
90050,CRACKED GLAZE NECKLACE IVORY,6.0,41.7,2,0.00010792143319663285
90051,CRACKED GLAZE NECKLACE RED,6.0,41.7,3,0.00016188214979494928
23045,PAPER LANTERN 5 POINT STAR MOON 30,10.0,41.5,5,0.00026980358299158214
15030,FAN BLACK FRAME ,143.0,41.46999999999999,12,0.0006475285991797971
90162C,ANT SILVER FUSCHIA BOUDICCA RING,14.0,41.30000000000001,7,0.000377725016188215
75013B,"STRING OF 8 BUTTERFLIES,PINK",25.0,41.25,6,0.00032376429958989856
90064B,BLACK VINTAGE  CRYSTAL EARRINGS,11.0,41.25,6,0.00032376429958989856
90013C,GREEN VINTAGE EARRINGS ,11.0,41.25,4,0.0002158428663932657
84921,CREAM AND PINK FLOWERS PONY ,11.0,41.25,5,0.00026980358299158214
23448,CREAM BUNNY EASTER EGG BASKET,25.0,41.24999999999999,3,0.00016188214979494928
20662,FIRST CLASS HOLIDAY PURSE ,11.0,40.97,5,0.00026980358299158214
84673A,PINK FLY SWAT,63.0,40.949999999999996,25,0.0013490179149579107
90174,BUTTERFLY HAIR BAND,16.0,40.8,4,0.0002158428663932657
23148,MINITURE ANTIQUE ROSE HOOK IVORY,48.0,40.8,4,0.0002158428663932657
20698,LITTLE PINK MONSTER SOFT TOY,16.0,40.8,7,0.000377725016188215
90065A,WHITE VINTAGE CRYSTAL BRACELET,6.0,40.5,3,0.00016188214979494928
10120,DOGGY RUBBER,192.0,40.32000000000001,29,0.0015648607813511764
85092,CANDY SPOT TEA COSY,27.0,40.05,2,0.00010792143319663285
17012E,ORIGAMI OPIUM INCENSE/CANDLE SET ,35.0,40.05,3,0.00016188214979494928
90214C,"LETTER ""C"" BLING KEY RING",52.0,40.04,9,0.0004856464493848478
23462,ROCOCO WALL MIROR,2.0,39.9,1,5.3960716598316424e-05
90124B,BLUE MURANO TWIST NECKLACE,4.0,39.8,3,0.00016188214979494928
84725,FREESTYLE CANVAS ART PICTURE,41.0,39.650000000000006,18,0.0009712928987696956
90122A,PINK CRYSTAL+GLASS BRACELET,8.0,39.60000000000001,3,0.00016188214979494928
22972,CHILDRENS SPACEBOY MUG,24.0,39.599999999999994,2,0.00010792143319663285
84927D,LA PALMIERA TILE HOOK,44.0,39.39,11,0.0005935678825814807
84575A,PINK DOG CANNISTER,14.0,39.3,4,0.0002158428663932657
21307,SET/4 BUTTERFLY MIRROR MAGNETS,79.0,39.199999999999996,13,0.0007014893157781135
22950,SET OF 36 VINTAGE CHRISTMAS DOILIES,27.0,39.15,6,0.00032376429958989856
84534B,FAIRY CAKE NOTEBOOK A5 SIZE,46.0,39.1,5,0.00026980358299158214
35910A,MULTICOLOUR EASTER RABBIT ,20.0,39.0,4,0.0002158428663932657
47341A,FUSCHIA TABLE RUN FLOWER ,27.0,38.75,5,0.00026980358299158214
21393,BLUE POLKADOT PUDDING BOWL,29.0,38.67,7,0.000377725016188215
90177C,DROP DIAMANTE EARRINGS CRYSTAL,13.0,38.35000000000001,3,0.00016188214979494928
16207A,PINK STRAWBERRY HANDBAG ,13.0,38.35,5,0.00026980358299158214
85089,CANDY SPOT BUNNY,13.0,38.35,5,0.00026980358299158214
84907,PINK YELLOW PATCH CUSHION COVER,5.0,38.25,3,0.00016188214979494928
90101,WHITE FRANGIPANI NECKLACE,15.0,38.25,4,0.0002158428663932657
84925D,LA PALMIERA WALL THERMOMETER,15.0,38.25,10,0.0005396071659831643
85086A,CANDY SPOT HEART DECORATION,45.0,38.25,8,0.0004316857327865314
84617,NEW BAROQUE BLACK BOXES,3.0,38.25,3,0.00016188214979494928
21392,RED POLKADOT PUDDING BOWL,32.0,38.13000000000001,6,0.00032376429958989856
23038,T-LIGHT HOLDER SILVER SAUCER,41.0,38.029999999999994,6,0.00032376429958989856
81952B,ROUND BLUE CLOCK WITH SUCKER,200.0,38.0,9,0.0004856464493848478
84033,FLAG OF ST GEORGE ,23.0,37.95,7,0.000377725016188215
84809B,PINK CHRYSANTHEMUMS ART FLOWER,18.0,37.800000000000004,1,5.3960716598316424e-05
90072,RUBY DROP CHANDELIER EARRINGS,10.0,37.5,3,0.00016188214979494928
90002D,FLOWER BURST SILVER RING CRYSTAL,10.0,37.5,6,0.00032376429958989856
20700,GREEN CAT FLORAL CUSHION COVER ,10.0,37.5,4,0.0002158428663932657
23043,PAPER LANTERN 9 POINT HOLLY STAR 40,6.0,37.5,3,0.00016188214979494928
72709,IVORY SCULPTED RND CANDLE ,44.0,37.4,7,0.000377725016188215
47420,ASSORTED COLOUR SUCTION CUP HOOK,196.0,37.24000000000001,13,0.0007014893157781135
22837,HOT WATER BOTTLE BABUSHKA LARGE,8.0,37.2,1,5.3960716598316424e-05
84751B,BLACK MEDIUM GLASS CAKE STAND,17.0,37.10999999999999,8,0.0004316857327865314
71510,SQUARE METAL CANDLEHOLDER BASE,52.0,36.519999999999996,8,0.0004316857327865314
17090D,VANILLA INCENSE 40 CONES IN TIN,29.0,36.25,12,0.0006475285991797971
90210A,GREY ACRYLIC FACETED BANGLE,26.0,35.9,3,0.00016188214979494928
85216,ASSORTED CAKES FRIDGE MAGNETS,55.0,35.75,8,0.0004316857327865314
90000D,COPPER/OLIVE GREEN FLOWER NECKLACE,6.0,35.7,4,0.0002158428663932657
35911B,PINK/FLOWER RABBIT EGG WARMER ,17.0,35.7,4,0.0002158428663932657
84798A,PINK FOXGLOVE ARTIIFCIAL FLOWER,14.0,35.699999999999996,3,0.00016188214979494928
90202D,PINK ENAMEL FLOWER HAIR TIE,12.0,35.400000000000006,2,0.00010792143319663285
90186B,CRYSTAL HOOP EARRING FLORAL LEAF,12.0,35.400000000000006,6,0.00032376429958989856
90012B,BLACK DROP CRYSTAL NECKLACE,12.0,35.400000000000006,2,0.00010792143319663285
20661,BLUE POLKADOT PURSE ,9.0,35.07,5,0.00026980358299158214
72369A,PINK CLEAR GLASS CANDLE PLATE,28.0,35.0,3,0.00016188214979494928
23196,LEAVES MAGNETIC  SHOPPING LIST,24.0,34.8,2,0.00010792143319663285
90049,IVORY GOLD METAL BAG CHARM,5.0,34.77,3,0.00016188214979494928
90214K,"LETTER ""K"" BLING KEY RING",47.0,34.75,12,0.0006475285991797971
79063D,"RETRO PILL BOX , REVOLUTIONARY",188.0,34.72,10,0.0005396071659831643
90157,RIVIERA NECKLACE,7.0,34.65,2,0.00010792143319663285
71495A,CD WALL TIDY BLUE OFFICE,96.0,34.56,2,0.00010792143319663285
84226,HEN HOUSE W FAMILY IN BARN & NEST,49.0,34.51,9,0.0004856464493848478
22407,MONEY BOX FIRST AID DESIGN,43.0,34.32,10,0.0005396071659831643
20827,GOLD APERITIF GLASS,88.0,34.32,2,0.00010792143319663285
84251G,"GREETING CARD, OVERCROWDED POOL.",180.0,34.2,15,0.0008094107489747464
90023,FILIGREE DIAMANTE EARRINGS,8.0,34.0,4,0.0002158428663932657
84922,PINK BUTTERFLY WASHBAG,8.0,34.0,5,0.00026980358299158214
90024B,NEW BAROQUE B'FLY NECKLACE RED,4.0,34.0,2,0.00010792143319663285
90018B,GOLD M.O.P ORBIT DROP EARRINGS,8.0,34.0,5,0.00026980358299158214
84873A,FUNKY FLOWER PICNIC BAG FOR 4,2.0,33.9,2,0.00010792143319663285
20980,36 PENCILS TUBE POSY,27.0,33.75,11,0.0005935678825814807
90087,CRYSTAL SEA HORSE PHONE CHARM,90.0,33.660000000000004,8,0.0004316857327865314
81950B,FLOWER BLUE CLOCK WITH SUCKER,116.0,33.63999999999999,8,0.0004316857327865314
72783,BLACK SIL'T SQU CANDLE PLATE ,16.0,33.6,2,0.00010792143319663285
23390,DOLLY GIRL MINI RUCKSACK,8.0,33.2,2,0.00010792143319663285
37423,WHITE WITH BLACK CATS PLATE,78.0,33.18,3,0.00016188214979494928
90094,NECKLACE+BRACELET SET FRUIT SALAD ,13.0,33.15,12,0.0006475285991797971
84906,PINK BUTTERFLY CUSHION COVER,17.0,33.15,4,0.0002158428663932657
62094B,TURQ ICE CREAM BUM BAG ,13.0,33.15,3,0.00016188214979494928
17109D,FLOWER FAIRY INCENSE BOUQUET,61.0,32.349999999999994,5,0.00026980358299158214
84824,DANISH ROSE UMBRELLA STAND,2.0,31.9,2,0.00010792143319663285
90036F,"FLOWER GLASS GARLD NECKL36""TURQUOIS",4.0,31.8,1,5.3960716598316424e-05
90036B,"FLOWER GLASS GARLAND NECKL.36""GREEN",4.0,31.8,2,0.00010792143319663285
23366,SET 12 COLOUR PENCILS DOILEY,48.0,31.200000000000003,3,0.00016188214979494928
37444A,YELLOW BREAKFAST CUP AND SAUCER,47.0,31.130000000000006,14,0.00075545003237643
79406,FROSTED WHITE BASE ,140.0,30.800000000000004,6,0.00032376429958989856
85018D,YULETIDE IMAGES S/6 PAPER BOXES,12.0,30.6,7,0.000377725016188215
22937,BAKING MOULD CUPCAKE CHOCOLATE,12.0,30.599999999999998,1,5.3960716598316424e-05
22937,BAKING MOULD CHOCOLATE CUP CAKES,12.0,30.599999999999998,2,0.00010792143319663285
44228,CANNABIS LEAF BEAD CURTAIN,36.0,30.599999999999998,2,0.00010792143319663285
37444C,PINK BREAKFAST CUP AND SAUCER ,19.0,30.450000000000003,7,0.000377725016188215
22953,BIRTHDAY BANNER TAPE,24.0,30.0,1,5.3960716598316424e-05
90003E,GREEN PAIR HEART HAIR SLIDES,8.0,30.0,2,0.00010792143319663285
20878,SET/9 CHRISTMAS T-LIGHTS SCENTED ,24.0,30.0,7,0.000377725016188215
21486,PINK HEART DOTS HOT WATER BOTTLE,8.0,30.0,4,0.0002158428663932657
23250,ENAMEL BOWL PANTRY,24.0,30.0,2,0.00010792143319663285
35610C,WHITE CHRISTMAS FLOCK DROPLET ,24.0,30.0,1,5.3960716598316424e-05
90022,EDWARDIAN DROP EARRINGS JET BLACK,8.0,30.0,4,0.0002158428663932657
90163A,PINK ROSEBUD & PEARL NECKLACE,4.0,30.0,2,0.00010792143319663285
35610B,BLACK CHRISTMAS FLOCK DROPLET ,24.0,30.0,1,5.3960716598316424e-05
23396,BUTTERFLY CUSHION COVER,8.0,30.0,2,0.00010792143319663285
23252,ENAMEL JUG PANTRY,8.0,30.0,2,0.00010792143319663285
23437,GIFT BAG LARGE 50'S CHRISTMAS,24.0,30.0,2,0.00010792143319663285
21310,CAPIZ CHANDELIER,1.0,29.95,1,5.3960716598316424e-05
21667,GLASS CAKE COVER AND PLATE,2.0,29.9,1,5.3960716598316424e-05
90180B,PURPLE AMETHYST NECKLACE W TASSEL,3.0,29.849999999999998,3,0.00016188214979494928
90136,PALE PINK/AMETHYST STONE NECKLACE,3.0,29.849999999999998,2,0.00010792143319663285
90014C,SILVER/BLACK ORBIT NECKLACE,3.0,29.849999999999998,2,0.00010792143319663285
84251B,"GREETING CARD, STICKY GORDON",157.0,29.83000000000001,14,0.00075545003237643
22597,CHRISTMAS MUSICAL ZINC HEART ,35.0,29.75,5,0.00026980358299158214
90211A,DIAMOND LAS VEGAS NECKLACE 45CM,5.0,29.75,3,0.00016188214979494928
21757,LIGHTHOUSE PRINTED METAL SIGN,6.0,29.700000000000003,3,0.00016188214979494928
90135,ORANGE/WHT/FUSCHIA STONES NECKLACE,6.0,29.700000000000003,1,5.3960716598316424e-05
23530,"WALL ART,ONLY ONE PERSON ",6.0,29.700000000000003,1,5.3960716598316424e-05
90141B,IVORY PENDANT TRIPLE SHELL NECKLACE,6.0,29.700000000000003,2,0.00010792143319663285
90206A,GOLD DIAMANTE STAR BROOCH,6.0,29.7,3,0.00016188214979494928
21040,MODERN VINTAGE COTTON SHOPPING BAG,22.0,29.699999999999996,8,0.0004316857327865314
35816P,"ACRYLIC JEWEL ANGEL,PINK",78.0,29.64,2,0.00010792143319663285
17136A,BLUE STONES ON WIRE FOR CANDLE,352.0,29.59,17,0.0009173321821713792
90162D,ANT SILVER PURPLE BOUDICCA RING,10.0,29.500000000000004,5,0.00026980358299158214
90067A,PINK VINTAGE VICTORIAN EARRINGS,10.0,29.500000000000004,3,0.00016188214979494928
84465,15 PINK FLUFFY CHICKS IN BOX,10.0,29.5,7,0.000377725016188215
82605,OLD DOC RUSSEL METAL SIGN,14.0,29.400000000000006,3,0.00016188214979494928
20670,VIP HOLIDAY PURSE,8.0,29.28,6,0.00032376429958989856
85030,FRENCH CHATEAU OVAL PLATTER,15.0,29.249999999999996,6,0.00032376429958989856
90214L,"LETTER ""L"" BLING KEY RING",51.0,29.189999999999998,5,0.00026980358299158214
35913B,WHITE/PINK CHICK EASTER DECORATION,34.0,28.899999999999995,9,0.0004856464493848478
17165D,ASS COL LARGE SAND FROG P'WEIGHT,27.0,28.35,7,0.000377725016188215
23380,PACK OF 12 DOILEY TISSUES,72.0,28.08,2,0.00010792143319663285
16254,TRANSPARENT ACRYLIC TAPE DISPENSER,31.0,27.909999999999997,9,0.0004856464493848478
84613A,PINK NEW BAROQUE FLOCK CANDLESTICK,6.0,27.900000000000002,3,0.00016188214979494928
90131,PINK/AMETHYST/GOLD NECKLACE,4.0,27.8,1,5.3960716598316424e-05
90214E,"LETTER ""E"" BLING KEY RING",41.0,27.25,8,0.0004316857327865314
90116,FRUIT SALAD BAG CHARM,16.0,27.04,3,0.00016188214979494928
23702,High Resolution Image,4.0,27.0,3,0.00016188214979494928
79323P,PINK CHERRY LIGHTS,4.0,27.0,1,5.3960716598316424e-05
84199,GLOW IN DARK DOLPHINS,128.0,26.880000000000003,28,0.00151090006475286
44235,ASSORTED COLOURED CIRCLE MOBILE ,64.0,26.88,7,0.000377725016188215
90175D,TIGRIS EYE CHUNKY CHARM BRACELET,3.0,26.849999999999998,2,0.00010792143319663285
35598A,DUSTY PINK CHRISTMAS TREE 60CM,9.0,26.550000000000004,2,0.00010792143319663285
90130B,TURQ STONE/CRYSTAL EARRINGS,9.0,26.550000000000004,3,0.00016188214979494928
84675,FROG KING WATERING CAN,9.0,26.55,2,0.00010792143319663285
90205A,LARGE MINT DIAMANTE HAIRSLIDE,16.0,26.4,6,0.00032376429958989856
84539,KNITTED RABBIT DOLL ,16.0,26.4,1,5.3960716598316424e-05
72140E,BEST DAD CANDLE LETTERS,31.0,26.349999999999998,8,0.0004316857327865314
90144,SILVER DROP EARRINGS WITH FLOWER,7.0,26.25,3,0.00016188214979494928
90064A,WHITE VINTAGE CRYSTAL EARRINGS,7.0,26.25,3,0.00016188214979494928
85017C,ENVELOPE 50 CURIOUS IMAGES,49.0,26.17,10,0.0005396071659831643
21011,GLITTER SNOW PEAR TREE DECORATION,18.0,26.099999999999998,2,0.00010792143319663285
84510E,SET OF 4 GREEN CAROUSEL COASTERS,25.0,26.05,9,0.0004856464493848478
90214S,"LETTER ""S"" BLING KEY RING",40.0,26.0,6,0.00032376429958989856
90214D,"LETTER ""D"" BLING KEY RING",39.0,25.71,7,0.000377725016188215
84706D,CHERRY BLOSSOM TABLE CLOCK ,6.0,25.7,3,0.00016188214979494928
90026C,GLASS BEAD HOOP NECKLACE GREEN,3.0,25.5,2,0.00010792143319663285
84968B,SET OF 16 VINTAGE IVORY CUTLERY,2.0,25.5,2,0.00010792143319663285
84840,SWEETHEART CARRY-ALL BASKET,3.0,25.5,3,0.00016188214979494928
90029,NEW BAROQUE SMALL NECKLACE BLACK,3.0,25.5,2,0.00010792143319663285
90026D,GLASS BEAD HOOP NECKLACE AMETHYST,3.0,25.5,3,0.00016188214979494928
90018C,SILVER BLACK ORBIT DROP EARRINGS,6.0,25.5,3,0.00016188214979494928
90208,PAIR OF PINK FLOWER CLUSTER SLIDE,10.0,25.499999999999996,4,0.0002158428663932657
84803B,WHITE ALLIUM  ARTIFICIAL FLOWER,15.0,25.349999999999998,3,0.00016188214979494928
35910B,PINK FLOWERS RABBIT EASTER,13.0,25.349999999999998,3,0.00016188214979494928
23104,IVORY PANTRY HANGING LAMP ,2.0,25.0,1,5.3960716598316424e-05
23214,BELL HEART ANTIQUE GOLD,12.0,24.96,1,5.3960716598316424e-05
23240,SET OF 4 KNICK KNACK TINS  DOILEY ,6.0,24.900000000000002,1,5.3960716598316424e-05
90125B,AQUA BERTIE GLASS BEAD BAG CHARM,19.0,24.900000000000002,3,0.00016188214979494928
90043,COPPER AND BRASS BAG CHARM,4.0,24.810000000000002,2,0.00010792143319663285
90079,VINTAGE ENAMEL & CRYSTAL NECKLACE,5.0,24.75,2,0.00010792143319663285
84548,CROCHET BEAR RED/BLUE  KEYRING,15.0,24.75,3,0.00016188214979494928
20778,GARDEN PATH NOTEBOOK ,15.0,24.75,8,0.0004316857327865314
84854,GIRLY PINK TOOL SET,5.0,24.75,1,5.3960716598316424e-05
20820,SILVER LOOKING MIRROR,5.0,24.75,2,0.00010792143319663285
37468,HARDMAN MUG 3 ASSORTED,63.0,24.57,12,0.0006475285991797971
90040C,MURANO STYLE GLASS BRACELET GOLD,7.0,24.5,3,0.00016188214979494928
79144C,PAINTED LIGHTBULB RAINBOW DESIGN,63.0,24.059999999999995,6,0.00032376429958989856
84993B,75 BLACK PETIT FOUR CASES,57.0,23.939999999999998,17,0.0009173321821713792
22125,UNION JACK HOT WATER BOTTLE ,4.0,23.8,1,5.3960716598316424e-05
90211B,JET BLACK LAS VEGAS NECKLACE 45CM,4.0,23.8,2,0.00010792143319663285
21357,TOAST ITS - DINOSAUR,19.0,23.75,10,0.0005396071659831643
35909A,RABBIT EASTER DECORATION,8.0,23.6,3,0.00016188214979494928
47369A,PINK GREEN EMBROIDERY COSMETIC BAG,8.0,23.6,6,0.00032376429958989856
90012A,MIDNIGHT BLUE DROP CRYSTAL NECKLACE,8.0,23.6,2,0.00010792143319663285
35909B,PINK FLOWERS RABBIT EASTER,8.0,23.6,2,0.00010792143319663285
90014A,SILVER M.O.P. ORBIT NECKLACE,8.0,23.6,3,0.00016188214979494928
21336,GOLD WASHBAG,8.0,23.6,3,0.00016188214979494928
90129D,AMBER GLASS TASSLE BAG CHARM,8.0,23.6,2,0.00010792143319663285
22246,"GARLAND, MAGIC GARDEN 1.8M",12.0,23.4,1,5.3960716598316424e-05
84522,PINK PARTY SUNGLASSES,12.0,23.4,6,0.00032376429958989856
23244,CANNISTER VINTAGE LEAF DESIGN,12.0,23.4,2,0.00010792143319663285
23106,ZINC PLANT POT HOLDER,8.0,23.12,1,5.3960716598316424e-05
85195,HANGING HEART BASKET,11.0,23.1,3,0.00016188214979494928
85206B,PINK FELT EASTER EGG BASKET,14.0,23.099999999999998,4,0.0002158428663932657
23145,ZINC T-LIGHT HOLDER STARS LARGE,24.0,22.799999999999997,2,0.00010792143319663285
90212C,PURPLE LAS VEGAS BRACELET ROUND,6.0,22.5,2,0.00010792143319663285
90038A,GLASS AND PAINTED BEADS BRACELET TO,6.0,22.5,1,5.3960716598316424e-05
20701,PINK CAT FLORAL CUSHION COVER ,6.0,22.5,3,0.00016188214979494928
90038B,GLASS AND PAINTED BEADS BRACELET OL,6.0,22.5,1,5.3960716598316424e-05
90039A,FIRE POLISHED GLASS BRACELET RED,6.0,22.5,1,5.3960716598316424e-05
90039B,FIRE POLISHED GLASS BRACELET MONTAN,6.0,22.5,1,5.3960716598316424e-05
90038C,GLASS AND BEADS BRACELET IVORY,6.0,22.5,1,5.3960716598316424e-05
90176E,DIAMANTE NECKLACE GREEN,3.0,22.5,2,0.00010792143319663285
90003B,ROSE COLOUR PAIR HEART HAIR SLIDES,6.0,22.5,3,0.00016188214979494928
90214M,"LETTER ""M"" BLING KEY RING",27.0,22.23,5,0.00026980358299158214
84306,S/3 PINK SQUARE PLANTERS ROSES,2.0,21.9,2,0.00010792143319663285
90035C,"PEARL & SHELL 42""NECKL. IVORY",2.0,21.5,1,5.3960716598316424e-05
84387A,BIRD ON BRANCH CANVAS SCREEN,11.0,21.45,1,5.3960716598316424e-05
90001D,ANTIQUE OLIVE GREEN FLOWER EARRINGS,5.0,21.25,3,0.00016188214979494928
20695,FLORAL BLUE MONSTER,5.0,21.25,4,0.0002158428663932657
79191D,RETRO PLASTIC DAISY TRAY,25.0,21.249999999999996,7,0.000377725016188215
23691,KEEP CALM BIRTHDAY WRAP,50.0,21.0,2,0.00010792143319663285
90040A,MURANO STYLE GLASS BRACELET RED,6.0,21.0,2,0.00010792143319663285
23692,WRAP A PRETTY THANK YOU,50.0,21.0,2,0.00010792143319663285
16169P,WRAP GREEN RUSSIAN FOLKART ,50.0,21.0,2,0.00010792143319663285
17001,HEAVENS SCENT FRAGRANCE OILS ASSTD,72.0,20.88,1,5.3960716598316424e-05
90195B,BLACK GEMSTONE BRACELET,3.0,20.849999999999998,3,0.00016188214979494928
23388,WOODLAND MINI RUCKSACK ,5.0,20.75,2,0.00010792143319663285
90177B,DROP DIAMANTE EARRINGS BLACK DIAMON,7.0,20.650000000000002,2,0.00010792143319663285
90202B,WHITE ENAMEL FLOWER HAIR TIE,7.0,20.650000000000002,2,0.00010792143319663285
90129A,PINK GLASS TASSLE BAG CHARM ,7.0,20.650000000000002,3,0.00016188214979494928
90202C,GREEN ENAMEL FLOWER HAIR TIE,7.0,20.650000000000002,2,0.00010792143319663285
90011B,BLACK CRYSTAL DROP EARRINGS,7.0,20.650000000000002,2,0.00010792143319663285
90096,NECKLACE+BRACELET SET BLUE BLOSSOM,8.0,20.400000000000002,3,0.00016188214979494928
90103,PURPLE FRANGIPANI NECKLACE,8.0,20.4,2,0.00010792143319663285
90085,CRYSTAL STILETTO PHONE CHARM,24.0,20.4,2,0.00010792143319663285
90093,CLEAR CRYSTAL STAR PHONE CHARM,47.0,20.39,6,0.00032376429958989856
20818,GOLD TEDDY BEAR,12.0,20.0,2,0.00010792143319663285
22776,"CAKESTAND, 3 TIER, LOVEHEART",2.0,19.9,1,5.3960716598316424e-05
21681,GIANT MEDINA STAMPED METAL BOWL ,2.0,19.9,2,0.00010792143319663285
90141A,GREEN PENDANT TRIPLE SHELL NECKLACE,4.0,19.8,2,0.00010792143319663285
90141C,TURQ PENDANT TRIPLE SHELL NECKLACE,4.0,19.8,2,0.00010792143319663285
90019C,SILVER BLACK ORBIT BRACELET,4.0,19.8,3,0.00016188214979494928
90138,WHITE/PINK MINI CRYSTALS NECKLACE,4.0,19.8,1,5.3960716598316424e-05
85024C,PINK SMALL JEWELLED PHOTOFRAME,12.0,19.799999999999997,9,0.0004856464493848478
23031,DOORKNOB CRACKED GLAZE PINK,12.0,19.799999999999997,2,0.00010792143319663285
23249,ENAMEL DINNER PLATE PANTRY,12.0,19.799999999999997,1,5.3960716598316424e-05
23029,DOORKNOB CRACKED GLAZE GREEN,12.0,19.799999999999997,2,0.00010792143319663285
22351,DOTCOMGIFTSHOP TEA TOWEL,12.0,19.799999999999997,1,5.3960716598316424e-05
37487B,YELLOW/ORANGE FLOWER DESIGN PLATE,68.0,19.72,2,0.00010792143319663285
85028L,FRENCH CHATEAU LARGE FRUIT BOWL ,10.0,19.5,4,0.0002158428663932657
79062D,"RETRO TIN ASHTRAY,REVOLUTIONARY",52.0,19.4,4,0.0002158428663932657
85047,WHITE BEADED GARLAND STRING 20LIGHT,3.0,19.049999999999997,2,0.00010792143319663285
20901,VINTAGE KEEPSAKE BOX PINK FLOWER,3.0,19.049999999999997,2,0.00010792143319663285
72051S,BAG OF SILVER STONES,45.0,18.9,5,0.00026980358299158214
90214I,"LETTER ""I"" BLING KEY RING",25.0,18.77,3,0.00016188214979494928
21538,DAIRY MAID  PUDDING BOWL,5.0,18.75,2,0.00010792143319663285
23056,CRYSTAL CHANDELIER T-LIGHT HOLDER,3.0,18.75,1,5.3960716598316424e-05
21416,CLAM SHELL LARGE,5.0,18.75,4,0.0002158428663932657
21018,BIRD BOX CHRISTMAS TREE DECORATION,22.0,18.7,4,0.0002158428663932657
90214Y,"LETTER ""Y"" BLING KEY RING",61.0,18.65,3,0.00016188214979494928
90214G,"LETTER ""G"" BLING KEY RING",34.0,18.5,7,0.000377725016188215
35607B,BLACK FEATHER CHRISTMAS DECORATION,96.0,18.240000000000002,7,0.000377725016188215
72821,CUPID SCENTED CANDLE IN GLASS,11.0,18.15,4,0.0002158428663932657
90074,BLACK DIAMOND CLUSTER NECKLACE,2.0,17.9,1,5.3960716598316424e-05
23079, TOADSTOOL BEDSIDE LIGHT ,2.0,17.9,1,5.3960716598316424e-05
90123D,WHITE HEART OF GLASS BRACELET,3.0,17.85,2,0.00010792143319663285
21661,VINTAGE GLASS TEA CADDY,3.0,17.85,3,0.00016188214979494928
90179A,AMBER FINE BEAD NECKLACE W TASSEL,3.0,17.85,2,0.00010792143319663285
90152A,SILVER/NAT SHELL NECKLACE W PENDANT,3.0,17.85,3,0.00016188214979494928
90000B,MIDNIGHT BLUE COPPER FLOWER NECKLAC,3.0,17.85,2,0.00010792143319663285
90060D,FIRE POLISHED GLASS NECKL BRONZE,3.0,17.85,3,0.00016188214979494928
84798B,PURPLE FOXGLOVE ARTIIFCIAL FLOWER,7.0,17.849999999999998,2,0.00010792143319663285
90190A,SILVER/CRYSTAL DROP EARRINGS W LEAF,6.0,17.700000000000003,1,5.3960716598316424e-05
90182C,BLACK 3 BEAD DROP EARRINGS,6.0,17.700000000000003,1,5.3960716598316424e-05
90129E,PURPLE GLASS TASSLE BAG CHARM,6.0,17.700000000000003,1,5.3960716598316424e-05
20935,ROUND CACTUS CANDLE,6.0,17.700000000000003,4,0.0002158428663932657
90202A,PURPLE ENAMEL FLOWER HAIR TIE,6.0,17.700000000000003,1,5.3960716598316424e-05
90190B,GOLD/AMBER DROP EARRINGS W LEAF,6.0,17.700000000000003,1,5.3960716598316424e-05
90168,2 DAISIES HAIR COMB,6.0,17.700000000000003,1,5.3960716598316424e-05
20664,TROPICAL HOLIDAY PURSE ,6.0,17.700000000000003,3,0.00016188214979494928
90177A,CLASSIC DIAMANTE EARRINGS JET,6.0,17.700000000000003,1,5.3960716598316424e-05
90162A,ANT SILVER TURQUOISE BOUDICCA RING,6.0,17.700000000000003,1,5.3960716598316424e-05
90177E,DROP DIAMANTE EARRINGS GREEN,6.0,17.700000000000003,1,5.3960716598316424e-05
79331,PINK FLOCK GLASS CANDLEHOLDER,26.0,17.5,3,0.00016188214979494928
35597D,PINK/WHITE CHRISTMAS TREE 30CM,46.0,17.48,2,0.00010792143319663285
23236,STORAGE TIN VINTAGE DOILEY ,6.0,17.34,1,5.3960716598316424e-05
22963,JAM JAR WITH BLUE LID,24.0,17.28,1,5.3960716598316424e-05
90214J,"LETTER ""J"" BLING KEY RING",23.0,17.23,5,0.00026980358299158214
37489D,PINK/GREEN FLOWER DESIGN BIG MUG,40.0,17.16,16,0.0008633714655730628
90024F,NEW BAROQUE B'FLY NECKLACE CRYSTAL,2.0,17.0,1,5.3960716598316424e-05
90028,NEW BAROQUE LARGE NECKLACE BLK/WHIT,2.0,17.0,1,5.3960716598316424e-05
23342,MINT DINER CLOCK,2.0,17.0,1,5.3960716598316424e-05
35645,VINTAGE BEAD PINK JEWEL BOX,4.0,17.0,3,0.00016188214979494928
47574B,ENGLISH ROSE SCENTED HANGING HEART,4.0,17.0,2,0.00010792143319663285
90026A,GLASS BEAD HOOP NECKLACE BLACK,2.0,17.0,1,5.3960716598316424e-05
90026B,GLASS BEAD HOOP NECKLACE MONTANA,2.0,17.0,2,0.00010792143319663285
35916A,YELLOW FELT HANGING HEART W FLOWER,20.0,17.0,3,0.00016188214979494928
22777,GLASS BELL JAR LARGE,2.0,17.0,1,5.3960716598316424e-05
90024C,NEW BAROQUE B'FLY NECKLACE GREEN,2.0,17.0,1,5.3960716598316424e-05
90001B,ANTIQUE MID BLUE FLOWER EARRINGS,4.0,17.0,2,0.00010792143319663285
37489B,BLUE/YELLOW FLOWER DESIGN BIG MUG,31.0,16.77,12,0.0006475285991797971
90059E,DIAMANTE HAIR GRIP PACK/2 RUBY,10.0,16.5,3,0.00016188214979494928
23502,PLAYING CARDS VINTAGE DOILEY ,13.0,16.25,2,0.00010792143319663285
16248B,BLUE HOLE PUNCH,13.0,16.25,7,0.000377725016188215
35647,VINTAGE BEAD PINK SHADE ,13.0,16.25,2,0.00010792143319663285
84562A,PINK/WHITE RIBBED MELAMINE JUG,2.0,15.9,2,0.00010792143319663285
85136B,BLUE SHARK HELICOPTER,2.0,15.9,2,0.00010792143319663285
84795C,OCEAN STRIPE HAMMOCK ,2.0,15.9,1,5.3960716598316424e-05
22778,GLASS BELL JAR SMALL,4.0,15.8,1,5.3960716598316424e-05
20816,GOLD FLOWER CUSHION COVER ,8.0,15.6,2,0.00010792143319663285
78034B,BLUE NETTING STORAGE HANGER,8.0,15.6,6,0.00032376429958989856
21461,BLUE EASTER EGG HUNT START POST,8.0,15.599999999999998,4,0.0002158428663932657
90169,DAISY HAIR COMB,6.0,15.299999999999999,1,5.3960716598316424e-05
90037B,TINY CRYSTAL BRACELET GREEN,6.0,15.299999999999999,1,5.3960716598316424e-05
35817P,"ACRYLIC JEWEL SNOWFLAKE,PINK",6.0,15.299999999999999,1,5.3960716598316424e-05
90076,MONTANA DIAMOND CLUSTER EARRINGS,6.0,15.299999999999999,1,5.3960716598316424e-05
22932,BAKING MOULD TOFFEE CUP  CHOCOLATE,6.0,15.299999999999999,1,5.3960716598316424e-05
44092C,PURPLE/COPPER HANGING LAMPSHADE,18.0,15.299999999999999,6,0.00032376429958989856
90118,PINK DAISY BAG CHARM,6.0,15.299999999999999,1,5.3960716598316424e-05
17107D,FLOWER FAIRY 5 SUMMER DRAW LINERS,6.0,15.299999999999999,1,5.3960716598316424e-05
72024U,LILAC VOTIVE CANDLE,72.0,15.120000000000001,3,0.00016188214979494928
90214H,"LETTER ""H"" BLING KEY RING",22.0,15.02,6,0.00032376429958989856
90189A,SILVER 2 STRAND NECKLACE-LEAF CHARM,2.0,15.0,2,0.00010792143319663285
90176B,DIAMANTE NECKLACE BLACK ,2.0,15.0,1,5.3960716598316424e-05
90163B,WHITE ROSEBUD & PEARL NECKLACE,2.0,15.0,1,5.3960716598316424e-05
17191A,ROSE FLOWER CANDLE+INCENSE 16X16CM,4.0,15.0,2,0.00010792143319663285
23212,PAINTED HEART WREATH WITH BELL,12.0,15.0,1,5.3960716598316424e-05
90078,PINK/WHITE GLASS DEMI CHOKER,2.0,15.0,1,5.3960716598316424e-05
84877A,PINK ROUND COMPACT MIRROR,12.0,15.0,1,5.3960716598316424e-05
23251,ENAMEL MUG PANTRY,12.0,15.0,1,5.3960716598316424e-05
90176C,DIAMANTE NECKLACE,2.0,15.0,1,5.3960716598316424e-05
84705C,PINK FLOCK PHOTO FRAME ,12.0,15.0,1,5.3960716598316424e-05
90176A,CLASSIC DIAMANTE NECKLACE JET,2.0,15.0,1,5.3960716598316424e-05
90069,RUBY GLASS CLUSTER NECKLACE,2.0,15.0,1,5.3960716598316424e-05
84415A,PINK FLOCK SUEDE CUSHION COVER ,12.0,15.0,2,0.00010792143319663285
84462,3 PINK HEN+CHICKS IN BASKET,12.0,15.0,6,0.00032376429958989856
23449,SET OF 6 EASTER RAINBOW CHICKS,12.0,15.0,1,5.3960716598316424e-05
23282,FOLDING MIRROR IVORY ,18.0,14.939999999999998,2,0.00010792143319663285
23281,FOLDING MIRROR RED  ,18.0,14.939999999999998,2,0.00010792143319663285
90141E,ORANGE PENDANT TRIPLE SHELL NECKLAC,3.0,14.850000000000001,1,5.3960716598316424e-05
90197B,BLACK GLASS BRACELET W HEART CHARMS,3.0,14.850000000000001,1,5.3960716598316424e-05
90156,RESIN BRACELET W PASTEL BEADS,3.0,14.850000000000001,2,0.00010792143319663285
84989A,75 GREEN FAIRY CAKE CASES,27.0,14.850000000000001,17,0.0009173321821713792
90046,WHITE WITH METAL BAG CHARM,3.0,14.850000000000001,1,5.3960716598316424e-05
90159,COTE D'AZURE NECKLACE,3.0,14.850000000000001,2,0.00010792143319663285
90048,GREEN WITH METAL BAG CHARM,3.0,14.850000000000001,1,5.3960716598316424e-05
90141D,ROSE PENDANT TRIPLE SHELL NECKLACE,3.0,14.850000000000001,1,5.3960716598316424e-05
85031C,CURIOUS IMAGES SCRAP BOOK SET,3.0,14.850000000000001,1,5.3960716598316424e-05
90059F,DIAMANTE HAIR GRIP PACK/2 LT ROSE,9.0,14.849999999999998,3,0.00016188214979494928
90059B,DIAMANTE HAIR GRIP PACK/2 BLACK DIA,9.0,14.849999999999998,3,0.00016188214979494928
84593,CROCHET ROSE DES CLOTHES HANGER,5.0,14.750000000000002,1,5.3960716598316424e-05
90190C,SILVER/AMETHYST DROP EARRINGS LEAF,5.0,14.75,4,0.0002158428663932657
16202B,PASTEL BLUE PHOTO ALBUM ,29.0,14.5,2,0.00010792143319663285
85084,HOLLY TOP CHRISTMAS STOCKING,17.0,14.45,6,0.00032376429958989856
37489A,YELLOW/PINK FLOWER DESIGN BIG MUG,33.0,14.43,14,0.00075545003237643
47593A,CAROUSEL PONIES BABY BIB,33.0,14.369999999999996,12,0.0006475285991797971
62043B,BLUE CHECK BAG W HANDLE 34X20CM,17.0,14.11,5,0.00026980358299158214
90040B,MURANO STYLE GLASS BRACELET BLACK,4.0,14.0,2,0.00010792143319663285
23540,"WALL ART , THE MAGIC FOREST ",2.0,13.9,1,5.3960716598316424e-05
90083,CRYSTAL CZECH CROSS PHONE CHARM,19.0,13.689999999999998,4,0.0002158428663932657
79336,LIGHT PINK FLOCK GLASS CANDLEHOLDER,36.0,13.680000000000003,3,0.00016188214979494928
37489C,GREEN/BLUE FLOWER DESIGN BIG MUG,23.0,13.65,8,0.0004316857327865314
84745A,PINK HANGING GINGHAM EASTER HEN,32.0,13.44,5,0.00026980358299158214
84745B,BLUE HANGING GINGHAM EASTER HEN,32.0,13.44,5,0.00026980358299158214
90187B,GREEN DROP EARRINGS W BEAD CLUSTER,4.0,13.4,1,5.3960716598316424e-05
23271,CHRISTMAS TABLE CANDLE SILVER SPIKE,16.0,13.28,1,5.3960716598316424e-05
22952,72 CAKE CASES VINTAGE CHRISTMAS,24.0,13.200000000000001,1,5.3960716598316424e-05
37491C,GREEN/BLUE CERAMIC CANDLE HOLDER,8.0,13.2,1,5.3960716598316424e-05
90059C,DIAMANTE HAIR GRIP PACK/2 MONTANA,8.0,13.2,3,0.00016188214979494928
84388,WISE MAN STAR SHAPE EGG PAN,24.0,13.139999999999999,6,0.00032376429958989856
20892,SET/3 TALL GLASS CANDLE HOLDER PINK,1.0,12.75,1,5.3960716598316424e-05
18097A,PINK TALL PORCELAIN T-LIGHT HOLDER ,5.0,12.75,4,0.0002158428663932657
90199D,5 STRAND GLASS NECKLACE AMBER,2.0,12.7,2,0.00010792143319663285
90199B,5 STRAND GLASS NECKLACE AMETHYST,2.0,12.7,1,5.3960716598316424e-05
20671,BLUE TEATIME PRINT BOWL ,10.0,12.5,2,0.00010792143319663285
84415B,BLUE FLOCK CUSHION COVER ,6.0,12.5,2,0.00010792143319663285
23071,MARIE ANTOIENETT TRINKET BOX GOLD,1.0,12.5,1,5.3960716598316424e-05
79329,PINK FLOCK GLASS CANDLEHOLDER,12.0,12.18,2,0.00010792143319663285
90021,LASER CUT MULTI STRAND NECKLACE,1.0,11.95,1,5.3960716598316424e-05
90178B,PURPLE CHUNKY GLASS+BEAD NECKLACE,1.0,11.95,1,5.3960716598316424e-05
84614A,PINK BAROQUE FLOCK CANDLE HOLDER,2.0,11.9,1,5.3960716598316424e-05
84620,BLUE GINGHAM ROSE CUSHION COVER,2.0,11.9,1,5.3960716598316424e-05
44092B,BLUE WHITE PLASTIC RINGS LAMPSHADE,14.0,11.899999999999999,5,0.00026980358299158214
21488,RED WHITE SCARF  HOT WATER BOTTLE,3.0,11.850000000000001,2,0.00010792143319663285
90186A,AMETHYST HOOP EARRING FLORAL LEAF,4.0,11.8,3,0.00016188214979494928
37444B,BLUE BREAKFAST CUP AND SAUCER ,4.0,11.8,3,0.00016188214979494928
90027A,GLASS BEAD HOOP EARRINGS BLACK,4.0,11.8,1,5.3960716598316424e-05
90027D,GLASS BEAD HOOP EARRINGS AMETHYST,4.0,11.8,1,5.3960716598316424e-05
20666,ECONOMY HOLIDAY PURSE,4.0,11.8,4,0.0002158428663932657
35818B,"ACRYLIC JEWEL ICICLE, BLUE",31.0,11.780000000000001,3,0.00016188214979494928
16043,POP ART PUSH DOWN RUBBER ,98.0,11.759999999999998,2,0.00010792143319663285
20663,QUEEN OF THE SKIES HOLIDAY PURSE ,3.0,11.690000000000001,3,0.00016188214979494928
47369B,BLUE GREEN EMBROIDERY COSMETIC BAG,3.0,11.690000000000001,3,0.00016188214979494928
72798C,SET/4 GARDEN ROSE DINNER CANDLE,7.0,11.549999999999999,3,0.00016188214979494928
71050,SMALL SINGLE FLAME CANDLE HOLDER,33.0,11.549999999999999,6,0.00032376429958989856
17164B,ASS COL SMALL SAND GECKO P'WEIGHT,27.0,11.34,9,0.0004856464493848478
16207B,PINK HEART RED HANDBAG,4.0,11.310000000000002,3,0.00016188214979494928
84746,PINK EASTER HENS+FLOWER,3.0,11.25,1,5.3960716598316424e-05
90212B,JET BLACK LAS VEGAS BRACELET ROUND,3.0,11.25,1,5.3960716598316424e-05
21836,GINGHAM OVEN GLOVE RED HEART ,3.0,11.25,2,0.00010792143319663285
23299,"FOOD COVER WITH BEADS , SET 2 SIZES",3.0,11.25,1,5.3960716598316424e-05
16162L,THE KING GIFT BAG,17.0,11.05,6,0.00032376429958989856
90214P,"LETTER ""P"" BLING KEY RING",28.0,11.0,6,0.00032376429958989856
37488A,YELLOW PINK FLOWER DESIGN BIG BOWL,28.0,10.92,3,0.00016188214979494928
16162M,THE KING GIFT BAG 25x24x12cm,26.0,10.92,7,0.000377725016188215
79026B,"S/4 ICON COASTER,ELVIS LIVES",25.0,10.61,9,0.0004856464493848478
84016,FLAG OF ST GEORGE CAR FLAG,25.0,10.5,1,5.3960716598316424e-05
16161M,WRAP  PINK FLOCK,25.0,10.5,1,5.3960716598316424e-05
16169N,WRAP BLUE RUSSIAN FOLKART,25.0,10.5,1,5.3960716598316424e-05
35966,FOLKART CHRISTMAS TREE T-LIGHT HOLD,27.0,10.260000000000002,2,0.00010792143319663285
85109,PINK BOUDOIR T-LIGHT HOLDER,12.0,10.2,1,5.3960716598316424e-05
40005B,BLUE ORGANDY ROUND LAMPSHADE W BEA,12.0,10.2,4,0.0002158428663932657
37471,MULTICOLOUR POLKADOT PLATE,12.0,10.2,1,5.3960716598316424e-05
35958,FOLKART ZINC STAR CHRISTMAS DEC,12.0,10.2,3,0.00016188214979494928
44089C,LILAC GAUZE BUTTERFLY LAMPSHADE,24.0,10.08,6,0.00032376429958989856
90214N,"LETTER ""N"" BLING KEY RING",18.0,10.02,5,0.00026980358299158214
23086,ZINC STAR T-LIGHT HOLDER ,8.0,10.0,1,5.3960716598316424e-05
21226,POCKET MIRROR WOODLAND,8.0,10.0,4,0.0002158428663932657
35610A,PINK CHRISTMAS FLOCK DROPLET ,8.0,10.0,1,5.3960716598316424e-05
84689,S/2 BEACH HUT TREASURE CHESTS,3.0,9.95,2,0.00010792143319663285
90019B,GOLD M.O.P ORBIT BRACELET,2.0,9.9,2,0.00010792143319663285
90059A,DIAMANTE HAIR GRIP PACK/2 CRYSTAL,6.0,9.899999999999999,1,5.3960716598316424e-05
90059D,DIAMANTE HAIR GRIP PACK/2 PERIDOT,6.0,9.899999999999999,1,5.3960716598316424e-05
90205C,LARGE CRYSTAL DIAMANTE HAIRSLIDE,6.0,9.899999999999999,3,0.00016188214979494928
44242A,LILAC FEATHERS CURTAIN,12.0,9.48,1,5.3960716598316424e-05
23441,HAND PAINTED HANGING EASTER EGG,22.0,9.24,3,0.00016188214979494928
35809B,ENAMEL BLUE RIM TEA CONTAINER,8.0,9.18,3,0.00016188214979494928
90181A,AMBER GLASS/SHELL/PEARL NECKLACE,1.0,8.95,1,5.3960716598316424e-05
45013,FOLDING SHOE TIDY,3.0,8.850000000000001,2,0.00010792143319663285
84773,RED ROSE AND LACE C/COVER,3.0,8.850000000000001,1,5.3960716598316424e-05
20906,VINTAGE NOTEBOOK BEAUTY GIRL,3.0,8.850000000000001,2,0.00010792143319663285
16206B,RED PURSE WITH PINK HEART,7.0,8.75,2,0.00010792143319663285
84732B,CUTE BIRD CEATURE SCREEN,22.0,8.58,2,0.00010792143319663285
90001C,ANTIQUE OPAL WHITE FLOWER EARRINGS,2.0,8.5,2,0.00010792143319663285
90001A,ANTIQUE RASPBERRY FLOWER EARRINGS,2.0,8.5,1,5.3960716598316424e-05
44265,M/COLOUR POM-POM CURTAIN,2.0,8.5,1,5.3960716598316424e-05
90167,BEADED LOVE HEART JEWELLERY SET,10.0,8.5,1,5.3960716598316424e-05
90024D,NEW BAROQUE B'FLY NECKLACE PINK,1.0,8.5,1,5.3960716598316424e-05
90120D,WHITE MURANO TWIST BRACELET,2.0,8.5,2,0.00010792143319663285
71143,SILVER BOOK MARK WITH BEADS,10.0,8.5,1,5.3960716598316424e-05
90102,WHITE FRANGIPANI HAIR CLIP,10.0,8.5,1,5.3960716598316424e-05
84975,HEART SHAPED MIRROR,5.0,8.45,2,0.00010792143319663285
22135,LADLE LOVE HEART PINK,19.0,7.98,3,0.00016188214979494928
47503J,SET/3 FLORAL GARDEN TOOLS IN BAG,1.0,7.95,1,5.3960716598316424e-05
84924F,PSYCHEDELIC METAL SIGN CALENDAR,10.0,7.9,3,0.00016188214979494928
16244B,MAXWELL 2 TONE BLUE 60 PAGE PHOTO A,7.0,7.85,2,0.00010792143319663285
90042A,FRESHWATER PEARL BRACELET GOLD,3.0,7.6499999999999995,2,0.00010792143319663285
85189,HANGING BUTTERFLY  EGG,9.0,7.6499999999999995,3,0.00016188214979494928
79149B,SILICON STAR BULB  BLUE,18.0,7.56,8,0.0004316857327865314
16202E,BLACK PHOTO ALBUM ,15.0,7.5,3,0.00016188214979494928
37379A,PINK CHERRY BLOSSOM CUP & SAUCER,6.0,7.5,1,5.3960716598316424e-05
72815,3 WICK CHRISTMAS BRIAR CANDLE ,2.0,7.5,1,5.3960716598316424e-05
90025A,BAROQUE BUTTERFLY EARRINGS BLACK,2.0,7.5,2,0.00010792143319663285
21827,EIGHT PIECE CREEPY CRAWLIE SET,6.0,7.5,3,0.00016188214979494928
62097B,BLUE STRIPES SHOULDER BAG,9.0,7.469999999999999,3,0.00016188214979494928
71496B,A4 WALL TIDY RED FLOWERS,13.0,7.370000000000001,4,0.0002158428663932657
85144,JARDIN ETCHED GLASS BUTTER DISH,1.0,7.25,1,5.3960716598316424e-05
10124G,ARMY CAMO BOOKCOVER TAPE,17.0,7.140000000000001,4,0.0002158428663932657
90041,PEARL AND CHERRY QUARTZ BRACLET,2.0,7.0,1,5.3960716598316424e-05
84802B,PURPLE ANEMONE ARTIFICIAL FLOWER,4.0,6.76,1,5.3960716598316424e-05
90065B,BLACK VINT ART DEC CRYSTAL BRACELET,1.0,6.75,1,5.3960716598316424e-05
62074B,ELEPHANT CLIP W SUCTION CUP,16.0,6.720000000000001,4,0.0002158428663932657
10124A,SPOTS ON RED BOOKCOVER TAPE,16.0,6.72,5,0.00026980358299158214
20678,LARGE BLACK DIAMANTE HAIRSLIDE,4.0,6.6,1,5.3960716598316424e-05
37491B,BLUE/YELLOW CERAMIC CANDLE HOLDER,4.0,6.6,1,5.3960716598316424e-05
85224,ASSORTED COLOUR SILK GLASSES CASE,3.0,6.300000000000001,1,5.3960716598316424e-05
44089A,PINK GAUZE BUTTERFLY LAMPSHADE,15.0,6.300000000000001,4,0.0002158428663932657
90214R,"LETTER ""R"" BLING KEY RING",15.0,6.27,4,0.0002158428663932657
85225,BLING KEY RING STAND,6.0,6.25,3,0.00016188214979494928
35591T,TURQUOISE CHRISTMAS TREE ,5.0,6.25,4,0.0002158428663932657
21228,"POCKET MIRROR ""GLAMOROUS""",5.0,6.25,2,0.00010792143319663285
90214V,"LETTER ""V"" BLING KEY RING",14.0,5.9799999999999995,3,0.00016188214979494928
90179C,BLACK FINE BEAD NECKLACE W TASSEL,1.0,5.95,1,5.3960716598316424e-05
90152C,BLUE/NAT SHELL NECKLACE W PENDANT,1.0,5.95,1,5.3960716598316424e-05
90060B,FIRE POLISHED GLASS NECKL GOLD,1.0,5.95,1,5.3960716598316424e-05
90152B,BLUE/GREEN SHELL NECKLACE W PENDANT,1.0,5.95,1,5.3960716598316424e-05
84499,BLACK FLOWER CANDLE PLATE,7.0,5.949999999999999,2,0.00010792143319663285
35443,RASTA IN BATH W SPLIFF ASHTRAY,7.0,5.949999999999999,5,0.00026980358299158214
90014B,GOLD M.O.P. ORBIT NECKLACE,2.0,5.9,2,0.00010792143319663285
79161A,ST GEORGE SET OF 10 PARTY LIGHTS,2.0,5.9,2,0.00010792143319663285
35598C,WHITE CHRISTMAS TREE 60CM,2.0,5.9,2,0.00010792143319663285
84228,HEN HOUSE WITH CHICK STANDING,14.0,5.88,3,0.00016188214979494928
37462E,"PET MUG, GOLDFISH",27.0,5.59,4,0.0002158428663932657
47013C,WINE BOTTLE DRESSING DARK BLUE,43.0,5.5,7,0.000377725016188215
21839,MUMMY MOUSE RED GINGHAM RIBBON,1.0,5.45,1,5.3960716598316424e-05
35004P,SET OF 3 PINK FLYING DUCKS,1.0,5.45,1,5.3960716598316424e-05
81953P,ROUND ARTICULATED PINK CLOCK W/SUCK,28.0,5.32,3,0.00016188214979494928
20964,POLYESTER FILLER PAD 60x40cm,2.0,5.1,1,5.3960716598316424e-05
35916B,BLUE FELT HANGING HEART WITH FLOWER,6.0,5.1,1,5.3960716598316424e-05
37509,NEW ENGLAND MUG W GIFT BOX,2.0,5.1,2,0.00010792143319663285
16020C,CLEAR STATIONERY BOX SET ,6.0,5.1,2,0.00010792143319663285
90188,DROP EARRINGS W FLOWER & LEAF,2.0,5.1,2,0.00010792143319663285
90033,IVORY SHELL HEART EARRINGS,2.0,5.1,1,5.3960716598316424e-05
85017A,ENVELOPE 50 ROMANTIC IMAGES,6.0,5.1,2,0.00010792143319663285
90122B,JADE CRYSTAL+GLASS BRACELET,1.0,4.95,1,5.3960716598316424e-05
35650,VINTAGE BEAD PINK JEWEL STAND,1.0,4.95,1,5.3960716598316424e-05
85031B,BLOSSOM IMAGES SCRAP BOOK SET,1.0,4.95,1,5.3960716598316424e-05
90214B,"LETTER ""B"" BLING KEY RING",13.0,4.7299999999999995,2,0.00010792143319663285
84613C,BLUE NEW BAROQUE FLOCK CANDLESTICK,1.0,4.65,1,5.3960716598316424e-05
71215,METAL BASE FOR CANDLES,11.0,4.62,2,0.00010792143319663285
79151B,"SILICON CUBE 25W, BLUE",11.0,4.62,2,0.00010792143319663285
84251C,"GREETING CARD, TWO SISTERS.",24.0,4.5600000000000005,2,0.00010792143319663285
35607A,PINK FLUFFY CHRISTMAS DECORATION,24.0,4.5600000000000005,1,5.3960716598316424e-05
84206A,3 BLACK CATS W HEARTS BLANK CARD,24.0,4.5600000000000005,3,0.00016188214979494928
35817P,PINK ACRYLIC JEWEL SNOWFLAKE,12.0,4.5600000000000005,1,5.3960716598316424e-05
81950V,FLOWER PURPLE CLOCK WITH SUCKER,15.0,4.35,3,0.00016188214979494928
84732D,CUTE RABBIT CEATURE SCREEN ,11.0,4.29,2,0.00010792143319663285
22218,CAKE STAND LACE WHITE,1.0,4.25,1,5.3960716598316424e-05
21895,POTTING SHED SOW 'N' GROW SET,1.0,4.25,1,5.3960716598316424e-05
79157V,UBO-LIGHT TRIOBASE PURPLE,5.0,4.25,3,0.00016188214979494928
81950V,FLOWER PURPLE CLOCK W/SUCKER,5.0,4.25,3,0.00016188214979494928
22199,FRYING PAN RED POLKADOT ,1.0,4.25,1,5.3960716598316424e-05
20703,BLUE PADDED SOFT MOBILE,1.0,4.25,1,5.3960716598316424e-05
20861,GOLD COSMETIC BAG PINK STAR,2.0,4.2,2,0.00010792143319663285
47016,LIGHT DECORATION BATTERY OPERATED,2.0,4.2,1,5.3960716598316424e-05
23391, I LOVE LONDON MINI RUCKSACK,1.0,4.15,1,5.3960716598316424e-05
17174,ASSTD RASTA KEY-CHAINS,9.0,3.7800000000000002,3,0.00016188214979494928
44091A,BLUE CRUSOE CHECK LAMPSHADE,9.0,3.78,3,0.00016188214979494928
90214F,"LETTER ""F"" BLING KEY RING",13.0,3.7699999999999996,2,0.00010792143319663285
37464,ROBOT MUG IN DISPLAY BOX,3.0,3.75,2,0.00010792143319663285
90039C,FIRE POLISHED GLASS BRACELET BLACK,1.0,3.75,1,5.3960716598316424e-05
90025F,BAROQUE BUTTERFLY EARRINGS CRYSTAL,1.0,3.75,1,5.3960716598316424e-05
79192A,RETRO PLASTIC 70'S TRAY,3.0,3.75,2,0.00010792143319663285
35271S,GOLD PRINT PAPER BAG,19.0,3.6100000000000003,2,0.00010792143319663285
16010,FOLDING CAMPING SCISSOR W/KNIF & S,30.0,3.5999999999999996,3,0.00016188214979494928
16202A,PASTEL PINK PHOTO ALBUM ,7.0,3.5,2,0.00010792143319663285
90214O,"LETTER ""O"" BLING KEY RING",12.0,3.4799999999999995,1,5.3960716598316424e-05
90214U,"LETTER ""U"" BLING KEY RING",12.0,3.4799999999999995,1,5.3960716598316424e-05
90214W,"LETTER ""W"" BLING KEY RING",12.0,3.4799999999999995,1,5.3960716598316424e-05
90214Z,"LETTER ""Z"" BLING KEY RING",12.0,3.4799999999999995,1,5.3960716598316424e-05
90214T,"LETTER ""T"" BLING KEY RING",12.0,3.4799999999999995,1,5.3960716598316424e-05
79157B,UBO-LIGHT TRIOBASE BLUE,4.0,3.4,2,0.00010792143319663285
84802A,WHITE ANEMONE ARTIFICIAL FLOWER,2.0,3.38,1,5.3960716598316424e-05
37491D,PURPLE/BLUE CERAMIC CANDLE HOLDER,2.0,3.3,1,5.3960716598316424e-05
10123C,HEARTS WRAPPING TAPE ,5.0,3.25,3,0.00016188214979494928
47013A,WINE BOTTLE DRESSING LT.BLUE,14.0,3.04,4,0.0002158428663932657
23630,SET 10 CARDS HANGING BAUBLES 17080,1.0,2.99,1,5.3960716598316424e-05
90130A,WHITE STONE/CRYSTAL EARRINGS,1.0,2.95,1,5.3960716598316424e-05
90011A,MIDNIGHT BLUE CRYSTAL DROP EARRINGS,1.0,2.95,1,5.3960716598316424e-05
90183C,BLACK DROP EARRINGS W LONG BEADS,1.0,2.95,1,5.3960716598316424e-05
90014C,SILVER AND BLACK ORBIT NECKLACE,1.0,2.95,1,5.3960716598316424e-05
20667,CHERRY BLOSSOM PURSE,1.0,2.95,1,5.3960716598316424e-05
90165B,WHITE ROSEBUD  PEARL EARRINGS,1.0,2.55,1,5.3960716598316424e-05
90055,CRACKED GLAZE EARRINGS BROWN,1.0,2.55,1,5.3960716598316424e-05
90054,CRACKED GLAZE EARRINGS RED,1.0,2.55,1,5.3960716598316424e-05
90100,NECKLACE+BRACELET SET PINK DAISY,1.0,2.55,1,5.3960716598316424e-05
22134,LADLE LOVE HEART RED ,6.0,2.52,1,5.3960716598316424e-05
17028J,INCENSE BAZAAR PEACH,6.0,2.52,1,5.3960716598316424e-05
62096B,PURPLE/TURQ FLOWERS HANDBAG,2.0,2.5,1,5.3960716598316424e-05
90089,PINK CRYSTAL SKULL PHONE CHARM,13.0,2.47,2,0.00010792143319663285
84201B,HAPPY BIRTHDAY CARD STRIPEY TEDDY,13.0,2.47,2,0.00010792143319663285
37330,BIG POLKADOT MUG,6.0,2.34,1,5.3960716598316424e-05
46115B,GREEN POP ART MAO CUSHION COVER ,12.0,2.2800000000000002,2,0.00010792143319663285
77079,DOLPHIN WINDMILL,1.0,2.12,1,5.3960716598316424e-05
90125E,AMBER BERTIE GLASS BEAD BAG CHARM,1.0,2.1,1,5.3960716598316424e-05
85170A,SET/6 IVORY BIRD T-LIGHT CANDLES,1.0,2.1,1,5.3960716598316424e-05
21414,SCALLOP SHELL SOAP DISH,1.0,2.1,1,5.3960716598316424e-05
47579,TEA TIME BREAKFAST BASKET,1.0,2.1,1,5.3960716598316424e-05
81953B,ROUND BLUE CLOCK WITH SUCKER,11.0,2.09,3,0.00016188214979494928
84731,3 BIRDS CANVAS SCREEN,2.0,2.04,2,0.00010792143319663285
22323,PINK POLKADOT KIDS BAG,1.0,1.95,1,5.3960716598316424e-05
22146,EASTER CRAFT IVY WREATH WITH CHICK,1.0,1.95,1,5.3960716598316424e-05
84551,CROCHET DOG KEYRING,1.0,1.65,1,5.3960716598316424e-05
23664,FLOWER SHOP DESIGN MUG,1.0,1.65,1,5.3960716598316424e-05
84550,CROCHET LILAC/RED BEAR KEYRING,1.0,1.65,1,5.3960716598316424e-05
37351,ORANGE FLOWER MUG ,4.0,1.56,1,5.3960716598316424e-05
84206C,CHAMPAGNE TRAY BLANK CARD,8.0,1.52,2,0.00010792143319663285
22034,ROBIN CHRISTMAS CARD,3.0,1.26,1,5.3960716598316424e-05
90128B,BLUE LEAVES AND BEADS PHONE CHARM,1.0,1.25,1,5.3960716598316424e-05
37461,FUNKY MONKEY MUG,1.0,1.25,1,5.3960716598316424e-05
23370,SET 36 COLOURING PENCILS DOILEY,1.0,1.25,1,5.3960716598316424e-05
35597B,BLACKCHRISTMAS TREE 30CM,1.0,1.25,1,5.3960716598316424e-05
84569C,PACK 4 FLOWER/BUTTERFLY PATCHES,1.0,1.25,1,5.3960716598316424e-05
90071,RUBY GLASS CLUSTER EARRINGS,1.0,1.25,1,5.3960716598316424e-05
35597A,DUSTY PINK CHRISTMAS TREE 30CM,1.0,1.25,1,5.3960716598316424e-05
84743C,ORANGE FELT VASE + FLOWERS,1.0,1.25,1,5.3960716598316424e-05
84990,60 GOLD AND SILVER FAIRY CAKE CASES,2.0,1.1,2,0.00010792143319663285
84206B,CAT WITH SUNGLASSES BLANK CARD,5.0,0.95,1,5.3960716598316424e-05
84201C,HAPPY BIRTHDAY CARD TEDDY/CAKE,5.0,0.95,1,5.3960716598316424e-05
90084,PINK CRYSTAL GUITAR PHONE CHARM,1.0,0.85,1,5.3960716598316424e-05
90104,PURPLE FRANGIPANI HAIRCLIP,1.0,0.85,1,5.3960716598316424e-05
21268,VINTAGE BLUE TINSEL REEL,2.0,0.84,1,5.3960716598316424e-05
23366,SET 12 COLOURING PENCILS DOILEY,1.0,0.65,1,5.3960716598316424e-05
84227,HEN HOUSE W CHICK IN NEST,1.0,0.42,1,5.3960716598316424e-05
PADS,PADS TO MATCH ALL CUSHIONS,3.0,0.003,3,0.00016188214979494928
